path,kind,size_bytes,duration_seconds,codec_name,sample_rate_hz,channels,mime_type,raw_url,sha256
808/CB.WAV,audio,132346,1.500023,pcm_s16le,44100,1,audio/x-wav,https://raw.githubusercontent.com/ZBZFirst/file/master/samples/808/CB.WAV,1468cbd6c75a1f23b50a15968796c256c74893a35aa3824c6663db82c271f28d
808/CH.WAV,audio,22094,0.25,pcm_s16le,44100,1,audio/x-wav,https://raw.githubusercontent.com/ZBZFirst/file/master/samples/808/CH.WAV,c9f30ff2b4d73b03f41960e504e03c54e9a59697af666fe4d155bab9cd1ccae6
808/CL.WAV,audio,22094,0.25,pcm_s16le,44100,1,audio/x-wav,https://raw.githubusercontent.com/ZBZFirst/file/master/samples/808/CL.WAV,4f5b72674791ce133a2ad3bd40c9a0e628bad9062eb8f04de27f59dcc8ce5d46
808/CP.WAV,audio,176446,2.000023,pcm_s16le,44100,1,audio/x-wav,https://raw.githubusercontent.com/ZBZFirst/file/master/samples/808/CP.WAV,376429bb81cb48d1f392a11cd066c32ffb7883d445b2488704ea52e46bb08286
808/MA.WAV,audio,22094,0.25,pcm_s16le,44100,1,audio/x-wav,https://raw.githubusercontent.com/ZBZFirst/file/master/samples/808/MA.WAV,7b17cc2973fe55233c6ece7b341adb4d04a44b12527582102591c8981a586451
808/RS.WAV,audio,22096,0.250023,pcm_s16le,44100,1,audio/x-wav,https://raw.githubusercontent.com/ZBZFirst/file/master/samples/808/RS.WAV,20d5cd385c0f8c3a24bbfe78c2e2747776841ede6185bc0fe93f97f0b455b89c
808/TR808.TXT,text,8138,,,,,text/plain,https://raw.githubusercontent.com/ZBZFirst/file/master/samples/808/TR808.TXT,98d065d9ea521dd8385b6cbccc7f126d8176496459a104645543a9a58631683e
808bd/BD0000.WAV,audio,22096,0.250023,pcm_s16le,44100,1,audio/x-wav,https://raw.githubusercontent.com/ZBZFirst/file/master/samples/808bd/BD0000.WAV,7bdb70b44c216ffd4b4188d49a868532f462c180fab1f087b0e75b5a9f40fa07
808bd/BD0010.WAV,audio,264646,3.000023,pcm_s16le,44100,1,audio/x-wav,https://raw.githubusercontent.com/ZBZFirst/file/master/samples/808bd/BD0010.WAV,2929f825db405543f8f1e1ef09e368d83421f030e249cb6a17e5a5ff34a882d6
808bd/BD0025.WAV,audio,44146,0.500023,pcm_s16le,44100,1,audio/x-wav,https://raw.githubusercontent.com/ZBZFirst/file/master/samples/808bd/BD0025.WAV,77b2648133000406d5add8f5890051d2300c7a1b5015d9800ff954b7a77a8cea
808bd/BD0050.WAV,audio,132346,1.500023,pcm_s16le,44100,1,audio/x-wav,https://raw.githubusercontent.com/ZBZFirst/file/master/samples/808bd/BD0050.WAV,7f25e10c782f4a99c57ca346743a912e9104a414a3a22d06595329b3370d4362
808bd/BD0075.WAV,audio,176446,2.000023,pcm_s16le,44100,1,audio/x-wav,https://raw.githubusercontent.com/ZBZFirst/file/master/samples/808bd/BD0075.WAV,75ab3c2b179c47c718a740dbae97f792442b739ca28df9e2ab59aea6c26b0496
808bd/BD1000.WAV,audio,22096,0.250023,pcm_s16le,44100,1,audio/x-wav,https://raw.githubusercontent.com/ZBZFirst/file/master/samples/808bd/BD1000.WAV,c126eacc7ceaaf29fb9e7155a53a07ce0d2014c0795bc1ddcd28ea78ca02bac9
808bd/BD1010.WAV,audio,264646,3.000023,pcm_s16le,44100,1,audio/x-wav,https://raw.githubusercontent.com/ZBZFirst/file/master/samples/808bd/BD1010.WAV,e26156c1af24c999f2b817bfacbadd78b9c639a9b8439743bbea4378c54ff8e5
808bd/BD1025.WAV,audio,44146,0.500023,pcm_s16le,44100,1,audio/x-wav,https://raw.githubusercontent.com/ZBZFirst/file/master/samples/808bd/BD1025.WAV,7d8f85101121d895b28f734ff9e7f3da70f11eff33f306dc8fba61f934f43f20
808bd/BD1050.WAV,audio,132346,1.500023,pcm_s16le,44100,1,audio/x-wav,https://raw.githubusercontent.com/ZBZFirst/file/master/samples/808bd/BD1050.WAV,f7841c9c577cd864e70df47899cdce43d63de60c96b54ad9e06daa69c4e1f6ff
808bd/BD1075.WAV,audio,176446,2.000023,pcm_s16le,44100,1,audio/x-wav,https://raw.githubusercontent.com/ZBZFirst/file/master/samples/808bd/BD1075.WAV,5345873e3d3a1a8ba131f3404bb026d3b0d247abfb18d42aa03fde1ba3ae3960
808bd/BD2500.WAV,audio,22094,0.25,pcm_s16le,44100,1,audio/x-wav,https://raw.githubusercontent.com/ZBZFirst/file/master/samples/808bd/BD2500.WAV,27ce0d3966e9d50f684c6ec20f6e2edfc93dd47166a1f35574ff16607ca93c75
808bd/BD2510.WAV,audio,264646,3.000023,pcm_s16le,44100,1,audio/x-wav,https://raw.githubusercontent.com/ZBZFirst/file/master/samples/808bd/BD2510.WAV,7ef0803c4dc34bef9740be40bc42d7a0bb98a6951be9c3e97e4d1b184eed3e78
808bd/BD2525.WAV,audio,44146,0.500023,pcm_s16le,44100,1,audio/x-wav,https://raw.githubusercontent.com/ZBZFirst/file/master/samples/808bd/BD2525.WAV,9a6500e746256c6a7dcbc70f65cde17a6d3713cfc879619e93079e540f06c741
808bd/BD2550.WAV,audio,132346,1.500023,pcm_s16le,44100,1,audio/x-wav,https://raw.githubusercontent.com/ZBZFirst/file/master/samples/808bd/BD2550.WAV,7cbfb54d75ced8060a28e5989e03cbc79d60d350d161da2228d4d53872f7d562
808bd/BD2575.WAV,audio,176446,2.000023,pcm_s16le,44100,1,audio/x-wav,https://raw.githubusercontent.com/ZBZFirst/file/master/samples/808bd/BD2575.WAV,023f572ab99c32a2574d9dcbc2a73e398c95ac690ff87f8cd421684e22f8118a
808bd/BD5000.WAV,audio,22096,0.250023,pcm_s16le,44100,1,audio/x-wav,https://raw.githubusercontent.com/ZBZFirst/file/master/samples/808bd/BD5000.WAV,1797f9240b5eb02b0c5e97e65ea22c85545cd99903e2789f0f860ee7da369085
808bd/BD5010.WAV,audio,264646,3.000023,pcm_s16le,44100,1,audio/x-wav,https://raw.githubusercontent.com/ZBZFirst/file/master/samples/808bd/BD5010.WAV,42c7c5eebf440437479c9b351b9749b8cbcd08f3fb43b338c61cd28437b43a8d
808bd/BD5025.WAV,audio,44146,0.500023,pcm_s16le,44100,1,audio/x-wav,https://raw.githubusercontent.com/ZBZFirst/file/master/samples/808bd/BD5025.WAV,e03a495e6c436554bffbffea88f21232a425b32a958b7cb6b24d65a0cb396593
808bd/BD5050.WAV,audio,132346,1.500023,pcm_s16le,44100,1,audio/x-wav,https://raw.githubusercontent.com/ZBZFirst/file/master/samples/808bd/BD5050.WAV,2ca93cd7a3b19f6ec7fe26fefe51b89de69b7be7a87047ffc8ecd396064a8504
808bd/BD5075.WAV,audio,176446,2.000023,pcm_s16le,44100,1,audio/x-wav,https://raw.githubusercontent.com/ZBZFirst/file/master/samples/808bd/BD5075.WAV,9ed0c14f09d091b78aa962bb0184813c02e6657857c86ff33c14b2f9daab6558
808bd/BD7500.WAV,audio,22096,0.250023,pcm_s16le,44100,1,audio/x-wav,https://raw.githubusercontent.com/ZBZFirst/file/master/samples/808bd/BD7500.WAV,d91601a7dee7a81a55a191024e0f6f756e69c4e09e33e820018a620ef27dfd2d
808bd/BD7510.WAV,audio,264646,3.000023,pcm_s16le,44100,1,audio/x-wav,https://raw.githubusercontent.com/ZBZFirst/file/master/samples/808bd/BD7510.WAV,2ed856c1e4c7fcb9727fe436cadc5c52258eca4735013dd42813b28107e5cf48
808bd/BD7525.WAV,audio,44146,0.500023,pcm_s16le,44100,1,audio/x-wav,https://raw.githubusercontent.com/ZBZFirst/file/master/samples/808bd/BD7525.WAV,6140eb4cf04236349524ab7911d81d0e2199843a1c2b3fb6eab2e63706b24605
808bd/BD7550.WAV,audio,132346,1.500023,pcm_s16le,44100,1,audio/x-wav,https://raw.githubusercontent.com/ZBZFirst/file/master/samples/808bd/BD7550.WAV,44dc338b85c2605c6b75465d1d208f4cf58e440a25118fcac64033590a59ca0a
808bd/BD7575.WAV,audio,176446,2.000023,pcm_s16le,44100,1,audio/x-wav,https://raw.githubusercontent.com/ZBZFirst/file/master/samples/808bd/BD7575.WAV,f682067cb3e717374d27e2c8cdabaa3ea16eb8afe36776f163b46ebed64de5c9
808cy/CY0000.WAV,audio,132346,1.500023,pcm_s16le,44100,1,audio/x-wav,https://raw.githubusercontent.com/ZBZFirst/file/master/samples/808cy/CY0000.WAV,02f21af068c08f2024fe279fa935329801dee05954c11f07ece1a83bb9c32d6b
808cy/CY0010.WAV,audio,352846,4.000023,pcm_s16le,44100,1,audio/x-wav,https://raw.githubusercontent.com/ZBZFirst/file/master/samples/808cy/CY0010.WAV,5e90c2d127809e66a9d6ccbb41629df877ff7feb105e3f7d6356cc4a83e9a882
808cy/CY0025.WAV,audio,176446,2.000023,pcm_s16le,44100,1,audio/x-wav,https://raw.githubusercontent.com/ZBZFirst/file/master/samples/808cy/CY0025.WAV,bdb65b35461ef62f229c1461539c548470a3faf65bd592e5c2a5050c27d4b399
808cy/CY0050.WAV,audio,220546,2.500023,pcm_s16le,44100,1,audio/x-wav,https://raw.githubusercontent.com/ZBZFirst/file/master/samples/808cy/CY0050.WAV,f356c7741b0c8afa158d94d2492473a45d05597e11629fe8e5d463ec2df30fdb
808cy/CY0075.WAV,audio,308746,3.500023,pcm_s16le,44100,1,audio/x-wav,https://raw.githubusercontent.com/ZBZFirst/file/master/samples/808cy/CY0075.WAV,e8ea77861310eeed2d4619467506d4ef949b98f26790ae76a1aba17a1537b211
808cy/CY1000.WAV,audio,132346,1.500023,pcm_s16le,44100,1,audio/x-wav,https://raw.githubusercontent.com/ZBZFirst/file/master/samples/808cy/CY1000.WAV,3f8a1f546869d6a3cefca44c9296c0971163e54e80380fa39501fc44f1079ed7
808cy/CY1010.WAV,audio,352846,4.000023,pcm_s16le,44100,1,audio/x-wav,https://raw.githubusercontent.com/ZBZFirst/file/master/samples/808cy/CY1010.WAV,0d49c0a19edda77869d0ad1b3a4a6c583bf37e1260ca2974f5b6ec06029ae7aa
808cy/CY1025.WAV,audio,176446,2.000023,pcm_s16le,44100,1,audio/x-wav,https://raw.githubusercontent.com/ZBZFirst/file/master/samples/808cy/CY1025.WAV,f774fde1ff134add25ba429cbd33b7b9e235b089ff00d2846fc5871d954988d5
808cy/CY1050.WAV,audio,220546,2.500023,pcm_s16le,44100,1,audio/x-wav,https://raw.githubusercontent.com/ZBZFirst/file/master/samples/808cy/CY1050.WAV,60f377d4f8d3ce61c3e8edb6ac5bc8a060073002dc3585009c955118a9d041fb
808cy/CY1075.WAV,audio,308746,3.500023,pcm_s16le,44100,1,audio/x-wav,https://raw.githubusercontent.com/ZBZFirst/file/master/samples/808cy/CY1075.WAV,704cdfc63dbbfc43884ac47b2361b79aea183af872f90d3498eb22646c8d097b
808cy/CY2500.WAV,audio,132346,1.500023,pcm_s16le,44100,1,audio/x-wav,https://raw.githubusercontent.com/ZBZFirst/file/master/samples/808cy/CY2500.WAV,479adfc574c065d6c3f6a38e48047ff4885331e782b1bde894bcfc6327b8129b
808cy/CY2510.WAV,audio,352846,4.000023,pcm_s16le,44100,1,audio/x-wav,https://raw.githubusercontent.com/ZBZFirst/file/master/samples/808cy/CY2510.WAV,4c314dac351797b5b13a2224b42133d10e477dac55bdbb6ffa2097d2b01eb5e1
808cy/CY2525.WAV,audio,176446,2.000023,pcm_s16le,44100,1,audio/x-wav,https://raw.githubusercontent.com/ZBZFirst/file/master/samples/808cy/CY2525.WAV,85079d61861dc1e5bc1ee8dd30cbd1656b776da2670dcfd8028ae9b5408fffd1
808cy/CY2550.WAV,audio,220546,2.500023,pcm_s16le,44100,1,audio/x-wav,https://raw.githubusercontent.com/ZBZFirst/file/master/samples/808cy/CY2550.WAV,8006625720c2ec1246bd25c345e2e43f9be59396b07af909f6729e971133b941
808cy/CY2575.WAV,audio,308746,3.500023,pcm_s16le,44100,1,audio/x-wav,https://raw.githubusercontent.com/ZBZFirst/file/master/samples/808cy/CY2575.WAV,dddc33ee7a8d030a123cbcdb4b67f57a11b936ee5f5512ab1ecb2a83b3e4e6f9
808cy/CY5000.WAV,audio,132346,1.500023,pcm_s16le,44100,1,audio/x-wav,https://raw.githubusercontent.com/ZBZFirst/file/master/samples/808cy/CY5000.WAV,c9c98fb276990086f76d029ad9aebeb1b6911fd11855b04bef9dc35dbd612ea1
808cy/CY5010.WAV,audio,352846,4.000023,pcm_s16le,44100,1,audio/x-wav,https://raw.githubusercontent.com/ZBZFirst/file/master/samples/808cy/CY5010.WAV,18d5302e8545e9f7208f4181eb35fc77e37496a3ee85f02e5dd6dc7a5e07b1b7
808cy/CY5025.WAV,audio,176446,2.000023,pcm_s16le,44100,1,audio/x-wav,https://raw.githubusercontent.com/ZBZFirst/file/master/samples/808cy/CY5025.WAV,6bec4a9d12d10c93a568bfc9167610f5ffb28aded87413c9c41649ed4af17a1f
808cy/CY5050.WAV,audio,220546,2.500023,pcm_s16le,44100,1,audio/x-wav,https://raw.githubusercontent.com/ZBZFirst/file/master/samples/808cy/CY5050.WAV,3aad28641774c1e7a5502f40ec76d1b219192631547e308ce74c6d4a1c5e70a0
808cy/CY5075.WAV,audio,308746,3.500023,pcm_s16le,44100,1,audio/x-wav,https://raw.githubusercontent.com/ZBZFirst/file/master/samples/808cy/CY5075.WAV,d1806c3878815fcc3816dcef4ab870c67eb67bf27f2dd140f5c25178749525be
808cy/CY7500.WAV,audio,132346,1.500023,pcm_s16le,44100,1,audio/x-wav,https://raw.githubusercontent.com/ZBZFirst/file/master/samples/808cy/CY7500.WAV,98f66cdd15e5118d58046882767a901fede01e1ba8923a55f434e965af7979a5
808cy/CY7510.WAV,audio,352846,4.000023,pcm_s16le,44100,1,audio/x-wav,https://raw.githubusercontent.com/ZBZFirst/file/master/samples/808cy/CY7510.WAV,45f735f28f884fdcc3a0479fb58cc618c377295efe48117907811342f9be2424
808cy/CY7525.WAV,audio,176446,2.000023,pcm_s16le,44100,1,audio/x-wav,https://raw.githubusercontent.com/ZBZFirst/file/master/samples/808cy/CY7525.WAV,e5a77668f46b1a7c160445f432bb568dc39f98d4c2c1b2f2ace10063e8c6f102
808cy/CY7550.WAV,audio,220546,2.500023,pcm_s16le,44100,1,audio/x-wav,https://raw.githubusercontent.com/ZBZFirst/file/master/samples/808cy/CY7550.WAV,ce99385f835cf38f1be8c73e71c9ee57d2451e3901e0ffffaa0a48b5cb23d33c
808cy/CY7575.WAV,audio,308746,3.500023,pcm_s16le,44100,1,audio/x-wav,https://raw.githubusercontent.com/ZBZFirst/file/master/samples/808cy/CY7575.WAV,bf173c5c43968f29441a5a16c75dd448cd9420326c05e1c736e2d744f110e8d9
808hc/HC00.WAV,audio,44146,0.500023,pcm_s16le,44100,1,audio/x-wav,https://raw.githubusercontent.com/ZBZFirst/file/master/samples/808hc/HC00.WAV,e1c3328d5943e08bbb1204283966e49764329809c5f93e759140db9cade12547
808hc/HC10.WAV,audio,44146,0.500023,pcm_s16le,44100,1,audio/x-wav,https://raw.githubusercontent.com/ZBZFirst/file/master/samples/808hc/HC10.WAV,21a3b7dfb1d87e8a5f83c645b85adf7e6aca53654b08f460f226c2cff0ce3b67
808hc/HC25.WAV,audio,44146,0.500023,pcm_s16le,44100,1,audio/x-wav,https://raw.githubusercontent.com/ZBZFirst/file/master/samples/808hc/HC25.WAV,3476e81b5a43031d7dccdf3d15706c0ca4cb0acfc384b8686791f55c253fe6e1
808hc/HC50.WAV,audio,44146,0.500023,pcm_s16le,44100,1,audio/x-wav,https://raw.githubusercontent.com/ZBZFirst/file/master/samples/808hc/HC50.WAV,ee4354b1fb79126e455a5343161f5c1e78165874df8a74dece78cbb5b6964af9
808hc/HC75.WAV,audio,44146,0.500023,pcm_s16le,44100,1,audio/x-wav,https://raw.githubusercontent.com/ZBZFirst/file/master/samples/808hc/HC75.WAV,660f956127198dc5db1673d029de39615d7b4028f40a729f46dd95245d8cf46d
808ht/HT00.WAV,audio,88246,1.000023,pcm_s16le,44100,1,audio/x-wav,https://raw.githubusercontent.com/ZBZFirst/file/master/samples/808ht/HT00.WAV,96d0de026d7421e05d35b07905ff85072985db1d6fc1eea286c00aaa1836ff97
808ht/HT10.WAV,audio,88246,1.000023,pcm_s16le,44100,1,audio/x-wav,https://raw.githubusercontent.com/ZBZFirst/file/master/samples/808ht/HT10.WAV,aef7d50fc43965c35ef2fde924b19f3fa4be08a9132d0095514d0fae4b5c9202
808ht/HT25.WAV,audio,88246,1.000023,pcm_s16le,44100,1,audio/x-wav,https://raw.githubusercontent.com/ZBZFirst/file/master/samples/808ht/HT25.WAV,5ed0365551d140dacd1a2b3c9959657f176a4c221d897700ec42de625c86cc1e
808ht/HT50.WAV,audio,88246,1.000023,pcm_s16le,44100,1,audio/x-wav,https://raw.githubusercontent.com/ZBZFirst/file/master/samples/808ht/HT50.WAV,7e0b9eddd95379298aacbf1520929f586191788d9e0841ad752d84bdde910d88
808ht/HT75.WAV,audio,88246,1.000023,pcm_s16le,44100,1,audio/x-wav,https://raw.githubusercontent.com/ZBZFirst/file/master/samples/808ht/HT75.WAV,c312ac79a02ced1283fea01504ee2d5b57c2439935d33a2ae6ddfdcb2715fd62
808lc/LC00.WAV,audio,44146,0.500023,pcm_s16le,44100,1,audio/x-wav,https://raw.githubusercontent.com/ZBZFirst/file/master/samples/808lc/LC00.WAV,a00777a5d2831b16bed9698e697d786f38855ecdb2288c5cc80b682b03d8137d
808lc/LC10.WAV,audio,44146,0.500023,pcm_s16le,44100,1,audio/x-wav,https://raw.githubusercontent.com/ZBZFirst/file/master/samples/808lc/LC10.WAV,8c8e0224afb3f2fd2a8f2e144994a4c07b6556a7c7b457d23df2e33645e8ae4f
808lc/LC25.WAV,audio,44146,0.500023,pcm_s16le,44100,1,audio/x-wav,https://raw.githubusercontent.com/ZBZFirst/file/master/samples/808lc/LC25.WAV,fd6593c88a75de8aee97b547f2c4af1d5e048fa8024de0a2e2c1fe89b4963b09
808lc/LC50.WAV,audio,44146,0.500023,pcm_s16le,44100,1,audio/x-wav,https://raw.githubusercontent.com/ZBZFirst/file/master/samples/808lc/LC50.WAV,6591f57bbbdb891819a0ce6ce5b3bfd12d24da9f7f413243ef37b2593d1a7393
808lc/LC75.WAV,audio,44146,0.500023,pcm_s16le,44100,1,audio/x-wav,https://raw.githubusercontent.com/ZBZFirst/file/master/samples/808lc/LC75.WAV,442942b82e73a71976471b2f7de2654c6001662c6f272340e05048992f3229f4
808lt/LT00.WAV,audio,88246,1.000023,pcm_s16le,44100,1,audio/x-wav,https://raw.githubusercontent.com/ZBZFirst/file/master/samples/808lt/LT00.WAV,a324073813003398a3ed92c3e569ac80f6ff50d82253f95b2b87a3f268f6951b
808lt/LT10.WAV,audio,88246,1.000023,pcm_s16le,44100,1,audio/x-wav,https://raw.githubusercontent.com/ZBZFirst/file/master/samples/808lt/LT10.WAV,b5f6c19876ce23539cd9b943f5d96c9284b0f95d6317e15e3f12b59f97f048df
808lt/LT25.WAV,audio,88246,1.000023,pcm_s16le,44100,1,audio/x-wav,https://raw.githubusercontent.com/ZBZFirst/file/master/samples/808lt/LT25.WAV,fdd8fbb073407dce560847b2407f16f307463ddc423f0000ee098d75647eee60
808lt/LT50.WAV,audio,88246,1.000023,pcm_s16le,44100,1,audio/x-wav,https://raw.githubusercontent.com/ZBZFirst/file/master/samples/808lt/LT50.WAV,d3720682985a9621c4a67749dfd5336fa4f25564ef7ea2e633ac8ff5fdd64eda
808lt/LT75.WAV,audio,88246,1.000023,pcm_s16le,44100,1,audio/x-wav,https://raw.githubusercontent.com/ZBZFirst/file/master/samples/808lt/LT75.WAV,17386b1ed8d6eb2820fa217bfd86109c0d5178eda256557bcc0e849a903476b9
808mc/MC00.WAV,audio,44146,0.500023,pcm_s16le,44100,1,audio/x-wav,https://raw.githubusercontent.com/ZBZFirst/file/master/samples/808mc/MC00.WAV,3c4857ddc26e4d5de508bf19070398d05efcf64ea01d562c9022f91868d4af19
808mc/MC10.WAV,audio,44146,0.500023,pcm_s16le,44100,1,audio/x-wav,https://raw.githubusercontent.com/ZBZFirst/file/master/samples/808mc/MC10.WAV,e0b10cfaac26f35753000b81251663655328adad680be13676c6425840ae2334
808mc/MC25.WAV,audio,44146,0.500023,pcm_s16le,44100,1,audio/x-wav,https://raw.githubusercontent.com/ZBZFirst/file/master/samples/808mc/MC25.WAV,a3ca42608916815e1d995901b20471b0d025b4f6350e479c28eefcc895a1d992
808mc/MC50.WAV,audio,44146,0.500023,pcm_s16le,44100,1,audio/x-wav,https://raw.githubusercontent.com/ZBZFirst/file/master/samples/808mc/MC50.WAV,8175efe26c67f5af926bdf376b1bde75f495451140a2ebc132e74644b31cae1b
808mc/MC75.WAV,audio,44146,0.500023,pcm_s16le,44100,1,audio/x-wav,https://raw.githubusercontent.com/ZBZFirst/file/master/samples/808mc/MC75.WAV,347afdc65ba866949b2b01fc228bd2d05768cb364a535050b25ab7ed60c39866
808mt/MT00.WAV,audio,88246,1.000023,pcm_s16le,44100,1,audio/x-wav,https://raw.githubusercontent.com/ZBZFirst/file/master/samples/808mt/MT00.WAV,b649329207aec14fb7880d88a824526fc706ad1e8293b2fd9de5115be01530c0
808mt/MT10.WAV,audio,88246,1.000023,pcm_s16le,44100,1,audio/x-wav,https://raw.githubusercontent.com/ZBZFirst/file/master/samples/808mt/MT10.WAV,50b81a0a9ab88871fd1a4eb98e642b9df12deae7beb826938c86c6b847636646
808mt/MT25.WAV,audio,88246,1.000023,pcm_s16le,44100,1,audio/x-wav,https://raw.githubusercontent.com/ZBZFirst/file/master/samples/808mt/MT25.WAV,9a0a847a29f4b0d4a7cf731385c98600b1620abe9bb6faef73163e513d2fbcf8
808mt/MT50.WAV,audio,88246,1.000023,pcm_s16le,44100,1,audio/x-wav,https://raw.githubusercontent.com/ZBZFirst/file/master/samples/808mt/MT50.WAV,81bbc63110a21c5d1ff28572734f2969f96db9a2ca7e304e52b4f808de905927
808mt/MT75.WAV,audio,88246,1.000023,pcm_s16le,44100,1,audio/x-wav,https://raw.githubusercontent.com/ZBZFirst/file/master/samples/808mt/MT75.WAV,7c070b28f1cd916a896420a8a8374c805b0b8a1ff5ca480f1556a1d7bc2387d8
808oh/OH00.WAV,audio,22096,0.250023,pcm_s16le,44100,1,audio/x-wav,https://raw.githubusercontent.com/ZBZFirst/file/master/samples/808oh/OH00.WAV,d8ca0f2176aae52143c9f239237a680aab997e566196466a3db64199c8fbe9c2
808oh/OH10.WAV,audio,66196,0.750023,pcm_s16le,44100,1,audio/x-wav,https://raw.githubusercontent.com/ZBZFirst/file/master/samples/808oh/OH10.WAV,1cfdc86ad44525bbef78b2db0bf860dc5abc8fe53636af7920267410666ff782
808oh/OH25.WAV,audio,22096,0.250023,pcm_s16le,44100,1,audio/x-wav,https://raw.githubusercontent.com/ZBZFirst/file/master/samples/808oh/OH25.WAV,2674962ca376c0d08ce802423eb696be86b516450fe23707ac69f3878b35f12b
808oh/OH50.WAV,audio,44146,0.500023,pcm_s16le,44100,1,audio/x-wav,https://raw.githubusercontent.com/ZBZFirst/file/master/samples/808oh/OH50.WAV,84ae3220fab2396380fb6ba6032bcec7c55a6d3f621d30a13c11fdeaa099aff7
808oh/OH75.WAV,audio,66196,0.750023,pcm_s16le,44100,1,audio/x-wav,https://raw.githubusercontent.com/ZBZFirst/file/master/samples/808oh/OH75.WAV,cde0aec2ca84358067859f52bac7d55b875f30d2baea700923e25e21307803e9
808sd/SD0000.WAV,audio,22094,0.25,pcm_s16le,44100,1,audio/x-wav,https://raw.githubusercontent.com/ZBZFirst/file/master/samples/808sd/SD0000.WAV,06a671f38ccfa6825fb80597e3423c96d873ec8ee8dc96232f8f53d83fd4650f
808sd/SD0010.WAV,audio,44146,0.500023,pcm_s16le,44100,1,audio/x-wav,https://raw.githubusercontent.com/ZBZFirst/file/master/samples/808sd/SD0010.WAV,117e5a78df3ffa0735f18b5889793f95080dfeffe574b742607a02de6183d497
808sd/SD0025.WAV,audio,22096,0.250023,pcm_s16le,44100,1,audio/x-wav,https://raw.githubusercontent.com/ZBZFirst/file/master/samples/808sd/SD0025.WAV,321007ec8ff915bad2a01ab69a095e1366a13f703f37a7d87c45ee15184d44f6
808sd/SD0050.WAV,audio,44146,0.500023,pcm_s16le,44100,1,audio/x-wav,https://raw.githubusercontent.com/ZBZFirst/file/master/samples/808sd/SD0050.WAV,667eca1430ac5f692544613ad72bfc82e9f4ba3be461d96c16cc437156d0943e
808sd/SD0075.WAV,audio,44146,0.500023,pcm_s16le,44100,1,audio/x-wav,https://raw.githubusercontent.com/ZBZFirst/file/master/samples/808sd/SD0075.WAV,56f7629948822e8988310d64f9a8c9e4935f7a4064e5ed243598048e504493a0
808sd/SD1000.WAV,audio,22094,0.25,pcm_s16le,44100,1,audio/x-wav,https://raw.githubusercontent.com/ZBZFirst/file/master/samples/808sd/SD1000.WAV,526e490de4b496334f281f7031d2d755ec60764fe3050f49f9579ffa3517f60c
808sd/SD1010.WAV,audio,44146,0.500023,pcm_s16le,44100,1,audio/x-wav,https://raw.githubusercontent.com/ZBZFirst/file/master/samples/808sd/SD1010.WAV,8ffd64829a047bc0e45dbf5ce0250adae38cefd9c9e6a577a5bd28090e5f4dc9
808sd/SD1025.WAV,audio,22094,0.25,pcm_s16le,44100,1,audio/x-wav,https://raw.githubusercontent.com/ZBZFirst/file/master/samples/808sd/SD1025.WAV,4cc35c4667a5cf64dad7b6f09dd32fb723366fecb1b4fc8940746a64727dccae
808sd/SD1050.WAV,audio,44146,0.500023,pcm_s16le,44100,1,audio/x-wav,https://raw.githubusercontent.com/ZBZFirst/file/master/samples/808sd/SD1050.WAV,47695becc3ae0125ddecabdbf709ab6e998f02c12d96c15404229d3b29e12be5
808sd/SD1075.WAV,audio,44146,0.500023,pcm_s16le,44100,1,audio/x-wav,https://raw.githubusercontent.com/ZBZFirst/file/master/samples/808sd/SD1075.WAV,5b77f05ff487299ba9693f88e073975a7f33691221bd0978afe318032cb4b6ff
808sd/SD2500.WAV,audio,22096,0.250023,pcm_s16le,44100,1,audio/x-wav,https://raw.githubusercontent.com/ZBZFirst/file/master/samples/808sd/SD2500.WAV,2802b1c31504c4aaf590775799850ea3efcee9051f791acf4dc058b04aee9068
808sd/SD2510.WAV,audio,44146,0.500023,pcm_s16le,44100,1,audio/x-wav,https://raw.githubusercontent.com/ZBZFirst/file/master/samples/808sd/SD2510.WAV,ac7999a8abeafc18927d3174a489e4b6c71de8e913ddf54a28c77d38f0a258d1
808sd/SD2525.WAV,audio,22096,0.250023,pcm_s16le,44100,1,audio/x-wav,https://raw.githubusercontent.com/ZBZFirst/file/master/samples/808sd/SD2525.WAV,a843fbb74d9cc90399a518c5ecbff0b515c3a8267c49b539d940ce669d827303
808sd/SD2550.WAV,audio,44146,0.500023,pcm_s16le,44100,1,audio/x-wav,https://raw.githubusercontent.com/ZBZFirst/file/master/samples/808sd/SD2550.WAV,31692bc1795641de8410fd5aee0eb98c7876100631be4f351a3b87e700acad60
808sd/SD2575.WAV,audio,44146,0.500023,pcm_s16le,44100,1,audio/x-wav,https://raw.githubusercontent.com/ZBZFirst/file/master/samples/808sd/SD2575.WAV,7f591eaeffa2e65e01b5e22240323e8cfcce3bce3c82ac83d0b655c4b6dbe976
808sd/SD5000.WAV,audio,22096,0.250023,pcm_s16le,44100,1,audio/x-wav,https://raw.githubusercontent.com/ZBZFirst/file/master/samples/808sd/SD5000.WAV,8a6c2425b6d65f4a0790d46a356b9b291e92b84ff810853fda549c1cbbb0d375
808sd/SD5010.WAV,audio,44146,0.500023,pcm_s16le,44100,1,audio/x-wav,https://raw.githubusercontent.com/ZBZFirst/file/master/samples/808sd/SD5010.WAV,6832682eeb286223b76bf7ce4daa2c1a2df9e13b722f11c81c44c3a30c607ffc
808sd/SD5025.WAV,audio,22096,0.250023,pcm_s16le,44100,1,audio/x-wav,https://raw.githubusercontent.com/ZBZFirst/file/master/samples/808sd/SD5025.WAV,89333ed5ee2df7719fe2d3c16f94aeea28228ed9a998431af537a928a564157b
808sd/SD5050.WAV,audio,44146,0.500023,pcm_s16le,44100,1,audio/x-wav,https://raw.githubusercontent.com/ZBZFirst/file/master/samples/808sd/SD5050.WAV,6dcbf8acd5cee6d6b7955d26c6b57d8ca413f1ae1c7caafaaec780d83f08d712
808sd/SD5075.WAV,audio,44146,0.500023,pcm_s16le,44100,1,audio/x-wav,https://raw.githubusercontent.com/ZBZFirst/file/master/samples/808sd/SD5075.WAV,90573488de690a12adecf18c9967950c4bb0da11aa9b14becffeeea723dab251
808sd/SD7500.WAV,audio,22096,0.250023,pcm_s16le,44100,1,audio/x-wav,https://raw.githubusercontent.com/ZBZFirst/file/master/samples/808sd/SD7500.WAV,d84f53193b298ca4af50fa54add07001ac49542e4ba49c9cf9c0285b980b664b
808sd/SD7510.WAV,audio,44146,0.500023,pcm_s16le,44100,1,audio/x-wav,https://raw.githubusercontent.com/ZBZFirst/file/master/samples/808sd/SD7510.WAV,121f77d52f389ae9b0b72d73a2c74e375f3a709461785b6b0eda2d2d6f8f0fee
808sd/SD7525.WAV,audio,22094,0.25,pcm_s16le,44100,1,audio/x-wav,https://raw.githubusercontent.com/ZBZFirst/file/master/samples/808sd/SD7525.WAV,dc5c0d5c84cd5e09890c19f8263d2ec3729e59abc27d1def574ef41928de935b
808sd/SD7550.WAV,audio,44146,0.500023,pcm_s16le,44100,1,audio/x-wav,https://raw.githubusercontent.com/ZBZFirst/file/master/samples/808sd/SD7550.WAV,df1bbf736f5c0099d0f6d78305a5930353ff5e77a012fedafb7da6c99e68168f
808sd/SD7575.WAV,audio,44146,0.500023,pcm_s16le,44100,1,audio/x-wav,https://raw.githubusercontent.com/ZBZFirst/file/master/samples/808sd/SD7575.WAV,d7fa75dff476baaef99de0b251d86c39aa0e0f36a06043db9a97417350fe4439
909/BT0A0A7.WAV,audio,25152,0.284671,pcm_s16le,44100,1,audio/x-wav,https://raw.githubusercontent.com/ZBZFirst/file/master/samples/909/BT0A0A7.WAV,a443fab32336cc4c5f299b12e52ab4ee74fbe0311ad2c54a55f24e8405fb271d
Dirt-Samples.quark,text,74,,,,,,https://raw.githubusercontent.com/ZBZFirst/file/master/samples/Dirt-Samples.quark,17f9ffae984187b0c0395c29a09eee07b43ce467400442a8767b1e3df75a7ee7
README.md,text,606,,,,,text/markdown,https://raw.githubusercontent.com/ZBZFirst/file/master/samples/README.md,e7af3c18a97bc312dd9473f331be24b611d1d6e3f6bb571923aec2a7b9ac640f
ab/000_ab2closedhh.wav,audio,23968,0.135147,pcm_s16le,44100,2,audio/x-wav,https://raw.githubusercontent.com/ZBZFirst/file/master/samples/ab/000_ab2closedhh.wav,5c5f8ce28d978c9acb1ec174f2bb3daff27cf637c43a9a5921123c7566ca2216
ab/001_ab2crash.wav,audio,741216,4.201179,pcm_s16le,44100,2,audio/x-wav,https://raw.githubusercontent.com/ZBZFirst/file/master/samples/ab/001_ab2crash.wav,2a3237edf8d3a64cfb91aa14777bc25c249e38f04969e1962ca21765c3c9cbb2
ab/002_ab2hit1.wav,audio,532412,3.017483,pcm_s16le,44100,2,audio/x-wav,https://raw.githubusercontent.com/ZBZFirst/file/master/samples/ab/002_ab2hit1.wav,43ddfab8e6e236c68302c7b2bab1cf126b1c35588c5d698ba7d3a88fb696459d
ab/003_ab2hit2.wav,audio,1842232,10.442766,pcm_s16le,44100,2,audio/x-wav,https://raw.githubusercontent.com/ZBZFirst/file/master/samples/ab/003_ab2hit2.wav,7ddb3f3bb87a52220b2d412e715b6d9fac1e96379161115cd01d10dd979ed453
ab/004_ab2kick1.wav,audio,78400,0.443719,pcm_s16le,44100,2,audio/x-wav,https://raw.githubusercontent.com/ZBZFirst/file/master/samples/ab/004_ab2kick1.wav,e087914fc39a046472b3031285fd3c87c5d83b22aa8757ef1337ea75685c5bc9
ab/005_ab2kick2.wav,audio,765456,4.338594,pcm_s16le,44100,2,audio/x-wav,https://raw.githubusercontent.com/ZBZFirst/file/master/samples/ab/005_ab2kick2.wav,3f85b5b8ee9be7b23b066a72ff86c4f559ccf95dfaf0a2c7d4adf972cef067a3
ab/006_ab2openhh.wav,audio,662656,3.755828,pcm_s16le,44100,2,audio/x-wav,https://raw.githubusercontent.com/ZBZFirst/file/master/samples/ab/006_ab2openhh.wav,b199c6be8917942d7eb6a8d4442841f7281b768b9edadac223a525da1bbc57de
ab/007_ab2perc1.wav,audio,75904,0.429569,pcm_s16le,44100,2,audio/x-wav,https://raw.githubusercontent.com/ZBZFirst/file/master/samples/ab/007_ab2perc1.wav,ac399d8834efe1dada68cd4381629d70dea95fa5289bdffee401ba2db262cd9e
ab/008_ab2perc2.wav,audio,53888,0.304762,pcm_s16le,44100,2,audio/x-wav,https://raw.githubusercontent.com/ZBZFirst/file/master/samples/ab/008_ab2perc2.wav,66ad702b3e198562259ceec7a9cdddbec02dfdbc4ec28683b2b8c7c2ee70fb36
ab/009_ab2ride.wav,audio,757920,4.295873,pcm_s16le,44100,2,audio/x-wav,https://raw.githubusercontent.com/ZBZFirst/file/master/samples/ab/009_ab2ride.wav,de7279f4055ed7645d116d5a6a86e868bf8653b0a9f590ee4620921be2e35d3c
ab/010_ab2snare1.wav,audio,80000,0.452789,pcm_s16le,44100,2,audio/x-wav,https://raw.githubusercontent.com/ZBZFirst/file/master/samples/ab/010_ab2snare1.wav,ae9856c63dd90f135db5b1c469161a41bd93ed72f674344c4fa78494379f89d2
ab/011_ab2snare2.wav,audio,56320,0.318549,pcm_s16le,44100,2,audio/x-wav,https://raw.githubusercontent.com/ZBZFirst/file/master/samples/ab/011_ab2snare2.wav,6583b32978d3fe83584d55233097d5d004fd949bb01dfbecc500f604b57db187
ade/000_011112-bassline.wav,audio,438106,9.933379,pcm_s16le,22050,1,audio/x-wav,https://raw.githubusercontent.com/ZBZFirst/file/master/samples/ade/000_011112-bassline.wav,f6a464145b71bcb0bd6ca12226e2eab24a47b328965732775d6a7a3c5f47110f
ade/001_011112-melody.wav,audio,110880,1.256644,pcm_s16le,44100,1,audio/x-wav,https://raw.githubusercontent.com/ZBZFirst/file/master/samples/ade/001_011112-melody.wav,afdf0c4d44737f6a002e702327dd08826e6de6ee0fbd540991fef92161ce9dc6
ade/002_20020506-01.wav,audio,479276,5.433469,pcm_s16le,44100,1,audio/x-wav,https://raw.githubusercontent.com/ZBZFirst/file/master/samples/ade/002_20020506-01.wav,2d1af48f0f3fa65f7e84d755448596b30f1dc3d51c99cd7bd5f04409148bbda8
ade/003_abt.wav,audio,262188,2.972154,pcm_s16le,44100,1,audio/x-wav,https://raw.githubusercontent.com/ZBZFirst/file/master/samples/ade/003_abt.wav,ffa5067b972c93c03af53b72ee4da6f11c092910814c192d79ccdb376024aa30
ade/004_fan.wav,audio,317484,3.599093,pcm_s16le,44100,1,audio/x-wav,https://raw.githubusercontent.com/ZBZFirst/file/master/samples/ade/004_fan.wav,2ac9657d92d3ce69c8f9391687cff5f28902ed870fae9ef5be6b59f206088dd8
ade/005_fanbass.wav,audio,79148,0.896871,pcm_s16le,44100,1,audio/x-wav,https://raw.githubusercontent.com/ZBZFirst/file/master/samples/ade/005_fanbass.wav,cc595ec73827bdd2fd5143440695018ad26adfe1aee62465c3a64cb9de0f091d
ade/006_glass.wav,audio,50316,0.569977,pcm_s16le,44100,1,audio/x-wav,https://raw.githubusercontent.com/ZBZFirst/file/master/samples/ade/006_glass.wav,1fcf1142b93451f5bb38b2ea10c3acbf20b457564edf932f167a8a9200011800
ade/007_microsound.wav,audio,790028,8.956735,pcm_s16le,44100,1,audio/x-wav,https://raw.githubusercontent.com/ZBZFirst/file/master/samples/ade/007_microsound.wav,9a62f4d4b73bd9b2e94d82f527d8f76906e9a929800d09e977c238db7de8f46d
ade/008_rhythm.wav,audio,568236,6.442086,pcm_s16le,44100,1,audio/x-wav,https://raw.githubusercontent.com/ZBZFirst/file/master/samples/ade/008_rhythm.wav,33cfea46615d9e9e27a11e2aa9b0e2d00cacddc97ca035a0ab5d95bc50dbfa10
ade/009_rise.wav,audio,264644,3.0,pcm_s16le,44100,1,audio/x-wav,https://raw.githubusercontent.com/ZBZFirst/file/master/samples/ade/009_rise.wav,20da34e90510486910accfca21a6307a9471165c0bbc47d7883683b6f2fe6e2c
ades2/000_01.wav,audio,3892,0.043628,pcm_s16le,44100,1,audio/x-wav,https://raw.githubusercontent.com/ZBZFirst/file/master/samples/ades2/000_01.wav,0422065d8ea30604de636c33e3b0a976ee42afab511b9ac76bcc2131f9c51945
ades2/001_02.wav,audio,11500,0.129887,pcm_s16le,44100,1,audio/x-wav,https://raw.githubusercontent.com/ZBZFirst/file/master/samples/ades2/001_02.wav,8aed8b49db63d1ac07856fb4396867281ff8224f03733c5058fcfd12fbf14e95
ades2/002_03.wav,audio,10748,0.121361,pcm_s16le,44100,1,audio/x-wav,https://raw.githubusercontent.com/ZBZFirst/file/master/samples/ades2/002_03.wav,401a5d6c29a8904d58df8330195ce1c9ce3b541fee2ff91b585d39b17036c9ab
ades2/003_04.wav,audio,15212,0.171973,pcm_s16le,44100,1,audio/x-wav,https://raw.githubusercontent.com/ZBZFirst/file/master/samples/ades2/003_04.wav,37dace69c142240b820c3f8c8ac4a06d0718bdc40cfd0b1b91ba398c7f8c05c6
ades2/004_05.wav,audio,11532,0.130249,pcm_s16le,44100,1,audio/x-wav,https://raw.githubusercontent.com/ZBZFirst/file/master/samples/ades2/004_05.wav,2d336aa0217df7bec6da3543c4b44991ff5fe7b45927cbbb6cafa84c5c8889c4
ades2/005_06.wav,audio,7852,0.088526,pcm_s16le,44100,1,audio/x-wav,https://raw.githubusercontent.com/ZBZFirst/file/master/samples/ades2/005_06.wav,17f3e148216ae600fb202969cb71a416b41e5ebc02045aa1f81e732e0222f647
ades2/006_07.wav,audio,16492,0.186485,pcm_s16le,44100,1,audio/x-wav,https://raw.githubusercontent.com/ZBZFirst/file/master/samples/ades2/006_07.wav,fdf12f7526cd6a26c28b781b4d129206de70016d88ff4754f09e44b6104fd2e6
ades2/007_08.wav,audio,6444,0.072562,pcm_s16le,44100,1,audio/x-wav,https://raw.githubusercontent.com/ZBZFirst/file/master/samples/ades2/007_08.wav,a391bfc016f35749a893f26f0d168415ea125587593f51b351fffb25e6321e8a
ades2/008_09.wav,audio,9900,0.111746,pcm_s16le,44100,1,audio/x-wav,https://raw.githubusercontent.com/ZBZFirst/file/master/samples/ades2/008_09.wav,e01e380017507b4ef4907d0670577722c750c49f56d8d62804ac92bea84cc1c1
ades3/01.wav,audio,15148,0.171247,pcm_s16le,44100,1,audio/x-wav,https://raw.githubusercontent.com/ZBZFirst/file/master/samples/ades3/01.wav,f4b5d73cb8389ff4af87d4687e108983df898bc4c37075065cb75466d2852094
ades3/02.wav,audio,27212,0.308027,pcm_s16le,44100,1,audio/x-wav,https://raw.githubusercontent.com/ZBZFirst/file/master/samples/ades3/02.wav,29f1bfb737d496b4f33dff3b4fea8e59ff58fa66f979f29888f49f31f000a399
ades3/03.wav,audio,13772,0.155646,pcm_s16le,44100,1,audio/x-wav,https://raw.githubusercontent.com/ZBZFirst/file/master/samples/ades3/03.wav,0e013799e0f5e68497e313081307505554d0100a99c04675bb545e443b698ce8
ades3/04.wav,audio,11692,0.132063,pcm_s16le,44100,1,audio/x-wav,https://raw.githubusercontent.com/ZBZFirst/file/master/samples/ades3/04.wav,5b393f3db9ddd4f45abe7922eecfe86d916dd99eb374d10942bc06b0f62978a1
ades3/05.wav,audio,8924,0.10068,pcm_s16le,44100,1,audio/x-wav,https://raw.githubusercontent.com/ZBZFirst/file/master/samples/ades3/05.wav,9a65bb7b676a724b0193b6e8a25e30e1e3d512ec93f8227b204ad7f0a81cdb59
ades3/06.wav,audio,13724,0.155102,pcm_s16le,44100,1,audio/x-wav,https://raw.githubusercontent.com/ZBZFirst/file/master/samples/ades3/06.wav,bdd64ead3950df7df079272e4ded56d2bb4a19aff24f01c9f1adf231123ea88f
ades3/07.wav,audio,19500,0.22059,pcm_s16le,44100,1,audio/x-wav,https://raw.githubusercontent.com/ZBZFirst/file/master/samples/ades3/07.wav,88b467d81fed155f94312fe66856977b7f4daedb27cb17042815fbab77f6549f
ades4/01.wav,audio,2828,0.031565,pcm_s16le,44100,1,audio/x-wav,https://raw.githubusercontent.com/ZBZFirst/file/master/samples/ades4/01.wav,d4161362ff63b2dc4d78e282713a12f15b65d05dabebb2b978cec58e7a92d8d7
ades4/02.wav,audio,2284,0.025397,pcm_s16le,44100,1,audio/x-wav,https://raw.githubusercontent.com/ZBZFirst/file/master/samples/ades4/02.wav,dd2cf8e0311352d7f710d5ca97b3dec27ccc2e82ea88f906b7eb652a94a46767
ades4/03.wav,audio,2700,0.030113,pcm_s16le,44100,1,audio/x-wav,https://raw.githubusercontent.com/ZBZFirst/file/master/samples/ades4/03.wav,32877bc506c565b89b7a538eebb12a831765cae5420b87557a09fce5e8bc34d5
ades4/04.wav,audio,9292,0.104853,pcm_s16le,44100,1,audio/x-wav,https://raw.githubusercontent.com/ZBZFirst/file/master/samples/ades4/04.wav,8ba26096af3c963335daf75eacd030a7f4ddf7738889263438d9b31e79aed86f
ades4/05.wav,audio,2892,0.03229,pcm_s16le,44100,1,audio/x-wav,https://raw.githubusercontent.com/ZBZFirst/file/master/samples/ades4/05.wav,7e2dfe6075bc4f8d72cf2dac636d5d0035e7a621d7a0db695c231ee6b0f34d21
ades4/06.wav,audio,5100,0.057324,pcm_s16le,44100,1,audio/x-wav,https://raw.githubusercontent.com/ZBZFirst/file/master/samples/ades4/06.wav,93ff628c6dbda947805b3c899c0a32df68eb61b557453e943b9eb8b6393f3e6c
alex/000_drumx1.wav,audio,282284,3.2,pcm_s16le,44100,1,audio/x-wav,https://raw.githubusercontent.com/ZBZFirst/file/master/samples/alex/000_drumx1.wav,a3e2955fe870482f1a1b8f9d8d267ae77f555b77fe4bb1e7ec0434edb40e54bc
alex/001_drumx2.wav,audio,282284,3.2,pcm_s16le,44100,1,audio/x-wav,https://raw.githubusercontent.com/ZBZFirst/file/master/samples/alex/001_drumx2.wav,37dc22186c465bffa5a988ee7c511638f461dc67a2768e35e9c3887339e3bdf0
alphabet/a.wav,audio,83910,0.47542,pcm_s16le,44100,2,audio/x-wav,https://raw.githubusercontent.com/ZBZFirst/file/master/samples/alphabet/a.wav,0828a8bc77b51e40fc32604346388ed2c58897f00523e5e0444b7693f31405c7
alphabet/b.wav,audio,65582,0.371519,pcm_s16le,44100,2,audio/x-wav,https://raw.githubusercontent.com/ZBZFirst/file/master/samples/alphabet/b.wav,1dd0935c7651a4f8668bf804dc3499cf4959b76d48906ff222b69a23cdf61dd9
alphabet/c.wav,audio,84002,0.475941,pcm_s16le,44100,2,audio/x-wav,https://raw.githubusercontent.com/ZBZFirst/file/master/samples/alphabet/c.wav,430ae02a218f46740935308f67511b12e03c95ed73d8ea003284dd9e5fc67c23
alphabet/d.wav,audio,61998,0.351202,pcm_s16le,44100,2,audio/x-wav,https://raw.githubusercontent.com/ZBZFirst/file/master/samples/alphabet/d.wav,889095737cb3c1a370ba0cf6e9011d5c3ef6c736f390f4c88ade61821698ab26
alphabet/e.wav,audio,70702,0.400544,pcm_s16le,44100,2,audio/x-wav,https://raw.githubusercontent.com/ZBZFirst/file/master/samples/alphabet/e.wav,2e55958d218483d157caeb39c5fdad3913beb5152c4dec486a24bf39ba4433f2
alphabet/f.wav,audio,76846,0.435374,pcm_s16le,44100,2,audio/x-wav,https://raw.githubusercontent.com/ZBZFirst/file/master/samples/alphabet/f.wav,96143c3fb925b7477cb9be5f8f3d4ddf70bb0308cf8bddbfb149eb6773b56a68
alphabet/g.wav,audio,84522,0.478889,pcm_s16le,44100,2,audio/x-wav,https://raw.githubusercontent.com/ZBZFirst/file/master/samples/alphabet/g.wav,cb729caa5fed9c4ad6f94367666b6c2edb0d8a3cd06ad4bf2351b8e0dbb8ec6d
alphabet/h.wav,audio,108078,0.612426,pcm_s16le,44100,2,audio/x-wav,https://raw.githubusercontent.com/ZBZFirst/file/master/samples/alphabet/h.wav,179c6d8fc18e5cc89eba78a0093f0e8985409ffaee993daec006f6a44ef4a614
alphabet/i.wav,audio,87086,0.493424,pcm_s16le,44100,2,audio/x-wav,https://raw.githubusercontent.com/ZBZFirst/file/master/samples/alphabet/i.wav,12993596121b1edfa13cfe849e39e9cad15046715e2782dcc7006619812816f6
alphabet/j.wav,audio,85038,0.481814,pcm_s16le,44100,2,audio/x-wav,https://raw.githubusercontent.com/ZBZFirst/file/master/samples/alphabet/j.wav,80be4116332c1a05d45b3f4b02fca3a4002ececf64bf5f86b02cfedc9e558a83
alphabet/k.wav,audio,70702,0.400544,pcm_s16le,44100,2,audio/x-wav,https://raw.githubusercontent.com/ZBZFirst/file/master/samples/alphabet/k.wav,6339b1559d2cd2afb408cc1cda824c46350af2d58737ff92d326d7d2d0f90d98
alphabet/l.wav,audio,80938,0.458571,pcm_s16le,44100,2,audio/x-wav,https://raw.githubusercontent.com/ZBZFirst/file/master/samples/alphabet/l.wav,8c6d7a61009c01947d440811467bf8bf15cf904315d79158c3a744777dc4470b
alphabet/m.wav,audio,83502,0.473107,pcm_s16le,44100,2,audio/x-wav,https://raw.githubusercontent.com/ZBZFirst/file/master/samples/alphabet/m.wav,2c4cf8e67cfdd543a341498f659f500f35c5d9e533e865ec5506f432b28c6832
alphabet/n.wav,audio,77870,0.441179,pcm_s16le,44100,2,audio/x-wav,https://raw.githubusercontent.com/ZBZFirst/file/master/samples/alphabet/n.wav,1b34ecb41ac5408cd931885810898664228622e63158eae1b77cc889b9d3004c
alphabet/o.wav,audio,68654,0.388934,pcm_s16le,44100,2,audio/x-wav,https://raw.githubusercontent.com/ZBZFirst/file/master/samples/alphabet/o.wav,9546f3eb1f513fa2ecea23063f5c4a6dde71d13b3fadc955f46e4f374dbf236a
alphabet/p.wav,audio,70190,0.397642,pcm_s16le,44100,2,audio/x-wav,https://raw.githubusercontent.com/ZBZFirst/file/master/samples/alphabet/p.wav,5deecf131d8345279fc73421dee16b7e6d749e8258e33170ee2ce0ab31348756
alphabet/q.wav,audio,84526,0.478912,pcm_s16le,44100,2,audio/x-wav,https://raw.githubusercontent.com/ZBZFirst/file/master/samples/alphabet/q.wav,198892207572680c4ebdd50943a6d61ad7a2f357b5e23a6ee3c4e72ec25b2fe1
alphabet/r.wav,audio,82990,0.470204,pcm_s16le,44100,2,audio/x-wav,https://raw.githubusercontent.com/ZBZFirst/file/master/samples/alphabet/r.wav,e8715d2844271ce137492769e1dec49ca05a0d84cac8e3cb05586b098022de55
alphabet/s.wav,audio,88610,0.502063,pcm_s16le,44100,2,audio/x-wav,https://raw.githubusercontent.com/ZBZFirst/file/master/samples/alphabet/s.wav,0dd43a16a877ef2928dc7b96574d97709600ee726c7606da3594abe1c008e8f0
alphabet/t.wav,audio,78382,0.444082,pcm_s16le,44100,2,audio/x-wav,https://raw.githubusercontent.com/ZBZFirst/file/master/samples/alphabet/t.wav,6a8a38d7e55b4bac91491d8b4eb3f34c8d787e3e36f40a7fd74a5df25d58ffa0
alphabet/u.wav,audio,82478,0.467302,pcm_s16le,44100,2,audio/x-wav,https://raw.githubusercontent.com/ZBZFirst/file/master/samples/alphabet/u.wav,2210228348dab8315f6b6a138fca46a4a325ef8cca370d4e6cec73de44285eda
alphabet/v.wav,audio,67118,0.380227,pcm_s16le,44100,2,audio/x-wav,https://raw.githubusercontent.com/ZBZFirst/file/master/samples/alphabet/v.wav,591599af51eb46c44c5c8815d3e8c9fc6dfac76cab2159fe57d76d46d9478d6d
alphabet/w.wav,audio,99874,0.565918,pcm_s16le,44100,2,audio/x-wav,https://raw.githubusercontent.com/ZBZFirst/file/master/samples/alphabet/w.wav,08c9860f3b8c968daa036bfa0f4654f8e1c422dfaeb154c2ae8c9d68de6fe7d2
alphabet/x.wav,audio,89134,0.505034,pcm_s16le,44100,2,audio/x-wav,https://raw.githubusercontent.com/ZBZFirst/file/master/samples/alphabet/x.wav,14a1e71a06aba101dbbf0f2e589465c9a12191c7061c9929831d3bcdc7087940
alphabet/y.wav,audio,85550,0.484717,pcm_s16le,44100,2,audio/x-wav,https://raw.githubusercontent.com/ZBZFirst/file/master/samples/alphabet/y.wav,26b24a5b1e6c8f68dcd8a5a527fba4b7b75a75ec91fca687990f96e13581dbdc
alphabet/z.wav,audio,81950,0.464308,pcm_s16le,44100,2,audio/x-wav,https://raw.githubusercontent.com/ZBZFirst/file/master/samples/alphabet/z.wav,250158743dfbd17a81ec0c3b0f960de5f73d7af93589f6b47c4f37b23aea55d5
amencutup/000_AMENCUT_001.wav,audio,23836,0.269751,pcm_s16le,44100,1,audio/x-wav,https://raw.githubusercontent.com/ZBZFirst/file/master/samples/amencutup/000_AMENCUT_001.wav,891c5033cd822e2ee67bbc8939a053781386c87ecb074282757381bcd63bcd9d
amencutup/001_AMENCUT_002.wav,audio,24924,0.282086,pcm_s16le,44100,1,audio/x-wav,https://raw.githubusercontent.com/ZBZFirst/file/master/samples/amencutup/001_AMENCUT_002.wav,686854d96933ddfd72f91805b5518302d9445cbfb4f551e1509a1e9be735f84c
amencutup/002_AMENCUT_003.wav,audio,25886,0.292993,pcm_s16le,44100,1,audio/x-wav,https://raw.githubusercontent.com/ZBZFirst/file/master/samples/amencutup/002_AMENCUT_003.wav,77560ce5c52ad1dc10b1658629d8abeafb052d82f4fd4a21ba67f54b2cf19ebf
amencutup/003_AMENCUT_004.wav,audio,12488,0.141088,pcm_s16le,44100,1,audio/x-wav,https://raw.githubusercontent.com/ZBZFirst/file/master/samples/amencutup/003_AMENCUT_004.wav,d4fe39f06a55e5e6076e5413fc620ae33ac6a89621da1fbdff0fc829a3ef994b
amencutup/004_AMENCUT_005.wav,audio,11344,0.128118,pcm_s16le,44100,1,audio/x-wav,https://raw.githubusercontent.com/ZBZFirst/file/master/samples/amencutup/004_AMENCUT_005.wav,ad6351173e98dc005b8112b926f2149e012023e23e3bb2501b0aca9594149f50
amencutup/005_AMENCUT_006.wav,audio,10192,0.115057,pcm_s16le,44100,1,audio/x-wav,https://raw.githubusercontent.com/ZBZFirst/file/master/samples/amencutup/005_AMENCUT_006.wav,37fb1573b11f44eb5c293998a0e0ea6a42514b3aca173a67dbbe18bfa9c3f050
amencutup/006_AMENCUT_007.wav,audio,12164,0.137415,pcm_s16le,44100,1,audio/x-wav,https://raw.githubusercontent.com/ZBZFirst/file/master/samples/amencutup/006_AMENCUT_007.wav,46864d1e10bccd2c4daa2386bc3e986838e61888c5ad979b8730334fb9ab3a5b
amencutup/007_AMENCUT_008.wav,audio,13876,0.156825,pcm_s16le,44100,1,audio/x-wav,https://raw.githubusercontent.com/ZBZFirst/file/master/samples/amencutup/007_AMENCUT_008.wav,c6a999b6a4f2ecb182a1036c3ed8dc13c82a1ae132202018838bd8cb0bb40b96
amencutup/008_AMENCUT_009.wav,audio,8972,0.101224,pcm_s16le,44100,1,audio/x-wav,https://raw.githubusercontent.com/ZBZFirst/file/master/samples/amencutup/008_AMENCUT_009.wav,557fec63d480c4969f6a7c0f29048a70b46d6118c2fe9fd94ebeb5614f704bff
amencutup/009_AMENCUT_010.wav,audio,25586,0.289592,pcm_s16le,44100,1,audio/x-wav,https://raw.githubusercontent.com/ZBZFirst/file/master/samples/amencutup/009_AMENCUT_010.wav,6860970551c263c11272f989050a45a308f831361446c54dec5b579e8fff272c
amencutup/010_AMENCUT_011.wav,audio,23770,0.269002,pcm_s16le,44100,1,audio/x-wav,https://raw.githubusercontent.com/ZBZFirst/file/master/samples/amencutup/010_AMENCUT_011.wav,064ec3d19d850617b9af6de713a7810058122f565b48538e89fbfdb9c1532769
amencutup/011_AMENCUT_012.wav,audio,24800,0.28068,pcm_s16le,44100,1,audio/x-wav,https://raw.githubusercontent.com/ZBZFirst/file/master/samples/amencutup/011_AMENCUT_012.wav,2a89a3900ff7fd7fcc4ddcec54da23252e02bed24ef2fe3e53a39ca07cba4aa6
amencutup/012_AMENCUT_013.wav,audio,23766,0.268957,pcm_s16le,44100,1,audio/x-wav,https://raw.githubusercontent.com/ZBZFirst/file/master/samples/amencutup/012_AMENCUT_013.wav,1b73930dbfdb8d1a85bbac9e49831d3bd356a41f9df3c20d1cba79526f32901d
amencutup/013_AMENCUT_014.wav,audio,24758,0.280204,pcm_s16le,44100,1,audio/x-wav,https://raw.githubusercontent.com/ZBZFirst/file/master/samples/amencutup/013_AMENCUT_014.wav,f5c81db4a15f47495b4ec57f56e6da8ee379c26619a11f62a4b470987a8d6498
amencutup/014_AMENCUT_015.wav,audio,12160,0.13737,pcm_s16le,44100,1,audio/x-wav,https://raw.githubusercontent.com/ZBZFirst/file/master/samples/amencutup/014_AMENCUT_015.wav,1493a84fe53769e4001722f614f4339f9880853a512b3f332c38679e6219a1a7
amencutup/015_AMENCUT_016.wav,audio,11292,0.127528,pcm_s16le,44100,1,audio/x-wav,https://raw.githubusercontent.com/ZBZFirst/file/master/samples/amencutup/015_AMENCUT_016.wav,e358d44d89554ffae07927cebccc79bea898aada902bb4613b23756de52f33de
amencutup/016_AMENCUT_017.wav,audio,11514,0.130045,pcm_s16le,44100,1,audio/x-wav,https://raw.githubusercontent.com/ZBZFirst/file/master/samples/amencutup/016_AMENCUT_017.wav,0ed95cf4631d06d6c8c9601db27315650301fdd5d95698e9470a5efa2753cf1a
amencutup/017_AMENCUT_018.wav,audio,10334,0.116667,pcm_s16le,44100,1,audio/x-wav,https://raw.githubusercontent.com/ZBZFirst/file/master/samples/amencutup/017_AMENCUT_018.wav,7b4032ec3d5ffd5146eda7d42abcc4233307a36c9dd60b94b3cc1a9a036e4aa3
amencutup/018_AMENCUT_019.wav,audio,25588,0.289615,pcm_s16le,44100,1,audio/x-wav,https://raw.githubusercontent.com/ZBZFirst/file/master/samples/amencutup/018_AMENCUT_019.wav,c782b448808b6b28a144fd956ca7779c039c8ab3368e5496efa03df14d4ba741
amencutup/019_AMENCUT_020.wav,audio,22904,0.259184,pcm_s16le,44100,1,audio/x-wav,https://raw.githubusercontent.com/ZBZFirst/file/master/samples/amencutup/019_AMENCUT_020.wav,62961e5d7b53f72f91427318fd7a17f24b4f02b2d7e6b2b1de532a3b95647ce5
amencutup/020_AMENCUT_021.wav,audio,25406,0.287551,pcm_s16le,44100,1,audio/x-wav,https://raw.githubusercontent.com/ZBZFirst/file/master/samples/amencutup/020_AMENCUT_021.wav,91f79e250987c9d1aeed8bd2c485d7aab6b1b16b7f02fd332c7f3eccd2f87461
amencutup/021_AMENCUT_022.wav,audio,12716,0.143673,pcm_s16le,44100,1,audio/x-wav,https://raw.githubusercontent.com/ZBZFirst/file/master/samples/amencutup/021_AMENCUT_022.wav,2c503a7b001ba7c1369ee2040fb2158a5ff7d509e465cda89d348624bbfeb73f
amencutup/022_AMENCUT_023.wav,audio,9980,0.112653,pcm_s16le,44100,1,audio/x-wav,https://raw.githubusercontent.com/ZBZFirst/file/master/samples/amencutup/022_AMENCUT_023.wav,9b03b7afe118d81b8a703d5adc7a5f431dc557512c9d7b7a190c1feb3b268252
amencutup/023_AMENCUT_024.wav,audio,12644,0.142857,pcm_s16le,44100,1,audio/x-wav,https://raw.githubusercontent.com/ZBZFirst/file/master/samples/amencutup/023_AMENCUT_024.wav,7802d37e30f29334fd88faa6a2858f0d5e85534a0789e6c7cf24bd011cd65ee5
amencutup/024_AMENCUT_025.wav,audio,10230,0.115488,pcm_s16le,44100,1,audio/x-wav,https://raw.githubusercontent.com/ZBZFirst/file/master/samples/amencutup/024_AMENCUT_025.wav,0967ee6e63691cf0328a51c85c1b30dd45dce12240d90114b9bce8675dd0e49f
amencutup/025_AMENCUT_026.wav,audio,25182,0.285011,pcm_s16le,44100,1,audio/x-wav,https://raw.githubusercontent.com/ZBZFirst/file/master/samples/amencutup/025_AMENCUT_026.wav,95739548bfcaa0878285b544241f195848c0f6999f737c742077d2c5b31bc37a
amencutup/026_AMENCUT_027.wav,audio,12334,0.139342,pcm_s16le,44100,1,audio/x-wav,https://raw.githubusercontent.com/ZBZFirst/file/master/samples/amencutup/026_AMENCUT_027.wav,4246f8818c109d95f79eedb57e51857c14b3ae3a22115c10a410756f22d87d06
amencutup/027_AMENCUT_028.wav,audio,12778,0.144376,pcm_s16le,44100,1,audio/x-wav,https://raw.githubusercontent.com/ZBZFirst/file/master/samples/amencutup/027_AMENCUT_028.wav,da07a052a6d22aec56edee525f239ad7a9424e6edeb15bf5f900659aeef2ab0f
amencutup/028_AMENCUT_029.wav,audio,9744,0.109977,pcm_s16le,44100,1,audio/x-wav,https://raw.githubusercontent.com/ZBZFirst/file/master/samples/amencutup/028_AMENCUT_029.wav,af74fcb021a3af41f523aa22f896804775dacb3f5d4654f929003b1847591421
amencutup/029_AMENCUT_030.wav,audio,10582,0.119478,pcm_s16le,44100,1,audio/x-wav,https://raw.githubusercontent.com/ZBZFirst/file/master/samples/amencutup/029_AMENCUT_030.wav,19f503ef97b7bf78cd68103f34aa2abfa37acde9a94aa5f030f867d681bb40d4
amencutup/030_AMENCUT_031.wav,audio,48766,0.552404,pcm_s16le,44100,1,audio/x-wav,https://raw.githubusercontent.com/ZBZFirst/file/master/samples/amencutup/030_AMENCUT_031.wav,38554c7fbf4cfee03a25990d4e02630fe4c1422305ba6640c1e6abce08ca668a
amencutup/031_AMENCUT_032.wav,audio,19078,0.215805,pcm_s16le,44100,1,audio/x-wav,https://raw.githubusercontent.com/ZBZFirst/file/master/samples/amencutup/031_AMENCUT_032.wav,d10240f61189ca3382d1294837bf4cca72c5ce9ab395c51ef5bdd102689d6b8d
armora/000_beep.wav,audio,266,0.002517,pcm_s16le,44100,1,audio/x-wav,https://raw.githubusercontent.com/ZBZFirst/file/master/samples/armora/000_beep.wav,bfaf8dd95c6d3213446790b43e501eae6b055e805fb80e4075b30eaee117e2d6
armora/001_chopper.wav,audio,238716,2.706032,pcm_s16le,44100,1,audio/x-wav,https://raw.githubusercontent.com/ZBZFirst/file/master/samples/armora/001_chopper.wav,6b11d8737f1fc0f97e6086dae24db09639f35b66bb1aef1cda8ffff475d84e6a
armora/002_hiexp.wav,audio,301100,3.413333,pcm_s16le,44100,1,audio/x-wav,https://raw.githubusercontent.com/ZBZFirst/file/master/samples/armora/002_hiexp.wav,76b6f9c0f2d53ec547a9f1a9e1f991d7f25277213e938d3194bf77779842f8ec
armora/003_jeepfire.wav,audio,100996,1.14458,pcm_s16le,44100,1,audio/x-wav,https://raw.githubusercontent.com/ZBZFirst/file/master/samples/armora/003_jeepfire.wav,4dcb0cefd42dbbe458727d00a30d4482148be84dab6a437ad5ad21b7c0da12b1
armora/004_loexp.wav,audio,336108,3.810249,pcm_s16le,44100,1,audio/x-wav,https://raw.githubusercontent.com/ZBZFirst/file/master/samples/armora/004_loexp.wav,96e1f9f485d418868b7ed54851bf986d4d5520d2396c70b02a6cfe5b0376492f
armora/005_tankeng.wav,audio,140332,1.590567,pcm_s16le,44100,1,audio/x-wav,https://raw.githubusercontent.com/ZBZFirst/file/master/samples/armora/005_tankeng.wav,9c07d32b1f4a7464b7460988fa4117a00720dc8edbff78c09894316b251b1129
armora/006_tankfire.wav,audio,262364,2.97415,pcm_s16le,44100,1,audio/x-wav,https://raw.githubusercontent.com/ZBZFirst/file/master/samples/armora/006_tankfire.wav,13d932672d112e508009de9d0d66709f3385f8a5a6b8a3a687f3925ab6fcf8d9
arp/000_arp2.wav,audio,377444,4.277914,pcm_s16le,44100,1,audio/x-wav,https://raw.githubusercontent.com/ZBZFirst/file/master/samples/arp/000_arp2.wav,0bbf2b9cb9199c765be15a5cb59916ba4ebfbe739aed0969972440ad5bf2eced
arp/001_arp.wav,audio,476900,5.405533,pcm_s16le,44100,1,audio/x-wav,https://raw.githubusercontent.com/ZBZFirst/file/master/samples/arp/001_arp.wav,c1fe0237415794703eba7e2b74d5481a99a717bfc71cc70b7a71671ac709b5ca
arpy/arpy01.wav,audio,11086,0.12458,pcm_s16le,44100,1,audio/x-wav,https://raw.githubusercontent.com/ZBZFirst/file/master/samples/arpy/arpy01.wav,bd99f62dc19fac35cba218ac0ea5bbc7aeb133790c8cc6aae8608142c590895c
arpy/arpy02.wav,audio,11632,0.130771,pcm_s16le,44100,1,audio/x-wav,https://raw.githubusercontent.com/ZBZFirst/file/master/samples/arpy/arpy02.wav,3ab6d42563206694a116f1f1315670667ea6177d8a4c46f5e7651b3b937af427
arpy/arpy03.wav,audio,11684,0.131361,pcm_s16le,44100,1,audio/x-wav,https://raw.githubusercontent.com/ZBZFirst/file/master/samples/arpy/arpy03.wav,e6b8633ac22c9bb57c83b1581e5c2097e7d75f1c8d789d54e31bb17ca71bb0ec
arpy/arpy04.wav,audio,12050,0.13551,pcm_s16le,44100,1,audio/x-wav,https://raw.githubusercontent.com/ZBZFirst/file/master/samples/arpy/arpy04.wav,da450fe9c6b97297842f6b29bf5c0942ba3c0988e0618e234092559f20afd405
arpy/arpy05.wav,audio,12780,0.143787,pcm_s16le,44100,1,audio/x-wav,https://raw.githubusercontent.com/ZBZFirst/file/master/samples/arpy/arpy05.wav,e13f90de7c9766706f7374cb5e251ea64aeb81190668b6c93908f994099bab7f
arpy/arpy06.wav,audio,11684,0.131361,pcm_s16le,44100,1,audio/x-wav,https://raw.githubusercontent.com/ZBZFirst/file/master/samples/arpy/arpy06.wav,b9a43173264678227c02b3aed3672bf7f6d7a1a68a4d66cf092d7fa94605fd8c
arpy/arpy07.wav,audio,12310,0.138458,pcm_s16le,44100,1,audio/x-wav,https://raw.githubusercontent.com/ZBZFirst/file/master/samples/arpy/arpy07.wav,b687850060ca77e2d9179a7df3227bce80a99c7a120cbb1f04e98c9c510e1121
arpy/arpy08.wav,audio,11318,0.127211,pcm_s16le,44100,1,audio/x-wav,https://raw.githubusercontent.com/ZBZFirst/file/master/samples/arpy/arpy08.wav,15c97a244bbcd8b917eef2a0fd1c2f0580e2ddb51d36d0eee8a5e6ab679466bc
arpy/arpy09.wav,audio,11528,0.129592,pcm_s16le,44100,1,audio/x-wav,https://raw.githubusercontent.com/ZBZFirst/file/master/samples/arpy/arpy09.wav,607a4acd45926516a2c6da4ef1767cee1302639e4e981f8dfd5bc35f65b09a4d
arpy/arpy10.wav,audio,11736,0.13195,pcm_s16le,44100,1,audio/x-wav,https://raw.githubusercontent.com/ZBZFirst/file/master/samples/arpy/arpy10.wav,3ebf1a4d0aac31f4ff7626993bad87f6059471835f13020f12616fda1265698a
arpy/arpy11.wav,audio,11214,0.126032,pcm_s16le,44100,1,audio/x-wav,https://raw.githubusercontent.com/ZBZFirst/file/master/samples/arpy/arpy11.wav,5b3b6a63b68a632b08000a0d54283935a6e68a8f7e8314c8664d3da882985505
auto/000_break-kick.wav,audio,26598,0.3,pcm_s16le,44100,1,audio/x-wav,https://raw.githubusercontent.com/ZBZFirst/file/master/samples/auto/000_break-kick.wav,55c50589636e628a0c3b8e183282c2a8989457e8e85834e4ea4557d482f0db61
auto/001_break-ride.wav,audio,26598,0.3,pcm_s16le,44100,1,audio/x-wav,https://raw.githubusercontent.com/ZBZFirst/file/master/samples/auto/001_break-ride.wav,90854d25e4f29082988e7c9baecae316d2fc46e3c7d30fb152fa4447cccc3946
auto/002_break-sd.wav,audio,26598,0.3,pcm_s16le,44100,1,audio/x-wav,https://raw.githubusercontent.com/ZBZFirst/file/master/samples/auto/002_break-sd.wav,9afad64d9390bb56f67110d5dee20edd0bd491a188ebc6567f7e4c02b0dd0a1d
auto/003_cymrev.wav,audio,211818,2.4,pcm_s16le,44100,1,audio/x-wav,https://raw.githubusercontent.com/ZBZFirst/file/master/samples/auto/003_cymrev.wav,ff370ab40e32f24cec6fb79ef4fe523b6c6f8bdb738729ad8f7485c1628c5aba
auto/004_kick.wav,audio,53058,0.6,pcm_s16le,44100,1,audio/x-wav,https://raw.githubusercontent.com/ZBZFirst/file/master/samples/auto/004_kick.wav,aaaf8fd151d873782bfff01d88182855111537130cb6e5217aee43f7f9ac30f2
auto/005_kick-ambient.wav,audio,211818,2.4,pcm_s16le,44100,1,audio/x-wav,https://raw.githubusercontent.com/ZBZFirst/file/master/samples/auto/005_kick-ambient.wav,d1807537cf164913c663368051c0b0c732cd8611546cf24b44466e39caeab514
auto/006_sd.wav,audio,53058,0.6,pcm_s16le,44100,1,audio/x-wav,https://raw.githubusercontent.com/ZBZFirst/file/master/samples/auto/006_sd.wav,39abab24c404afac3174641126e6e770852338e5f8ec05ae404d8484b66d4379
auto/007_sd-ambient.wav,audio,211818,2.4,pcm_s16le,44100,1,audio/x-wav,https://raw.githubusercontent.com/ZBZFirst/file/master/samples/auto/007_sd-ambient.wav,ed087467747f8c1648d08c76e6c4f7f854e08c987d0fee64b1b29891d339744b
auto/008_shake1.wav,audio,4794,0.052789,pcm_s16le,44100,1,audio/x-wav,https://raw.githubusercontent.com/ZBZFirst/file/master/samples/auto/008_shake1.wav,59ac3691dad68382eee9ba6cc3d8d7858c026af349c084a48746dcae7152498b
auto/009_shake2.wav,audio,9448,0.105556,pcm_s16le,44100,1,audio/x-wav,https://raw.githubusercontent.com/ZBZFirst/file/master/samples/auto/009_shake2.wav,c98fb3f6df9bd94dbfeaeac54d1c0812295f2200d404c2e698d4aa8447f2b5db
auto/010_shake3.wav,audio,7488,0.083333,pcm_s16le,44100,1,audio/x-wav,https://raw.githubusercontent.com/ZBZFirst/file/master/samples/auto/010_shake3.wav,f72066c2d89eb06b23c4b0011e66cbfd16cffab9410c435ca4e227fd8a2a0f3a
baa/1.wav,audio,805560,4.195396,pcm_s16le,48000,2,audio/x-wav,https://raw.githubusercontent.com/ZBZFirst/file/master/samples/baa/1.wav,4f3cb2af470fe1436f3522656409de92b933c2b544246c2247784aa71466b2b5
baa/2.wav,audio,475088,2.474187,pcm_s16le,48000,2,audio/x-wav,https://raw.githubusercontent.com/ZBZFirst/file/master/samples/baa/2.wav,67c752e876d370c045f4bbbea6fd669b0e15590e72c68587cd362374901aedd4
baa/3.wav,audio,619672,3.227229,pcm_s16le,48000,2,audio/x-wav,https://raw.githubusercontent.com/ZBZFirst/file/master/samples/baa/3.wav,27e04071a74f9f520fab14dd3282604d0b79704d1691029ccc5e9c33e5b6c9ca
baa/4.wav,audio,392472,2.043896,pcm_s16le,48000,2,audio/x-wav,https://raw.githubusercontent.com/ZBZFirst/file/master/samples/baa/4.wav,76b2a49e4e36f718bd1f22a3358dc55425e9bcd668b31652af23ef4eefa5a4e7
baa/5.wav,audio,330512,1.721187,pcm_s16le,48000,2,audio/x-wav,https://raw.githubusercontent.com/ZBZFirst/file/master/samples/baa/5.wav,cd7ba7fde41a83007a5415b578698afd47bbea3153f589daee7fa103540d0567
baa/6.wav,audio,289204,1.506042,pcm_s16le,48000,2,audio/x-wav,https://raw.githubusercontent.com/ZBZFirst/file/master/samples/baa/6.wav,ad0b37768ed6978814d3c978c12173301bcf150acc0a1d5417a078eee684bc01
baa/7.wav,audio,371820,1.936333,pcm_s16le,48000,2,audio/x-wav,https://raw.githubusercontent.com/ZBZFirst/file/master/samples/baa/7.wav,7452914d989b9414e9e12d0ecdd1520cecf911562c4dc05942516e42f0a5eaf9
baa2/1.wav,audio,402802,4.195396,pcm_s16le,48000,1,audio/x-wav,https://raw.githubusercontent.com/ZBZFirst/file/master/samples/baa2/1.wav,82747101c7b6e293da159cc5197d0f86efe8d40705d088d3e3b496fc58592d62
baa2/2.wav,audio,237566,2.474187,pcm_s16le,48000,1,audio/x-wav,https://raw.githubusercontent.com/ZBZFirst/file/master/samples/baa2/2.wav,7d2d7e7ebe913f6186d430ee03956df480f10ece6f99b79a32dffd2672c6ad63
baa2/3.wav,audio,309858,3.227229,pcm_s16le,48000,1,audio/x-wav,https://raw.githubusercontent.com/ZBZFirst/file/master/samples/baa2/3.wav,114f6c60391e0307b14b002747c2eadf16ace599023856e51481815474e26b1e
baa2/4.wav,audio,196258,2.043896,pcm_s16le,48000,1,audio/x-wav,https://raw.githubusercontent.com/ZBZFirst/file/master/samples/baa2/4.wav,078c3305c13877a01f3b5979ca53332f096d5129793085fa71211438303c371f
baa2/5.wav,audio,165278,1.721187,pcm_s16le,48000,1,audio/x-wav,https://raw.githubusercontent.com/ZBZFirst/file/master/samples/baa2/5.wav,5cba1e5107d1f251f6d221a4efa5d4449dfe794a353df6702b03105470dfde20
baa2/6.wav,audio,144624,1.506042,pcm_s16le,48000,1,audio/x-wav,https://raw.githubusercontent.com/ZBZFirst/file/master/samples/baa2/6.wav,7bffe277db437dc7ce884ba84da6f6cf3acd5ee1026c9c3000d9309991772eb3
baa2/7.wav,audio,185932,1.936333,pcm_s16le,48000,1,audio/x-wav,https://raw.githubusercontent.com/ZBZFirst/file/master/samples/baa2/7.wav,832baecbb5179d0782d361b73fac8385fdb5e473291b9e353de461c454db1d70
bass/000_bass1.wav,audio,28716,0.325079,pcm_s16le,44100,1,audio/x-wav,https://raw.githubusercontent.com/ZBZFirst/file/master/samples/bass/000_bass1.wav,40fa23b0f4410430a4643038deef88cc3957b5886b05598a27eb40f15e0c99c1
bass/001_bass2.wav,audio,21292,0.240907,pcm_s16le,44100,1,audio/x-wav,https://raw.githubusercontent.com/ZBZFirst/file/master/samples/bass/001_bass2.wav,47f7aaf90ba34abf089f3e23116205dc9f8d9f1066ead22a5753c7a634317589
bass/002_bass3.wav,audio,23332,0.264036,pcm_s16le,44100,1,audio/x-wav,https://raw.githubusercontent.com/ZBZFirst/file/master/samples/bass/002_bass3.wav,7fefada0877c913654e36fff068f17807037b698f4bd0fc6463723b5be38f090
bass/003_bass4.wav,audio,28204,0.319274,pcm_s16le,44100,1,audio/x-wav,https://raw.githubusercontent.com/ZBZFirst/file/master/samples/bass/003_bass4.wav,719c28eec1c1f773ea01bb15d8cb0bc22b84b921a218c33d72c86e060428dd36
bass0/000_0.wav,audio,11068,0.249977,pcm_s16le,22050,1,audio/x-wav,https://raw.githubusercontent.com/ZBZFirst/file/master/samples/bass0/000_0.wav,f4ebd59c6e2cd46a41a856760a2e5a307d8fb1025251fe554833ee02e93f4312
bass0/001_1.wav,audio,22094,0.5,pcm_s16le,22050,1,audio/x-wav,https://raw.githubusercontent.com/ZBZFirst/file/master/samples/bass0/001_1.wav,a4e0485aa2af675fb0536fe2a7f8fa4127e1a195d5650ac7dbdfed08a2de2408
bass0/002_2.wav,audio,22094,0.5,pcm_s16le,22050,1,audio/x-wav,https://raw.githubusercontent.com/ZBZFirst/file/master/samples/bass0/002_2.wav,35cbaed0ed12e86dc4be832c2c68cdb91d0105dbbff462d9dd20c2e999ae4e26
bass1/18076__daven__01-sb-bass-hit-c.wav,audio,269824,2.037551,pcm_s24le,44100,1,audio/x-wav,https://raw.githubusercontent.com/ZBZFirst/file/master/samples/bass1/18076__daven__01-sb-bass-hit-c.wav,7ce6ffc8f6f6d00ea0ac6e687a6b82738cfbb3e193a95d08013a67f03462e49e
bass1/18077__daven__02-sb-bass-hit-c.wav,audio,277888,2.098503,pcm_s24le,44100,1,audio/x-wav,https://raw.githubusercontent.com/ZBZFirst/file/master/samples/bass1/18077__daven__02-sb-bass-hit-c.wav,0502d2f744bc5fd5c8a489da217e6e094337d934d66f4f296438ce77284a006b
bass1/18078__daven__03-sb-bass-hit-c.wav,audio,271144,2.047528,pcm_s24le,44100,1,audio/x-wav,https://raw.githubusercontent.com/ZBZFirst/file/master/samples/bass1/18078__daven__03-sb-bass-hit-c.wav,19e89e0aed31358e6e4b009116dd7bd9622c6742a4e1fa19a1928960281f6e0c
bass1/18079__daven__04-sb-bass-hit-c.wav,audio,267520,2.020136,pcm_s24le,44100,1,audio/x-wav,https://raw.githubusercontent.com/ZBZFirst/file/master/samples/bass1/18079__daven__04-sb-bass-hit-c.wav,ce48e6131a90f214163b82409a8889c9889743ce90db4430091fc2fc395c9808
bass1/18080__daven__05-sb-bass-hit-c.wav,audio,259072,1.956281,pcm_s24le,44100,1,audio/x-wav,https://raw.githubusercontent.com/ZBZFirst/file/master/samples/bass1/18080__daven__05-sb-bass-hit-c.wav,39055d04f15f5631c5dbcf3e2bc73b9af8220b411a321d40f4314575d0472d8f
bass1/18081__daven__06-sb-bass-hit-c.wav,audio,260608,1.967891,pcm_s24le,44100,1,audio/x-wav,https://raw.githubusercontent.com/ZBZFirst/file/master/samples/bass1/18081__daven__06-sb-bass-hit-c.wav,d1c7576e2a38f0bac813ca90dd9fff72b15b1c2196e38c3e9074b0f226cb096b
bass1/18082__daven__07-sb-bass-hit-c.wav,audio,145600,1.098594,pcm_s24le,44100,1,audio/x-wav,https://raw.githubusercontent.com/ZBZFirst/file/master/samples/bass1/18082__daven__07-sb-bass-hit-c.wav,46b8b7c5d40f972059b2765c36ef9a2dc10e84d7a59bc59c84acd38323bc8701
bass1/18083__daven__08-sb-bass-hit-c.wav,audio,140674,1.061361,pcm_s24le,44100,1,audio/x-wav,https://raw.githubusercontent.com/ZBZFirst/file/master/samples/bass1/18083__daven__08-sb-bass-hit-c.wav,98043c1e866fd5f9c958a917b2802b7bd7eed0585bd258d1551a668037305c41
bass1/18084__daven__09-sb-bass-hit-c.wav,audio,146560,1.10585,pcm_s24le,44100,1,audio/x-wav,https://raw.githubusercontent.com/ZBZFirst/file/master/samples/bass1/18084__daven__09-sb-bass-hit-c.wav,cbd34d1df7898008677c548e4a2985ff7346781058307158b2213159d1e6f6a7
bass1/18085__daven__10-sb-bass-hit-c.wav,audio,24736,0.185034,pcm_s24le,44100,1,audio/x-wav,https://raw.githubusercontent.com/ZBZFirst/file/master/samples/bass1/18085__daven__10-sb-bass-hit-c.wav,eac1365a98764ca07bff79fb25da229348401a8fd3bc18cebb19e97f3fa87a5e
bass1/18086__daven__11-sb-bass-hit-c.wav,audio,85312,0.642902,pcm_s24le,44100,1,audio/x-wav,https://raw.githubusercontent.com/ZBZFirst/file/master/samples/bass1/18086__daven__11-sb-bass-hit-c.wav,ff595cee23fa645d68b6fff8b3a567b5018f34624b20df5e4a83d85324d7d471
bass1/18087__daven__12-sb-bass-hit-c.wav,audio,84544,0.637098,pcm_s24le,44100,1,audio/x-wav,https://raw.githubusercontent.com/ZBZFirst/file/master/samples/bass1/18087__daven__12-sb-bass-hit-c.wav,d3b8cd0ffa31fa6dd23aded1dc248470891e6b4f317a8f0608503566327f3fc4
bass1/18088__daven__13-sb-bass-hit-c.wav,audio,79936,0.602268,pcm_s24le,44100,1,audio/x-wav,https://raw.githubusercontent.com/ZBZFirst/file/master/samples/bass1/18088__daven__13-sb-bass-hit-c.wav,cb2acc90d2deae2e1691b8764f413e709ba884c1b354927f5d3a6c12a864bd18
bass1/18089__daven__14-sb-bass-hit-c.wav,audio,13264,0.098322,pcm_s24le,44100,1,audio/x-wav,https://raw.githubusercontent.com/ZBZFirst/file/master/samples/bass1/18089__daven__14-sb-bass-hit-c.wav,48586a58a31299dfa6e0b52d1586026074cc8f9892742f34cbc5c59901153c3f
bass1/18090__daven__15-sb-bass-hit-c.wav,audio,417280,3.152109,pcm_s24le,44100,1,audio/x-wav,https://raw.githubusercontent.com/ZBZFirst/file/master/samples/bass1/18090__daven__15-sb-bass-hit-c.wav,57aec65266fcd0719ed7b73a78d7beafec22a201c7d6fb62d589cc5789ab07bf
bass1/18091__daven__16-sb-bass-hit-c.wav,audio,74560,0.561633,pcm_s24le,44100,1,audio/x-wav,https://raw.githubusercontent.com/ZBZFirst/file/master/samples/bass1/18091__daven__16-sb-bass-hit-c.wav,570522245e85bec57222db0e93941c5f539666b9896daa3b4b49ad2780a371d9
bass1/18092__daven__17-sb-bass-hit-c.wav,audio,84352,0.635646,pcm_s24le,44100,1,audio/x-wav,https://raw.githubusercontent.com/ZBZFirst/file/master/samples/bass1/18092__daven__17-sb-bass-hit-c.wav,7a72631e10d585c76527c7da02aa672087b38cc3fbbe598bfe736ced258a2591
bass1/18093__daven__18-sb-bass-hit-c.wav,audio,300450,2.269751,pcm_s24le,44100,1,audio/x-wav,https://raw.githubusercontent.com/ZBZFirst/file/master/samples/bass1/18093__daven__18-sb-bass-hit-c.wav,82dcc215cc3103fa6c4e63f9e37084333738102fb4de8365fd430e5366cef27b
bass1/18094__daven__19-sb-bass-hit-f.wav,audio,641486,4.847166,pcm_s24le,44100,1,audio/x-wav,https://raw.githubusercontent.com/ZBZFirst/file/master/samples/bass1/18094__daven__19-sb-bass-hit-f.wav,fa9daf92c5112454b40adb1f738cb23c55fd8fda809becd85bd94ec2ba4aa0b5
bass1/18095__daven__20-sb-bass-hit-f.wav,audio,645326,4.87619,pcm_s24le,44100,1,audio/x-wav,https://raw.githubusercontent.com/ZBZFirst/file/master/samples/bass1/18095__daven__20-sb-bass-hit-f.wav,35f77a0d2df6a06388a1368b2a9f12ce68639cff6a3d00bf606769ccce9b705f
bass1/18096__daven__21-sb-bass-hit-f.wav,audio,27572,0.206803,pcm_s24le,44100,1,audio/x-wav,https://raw.githubusercontent.com/ZBZFirst/file/master/samples/bass1/18096__daven__21-sb-bass-hit-f.wav,e0026c6a06b94963853a0e3f35589ed4e79d94b60bdf92d42e951f0e412c0374
bass1/18097__daven__22-sb-bass-hit-f.wav,audio,190706,1.439864,pcm_s24le,44100,1,audio/x-wav,https://raw.githubusercontent.com/ZBZFirst/file/master/samples/bass1/18097__daven__22-sb-bass-hit-f.wav,22949bf7ed8a8ad7611af4c65a4ef846fddef06350a935bffe8c36ed6ac0371d
bass1/18098__daven__23-sb-bass-hit-f.wav,audio,68276,0.514467,pcm_s24le,44100,1,audio/x-wav,https://raw.githubusercontent.com/ZBZFirst/file/master/samples/bass1/18098__daven__23-sb-bass-hit-f.wav,52e7f1f83242275a6f3fb9e4f1577b2d2dccd158d1751a981f1d1f3a5a7f878e
bass1/18099__daven__24-sb-bass-hit-f.wav,audio,79220,0.597188,pcm_s24le,44100,1,audio/x-wav,https://raw.githubusercontent.com/ZBZFirst/file/master/samples/bass1/18099__daven__24-sb-bass-hit-f.wav,4c0191b09e798f54fb6f97e5a69c0b5708388b21fa3fc4121f497f653181a914
bass1/18100__daven__25-sb-bass-hit-f.wav,audio,54932,0.413605,pcm_s24le,44100,1,audio/x-wav,https://raw.githubusercontent.com/ZBZFirst/file/master/samples/bass1/18100__daven__25-sb-bass-hit-f.wav,1e0bc351550b58817b73d2dfee095a1089a094f6e6755cfa098ddff104ee5be6
bass1/18101__daven__26-sb-bass-hit-f.wav,audio,477314,3.606213,pcm_s24le,44100,1,audio/x-wav,https://raw.githubusercontent.com/ZBZFirst/file/master/samples/bass1/18101__daven__26-sb-bass-hit-f.wav,94c721c28e65394e5525b80c7e03aadc9520cdc384d841f10434689fb3505a90
bass1/18102__daven__27-sb-bass-hit-f.wav,audio,551196,4.164671,pcm_s24le,44100,1,audio/x-wav,https://raw.githubusercontent.com/ZBZFirst/file/master/samples/bass1/18102__daven__27-sb-bass-hit-f.wav,9416b61b7ab8665a90b55a2a2ef6a7c8739e112b0a45bb3a1aeced76edbcc531
bass1/18103__daven__28-sb-bass-hit-f.wav,audio,552042,4.171066,pcm_s24le,44100,1,audio/x-wav,https://raw.githubusercontent.com/ZBZFirst/file/master/samples/bass1/18103__daven__28-sb-bass-hit-f.wav,5af9178985e2200a9765203939415c327bf83d776a7cad98f56d163b4a190641
bass1/18104__daven__29-sb-bass-hit-f.wav,audio,1297074,9.802449,pcm_s24le,44100,1,audio/x-wav,https://raw.githubusercontent.com/ZBZFirst/file/master/samples/bass1/18104__daven__29-sb-bass-hit-f.wav,5eefc7d20bf3534d2d892911fd2926ee12f85d93d3784a0af6b16e60c233a94c
bass1/18105__daven__30-sb-bass-hit-f.wav,audio,355358,2.684444,pcm_s24le,44100,1,audio/x-wav,https://raw.githubusercontent.com/ZBZFirst/file/master/samples/bass1/18105__daven__30-sb-bass-hit-f.wav,c619e197a404a8c0aa5ac0365c93926409ef1f3c82d8d2921db27b4e4d12ec19
bass1/_readme_and_license.txt,text,4678,,,,,text/plain,https://raw.githubusercontent.com/ZBZFirst/file/master/samples/bass1/_readme_and_license.txt,5b8ea273c6c82d801a63f4dfc76ffeee904088c7789440bda8278bd19f7d7c10
bass2/69988__noizemassacre__hardcore-bass-1.wav,audio,303364,1.718753,pcm_s16le,44100,2,audio/x-wav,https://raw.githubusercontent.com/ZBZFirst/file/master/samples/bass2/69988__noizemassacre__hardcore-bass-1.wav,4f3ae6ed8ffbdd954a6f3db90aea48508b8f7d3d13100a0569895fc95825aed9
bass2/69989__noizemassacre__hardcore-bass-2.wav,audio,303364,1.718753,pcm_s16le,44100,2,audio/x-wav,https://raw.githubusercontent.com/ZBZFirst/file/master/samples/bass2/69989__noizemassacre__hardcore-bass-2.wav,0bdbc94a8522dc2fc06c62ab77711d5919d56e91a0261ecb3629c436893b3b79
bass2/69990__noizemassacre__hardcore-bass-3.wav,audio,303364,1.718753,pcm_s16le,44100,2,audio/x-wav,https://raw.githubusercontent.com/ZBZFirst/file/master/samples/bass2/69990__noizemassacre__hardcore-bass-3.wav,169130aaf22cc96e8538baccee98dc3021e8c9d0a7f997e40862b5ccecddabbf
bass2/69991__noizemassacre__hardcore-bass-4.wav,audio,303364,1.718753,pcm_s16le,44100,2,audio/x-wav,https://raw.githubusercontent.com/ZBZFirst/file/master/samples/bass2/69991__noizemassacre__hardcore-bass-4.wav,7d9c18d154813ef604abb9cb92fcf569ed008be1c1fb264e5ce8797817344f35
bass2/69992__noizemassacre__hardcore-bass-5.wav,audio,303364,1.718753,pcm_s16le,44100,2,audio/x-wav,https://raw.githubusercontent.com/ZBZFirst/file/master/samples/bass2/69992__noizemassacre__hardcore-bass-5.wav,f431644c357694ee46881f6725589fbbe429f0a7319746cc71d8377499d57127
bass2/_readme_and_license.txt,text,1332,,,,,text/plain,https://raw.githubusercontent.com/ZBZFirst/file/master/samples/bass2/_readme_and_license.txt,5dd613c2cfd6e320acd4cc4e05000b7462043321c6afb799245e4caa28c7c202
bass3/83245__zgump__bass-0201.wav,audio,302564,1.714286,pcm_s16le,44100,2,audio/x-wav,https://raw.githubusercontent.com/ZBZFirst/file/master/samples/bass3/83245__zgump__bass-0201.wav,193a922604b7719b3612c7006f3019d3d6f2ba86df51cda0708885561fbc6eda
bass3/83246__zgump__bass-0202.wav,audio,183288,1.038458,pcm_s16le,44100,2,audio/x-wav,https://raw.githubusercontent.com/ZBZFirst/file/master/samples/bass3/83246__zgump__bass-0202.wav,b19218121a33794c15eaa06594ae3940559cdd2742eff6353f7e4056141e7460
bass3/83247__zgump__bass-0203.wav,audio,183288,1.038458,pcm_s16le,44100,2,audio/x-wav,https://raw.githubusercontent.com/ZBZFirst/file/master/samples/bass3/83247__zgump__bass-0203.wav,8e6aca6ea7be88f765a0f7bec8ad98d0fbc1a434e112ca18cddd20a593df10b9
bass3/83248__zgump__bass-0204.wav,audio,183288,1.038458,pcm_s16le,44100,2,audio/x-wav,https://raw.githubusercontent.com/ZBZFirst/file/master/samples/bass3/83248__zgump__bass-0204.wav,6475327b36d99b76dc2bb78167130aa3faef3ba929668ee6b8d39ef3c0a39b39
bass3/83249__zgump__bass-0205.wav,audio,183288,1.038458,pcm_s16le,44100,2,audio/x-wav,https://raw.githubusercontent.com/ZBZFirst/file/master/samples/bass3/83249__zgump__bass-0205.wav,f85ca3d1f3b0824373bd4084f0bc4f454a6cb7b1e4bdecd9d235e3be56ff2e09
bass3/83250__zgump__bass-0206.wav,audio,264704,1.5,pcm_s16le,44100,2,audio/x-wav,https://raw.githubusercontent.com/ZBZFirst/file/master/samples/bass3/83250__zgump__bass-0206.wav,65daa2f5fb1853a0a4f9c06ad380cdd2b97fe0eb656d4636bb7d22bb0bc18075
bass3/83251__zgump__bass-0207.wav,audio,170812,0.967732,pcm_s16le,44100,2,audio/x-wav,https://raw.githubusercontent.com/ZBZFirst/file/master/samples/bass3/83251__zgump__bass-0207.wav,8de28ddb4de7f48685301cd441efadd4f77b49a484965e0eccdfb1097506992b
bass3/83252__zgump__bass-0208.wav,audio,95180,0.538662,pcm_s16le,44100,2,audio/x-wav,https://raw.githubusercontent.com/ZBZFirst/file/master/samples/bass3/83252__zgump__bass-0208.wav,cbd460cb135d8d0fab6397a4627fc785dbb03128f270cabbb45ee343392887ea
bass3/83253__zgump__bass-0209.wav,audio,128716,0.72873,pcm_s16le,44100,2,audio/x-wav,https://raw.githubusercontent.com/ZBZFirst/file/master/samples/bass3/83253__zgump__bass-0209.wav,45236e8f95f75c713192e5e7fcda88e1cbb854f6e8391650a3f3f7ae1e56c6d7
bass3/85056__zgump__reverse-bass-01.wav,audio,79484,0.45,pcm_s16le,44100,2,audio/x-wav,https://raw.githubusercontent.com/ZBZFirst/file/master/samples/bass3/85056__zgump__reverse-bass-01.wav,ca719670e52571a20471623820ce4fa67f84067819d2228369b9807f26be73c2
bass3/85057__zgump__reverse-bass-02.wav,audio,79484,0.45,pcm_s16le,44100,2,audio/x-wav,https://raw.githubusercontent.com/ZBZFirst/file/master/samples/bass3/85057__zgump__reverse-bass-02.wav,f873386873264e76ffac6beb84cc18f06a241565178f258394bd199817ed99be
bass3/_readme_and_license.txt,text,2029,,,,,text/plain,https://raw.githubusercontent.com/ZBZFirst/file/master/samples/bass3/_readme_and_license.txt,03b80d79609d9026745c02bb2f9fce10c9b12c9f6179f5f9c27d2533ce1b238e
bassdm/000_BT0A0A7.WAV.ews,text,6272,,,,,,https://raw.githubusercontent.com/ZBZFirst/file/master/samples/bassdm/000_BT0A0A7.WAV.ews,542a11f7b920716160215d670c5491f979c6f3abfaf9f443ee115174f9cdda09
bassdm/001_BT0A0A7.WAV,audio,25080,0.283855,pcm_s16le,44100,1,audio/x-wav,https://raw.githubusercontent.com/ZBZFirst/file/master/samples/bassdm/001_BT0A0A7.WAV,1f8f957321f0866da73f470f7b02d0cef16b910af25c3fa3b3ccbe7481e385a8
bassdm/002_BT0A0D0.WAV,audio,8848,0.099819,pcm_s16le,44100,1,audio/x-wav,https://raw.githubusercontent.com/ZBZFirst/file/master/samples/bassdm/002_BT0A0D0.WAV,fb3315968c57f510b06cde7136444744a38e1ab5ea718675d2dfb340d30a25c2
bassdm/003_BT0A0D3.WAV,audio,15034,0.169955,pcm_s16le,44100,1,audio/x-wav,https://raw.githubusercontent.com/ZBZFirst/file/master/samples/bassdm/003_BT0A0D3.WAV,f4d4caab574fc9fa973721dd1b300e933ce35df634b8176b495e2555e72693e3
bassdm/004_BT0A0DA.WAV,audio,43888,0.497098,pcm_s16le,44100,1,audio/x-wav,https://raw.githubusercontent.com/ZBZFirst/file/master/samples/bassdm/004_BT0A0DA.WAV,21b03648d85da9d2fc1a251e378086fcc8977d802e26608f7e155638544a46b8
bassdm/005_BT0AAD0.WAV,audio,9504,0.107256,pcm_s16le,44100,1,audio/x-wav,https://raw.githubusercontent.com/ZBZFirst/file/master/samples/bassdm/005_BT0AAD0.WAV,cbdbaf55d35fce004a9d5d989a02730538ef480a059a6e5f1d02616b22575efa
bassdm/006_BT0AADA.WAV,audio,44020,0.498594,pcm_s16le,44100,1,audio/x-wav,https://raw.githubusercontent.com/ZBZFirst/file/master/samples/bassdm/006_BT0AADA.WAV,1847de982b4250dad24b5039ba89f5abd8458c963332be87a528163304daabd7
bassdm/007_BT3A0D0.WAV,audio,8740,0.098594,pcm_s16le,44100,1,audio/x-wav,https://raw.githubusercontent.com/ZBZFirst/file/master/samples/bassdm/007_BT3A0D0.WAV,f1721449318dfbdebe90e6d638df7b6420d6bbd2a54de37ded7b354f0c64a69b
bassdm/008_BT3A0D3.WAV,audio,15924,0.180045,pcm_s16le,44100,1,audio/x-wav,https://raw.githubusercontent.com/ZBZFirst/file/master/samples/bassdm/008_BT3A0D3.WAV,98e8d23cde377254033823b28ee04c981da7e2e9eebc0bd263eda98ae931aa94
bassdm/009_BT3A0D7.WAV,audio,28594,0.323696,pcm_s16le,44100,1,audio/x-wav,https://raw.githubusercontent.com/ZBZFirst/file/master/samples/bassdm/009_BT3A0D7.WAV,3fd175285a4fc1e36ea3fa6731b16a09a31198365ede19bac40f19d5030cbe19
bassdm/010_BT3A0DA.WAV,audio,42880,0.485669,pcm_s16le,44100,1,audio/x-wav,https://raw.githubusercontent.com/ZBZFirst/file/master/samples/bassdm/010_BT3A0DA.WAV,970223a6d150d89e85d7b98f86d3288b490e1cfb792282c075103d2e96bc552e
bassdm/011_BT3AAD0.WAV,audio,8706,0.098209,pcm_s16le,44100,1,audio/x-wav,https://raw.githubusercontent.com/ZBZFirst/file/master/samples/bassdm/011_BT3AAD0.WAV,3fb5c5a5e541dc91bc8ce97e0d7ec1c074cf3c077709310721ddf736c8312462
bassdm/012_BT3AADA.WAV,audio,42900,0.485896,pcm_s16le,44100,1,audio/x-wav,https://raw.githubusercontent.com/ZBZFirst/file/master/samples/bassdm/012_BT3AADA.WAV,6aef68c103573d9d1e460a82db4fef2b9682ee40ab8dc3fa05c207a81c388771
bassdm/013_BT7A0D0.WAV,audio,9472,0.106893,pcm_s16le,44100,1,audio/x-wav,https://raw.githubusercontent.com/ZBZFirst/file/master/samples/bassdm/013_BT7A0D0.WAV,e095cb4ae448182a6045cd2965eb0dc8d73dc0a481e53a77e3049aedba7ba330
bassdm/014_BT7A0D3.WAV,audio,14960,0.169116,pcm_s16le,44100,1,audio/x-wav,https://raw.githubusercontent.com/ZBZFirst/file/master/samples/bassdm/014_BT7A0D3.WAV,88059e4cd5ed6b1669efdb4368c3ab884296055bb75813faeb36aaf37e1293a0
bassdm/015_BT7A0D7.WAV,audio,27544,0.311791,pcm_s16le,44100,1,audio/x-wav,https://raw.githubusercontent.com/ZBZFirst/file/master/samples/bassdm/015_BT7A0D7.WAV,d3f1e0ddb95a08aab76c304a805fe629c1d1a0fee4893e860d24d2b9867506b4
bassdm/016_BT7A0DA.WAV,audio,43668,0.494603,pcm_s16le,44100,1,audio/x-wav,https://raw.githubusercontent.com/ZBZFirst/file/master/samples/bassdm/016_BT7A0DA.WAV,8f5fc4f8f0c23889c217e680c68fb60d1e571c1128c8061e943a7809214c16a8
bassdm/017_BT7AAD0.WAV,audio,9448,0.106621,pcm_s16le,44100,1,audio/x-wav,https://raw.githubusercontent.com/ZBZFirst/file/master/samples/bassdm/017_BT7AAD0.WAV,f3fbfba0aaf53c20065997f0e212979597f1eb8588597ba7a07c6ab16bf45c9d
bassdm/018_BT7AADA.WAV,audio,43616,0.494014,pcm_s16le,44100,1,audio/x-wav,https://raw.githubusercontent.com/ZBZFirst/file/master/samples/bassdm/018_BT7AADA.WAV,c8c24588f56ed651d960eeb1d538b634095414f29cef5b8238aa09ee345519c8
bassdm/019_BTAA0D0.WAV,audio,9220,0.104036,pcm_s16le,44100,1,audio/x-wav,https://raw.githubusercontent.com/ZBZFirst/file/master/samples/bassdm/019_BTAA0D0.WAV,2310c9b8d87c47e86e74da5394e6f7b900a0cb15280d747463b1f21890e4aad9
bassdm/020_BTAA0D3.WAV,audio,16310,0.184422,pcm_s16le,44100,1,audio/x-wav,https://raw.githubusercontent.com/ZBZFirst/file/master/samples/bassdm/020_BTAA0D3.WAV,8c51546246a0105af5c397d476ebf8ea01d6a8ed8b290da01cba7154bcbc0910
bassdm/021_BTAA0D7.WAV,audio,28874,0.326871,pcm_s16le,44100,1,audio/x-wav,https://raw.githubusercontent.com/ZBZFirst/file/master/samples/bassdm/021_BTAA0D7.WAV,b1781186be129f8da2276809b32577e2d8e7fefde4813a54e02c05b12fdce474
bassdm/022_BTAA0DA.WAV,audio,43010,0.487143,pcm_s16le,44100,1,audio/x-wav,https://raw.githubusercontent.com/ZBZFirst/file/master/samples/bassdm/022_BTAA0DA.WAV,ba855087572a6eca9403846b5b5d17686ebacb366a346ea44e91f49df94767c5
bassdm/023_BTAAAD0.WAV,audio,9216,0.103991,pcm_s16le,44100,1,audio/x-wav,https://raw.githubusercontent.com/ZBZFirst/file/master/samples/bassdm/023_BTAAAD0.WAV,f85bce729c9d00c0c9c005fbf4af73d796d618c41a7dbd54cebfbe2022a32c8c
bassdm/024_BTAAADA.WAV,audio,43014,0.487188,pcm_s16le,44100,1,audio/x-wav,https://raw.githubusercontent.com/ZBZFirst/file/master/samples/bassdm/024_BTAAADA.WAV,66c51984d194e27ecea320bbc65135059e37877f7930d9ff853fadc983ca840d
bassfoo/000_0.wav,audio,11070,0.249977,pcm_s16le,22050,1,audio/x-wav,https://raw.githubusercontent.com/ZBZFirst/file/master/samples/bassfoo/000_0.wav,c8f4a504f9daee9a1ddf0237da205feb19371a22d57c27d841fb23a035b8eab0
bassfoo/001_1.wav,audio,22096,0.5,pcm_s16le,22050,1,audio/x-wav,https://raw.githubusercontent.com/ZBZFirst/file/master/samples/bassfoo/001_1.wav,411805eb3a38d4827165a20b3c5dc72a560664743506c75dba232baa6160a91f
bassfoo/002_2.wav,audio,22096,0.5,pcm_s16le,22050,1,audio/x-wav,https://raw.githubusercontent.com/ZBZFirst/file/master/samples/bassfoo/002_2.wav,34a521638add9e219a570904a5cf7bb3b2539cd71df28668435664dcc7ee9e57
battles/000_explo1.wav,audio,210882,2.390295,pcm_s16le,44100,1,audio/x-wav,https://raw.githubusercontent.com/ZBZFirst/file/master/samples/battles/000_explo1.wav,056cf157109f064c7ac91833583ce6f3ed06907c23b19525941c1a3175094416
battles/001_explo2.wav,audio,298264,3.38102,pcm_s16le,44100,1,audio/x-wav,https://raw.githubusercontent.com/ZBZFirst/file/master/samples/battles/001_explo2.wav,43b9d719028198c0b07898000b2165dc4156dbdc6aa40d7c66f372c8e92ab9aa
bd/BT0A0A7.wav,audio,25108,0.284166,pcm_s16le,44101,1,audio/x-wav,https://raw.githubusercontent.com/ZBZFirst/file/master/samples/bd/BT0A0A7.wav,7fc84cc6c9fead786ec34418ee44f62645dab62747f076d6e07066ee03c695a9
bd/BT0A0D0.wav,audio,8978,0.10129,pcm_s16le,44101,1,audio/x-wav,https://raw.githubusercontent.com/ZBZFirst/file/master/samples/bd/BT0A0D0.wav,44d75743bcb4599f819b8d398b0b637dc66cd70a8bb780ea9b052a0d1d138ffd
bd/BT0A0D3.wav,audio,15138,0.17113,pcm_s16le,44101,1,audio/x-wav,https://raw.githubusercontent.com/ZBZFirst/file/master/samples/bd/BT0A0D3.wav,94f05e8578cd46fc30c99cad1f8104c76589ccbe31a4ce3a956030cd46507eff
bd/BT0A0DA.wav,audio,44028,0.498685,pcm_s16le,44100,1,audio/x-wav,https://raw.githubusercontent.com/ZBZFirst/file/master/samples/bd/BT0A0DA.wav,d1714a78e95d79149fbca2bbe3d6b1fe78dd7dbe87c8101464ff2cf90141dccf
bd/BT0AAD0.wav,audio,9628,0.108662,pcm_s16le,44100,1,audio/x-wav,https://raw.githubusercontent.com/ZBZFirst/file/master/samples/bd/BT0AAD0.wav,e0cc6865cfb8ba78e4613b22b7f3cf56b55fef8a6e0de34575a89c00453f17a9
bd/BT0AADA.wav,audio,44020,0.498594,pcm_s16le,44100,1,audio/x-wav,https://raw.githubusercontent.com/ZBZFirst/file/master/samples/bd/BT0AADA.wav,800374087470f5af5b80be4122f5c46a1bc7bc279f8fcdc92a2d8ca97f06a9cf
bd/BT3A0D0.wav,audio,8740,0.098594,pcm_s16le,44100,1,audio/x-wav,https://raw.githubusercontent.com/ZBZFirst/file/master/samples/bd/BT3A0D0.wav,44d53f520c5492b1ed84593d3415c2fd20f43f0306e2d95aa8caaa9986708be7
bd/BT3A0D3.wav,audio,15924,0.180045,pcm_s16le,44100,1,audio/x-wav,https://raw.githubusercontent.com/ZBZFirst/file/master/samples/bd/BT3A0D3.wav,d20343b184e615e4c436e020d02efdd73848175cae1496b5c6d1655b9a122c9f
bd/BT3A0D7.wav,audio,28594,0.323696,pcm_s16le,44100,1,audio/x-wav,https://raw.githubusercontent.com/ZBZFirst/file/master/samples/bd/BT3A0D7.wav,37d999cccfe2ba373adbd9e6e77d4f474086c803ecd67670d8aa6d9afa55c586
bd/BT3A0DA.wav,audio,42880,0.485669,pcm_s16le,44100,1,audio/x-wav,https://raw.githubusercontent.com/ZBZFirst/file/master/samples/bd/BT3A0DA.wav,c9304cd928a35c6fc5734b2613b0e3875ef4496376d35ac02b35c83de2449997
bd/BT3AAD0.wav,audio,8706,0.098209,pcm_s16le,44100,1,audio/x-wav,https://raw.githubusercontent.com/ZBZFirst/file/master/samples/bd/BT3AAD0.wav,14da9a69c66ad984f7c96811492a45cb4f703d23e67b8a8e57879aac2f6384e2
bd/BT3AADA.wav,audio,42900,0.485896,pcm_s16le,44100,1,audio/x-wav,https://raw.githubusercontent.com/ZBZFirst/file/master/samples/bd/BT3AADA.wav,6aef68c103573d9d1e460a82db4fef2b9682ee40ab8dc3fa05c207a81c388771
bd/BT7A0D0.wav,audio,9472,0.106893,pcm_s16le,44100,1,audio/x-wav,https://raw.githubusercontent.com/ZBZFirst/file/master/samples/bd/BT7A0D0.wav,f53b94d6941971a0c781d0f41675bd94e53692e20d96da318080c82e928b241f
bd/BT7A0D3.wav,audio,14960,0.169116,pcm_s16le,44100,1,audio/x-wav,https://raw.githubusercontent.com/ZBZFirst/file/master/samples/bd/BT7A0D3.wav,7941a6040c4fcb8f3e2a9cde22f7174f4d64ffc8dd99ddf6cbda794e3f165f15
bd/BT7A0D7.wav,audio,27544,0.311791,pcm_s16le,44100,1,audio/x-wav,https://raw.githubusercontent.com/ZBZFirst/file/master/samples/bd/BT7A0D7.wav,2d48e2e4d9c65bbe44a8cc38bbf1f426dbcd5046ce8392f48a1d4565efeb8460
bd/BT7A0DA.wav,audio,43668,0.494603,pcm_s16le,44100,1,audio/x-wav,https://raw.githubusercontent.com/ZBZFirst/file/master/samples/bd/BT7A0DA.wav,a9f270122501ff8cfadc731550c8f5e696f04328fff05ded7303379f79d4cb01
bd/BT7AAD0.wav,audio,9448,0.106621,pcm_s16le,44100,1,audio/x-wav,https://raw.githubusercontent.com/ZBZFirst/file/master/samples/bd/BT7AAD0.wav,077934775a45350394d741e1d207b7c54a26c10d1f586b70d80cce97f5cbdd93
bd/BT7AADA.wav,audio,43616,0.494014,pcm_s16le,44100,1,audio/x-wav,https://raw.githubusercontent.com/ZBZFirst/file/master/samples/bd/BT7AADA.wav,7b5ea5fa7e6687f67d442e5f68e03508ab3de6db327ca544e3b6b18cb2ecf526
bd/BTAA0D0.wav,audio,9220,0.104036,pcm_s16le,44100,1,audio/x-wav,https://raw.githubusercontent.com/ZBZFirst/file/master/samples/bd/BTAA0D0.wav,9908f8f65468dbbdd32c09cf50b0b62c700398bfc4996562eaaba6219926565d
bd/BTAA0D3.wav,audio,16310,0.184422,pcm_s16le,44100,1,audio/x-wav,https://raw.githubusercontent.com/ZBZFirst/file/master/samples/bd/BTAA0D3.wav,a5dac0dbe48b048a73f4c145f266b8feb4e2b635cc88cc7b9472c3a02fea6295
bd/BTAA0D7.wav,audio,28874,0.326871,pcm_s16le,44100,1,audio/x-wav,https://raw.githubusercontent.com/ZBZFirst/file/master/samples/bd/BTAA0D7.wav,cd5ff780994ddbee03e443e6933d12da92a1690117424ec387b5590436a901ed
bd/BTAA0DA.wav,audio,43010,0.487143,pcm_s16le,44100,1,audio/x-wav,https://raw.githubusercontent.com/ZBZFirst/file/master/samples/bd/BTAA0DA.wav,ba855087572a6eca9403846b5b5d17686ebacb366a346ea44e91f49df94767c5
bd/BTAAAD0.wav,audio,9216,0.103991,pcm_s16le,44100,1,audio/x-wav,https://raw.githubusercontent.com/ZBZFirst/file/master/samples/bd/BTAAAD0.wav,ad874a6b870e49faa5aa1f77854fb2452d103267f94fee7cccc104fc4d867c80
bd/BTAAADA.wav,audio,43014,0.487188,pcm_s16le,44100,1,audio/x-wav,https://raw.githubusercontent.com/ZBZFirst/file/master/samples/bd/BTAAADA.wav,070c6dad51884e611ea58ede8fe3a3ac48c0ef097f36c9dbab6a00c9ecbabd70
bend/000_2.wav,audio,26822,0.302608,pcm_s16le,44100,1,audio/x-wav,https://raw.githubusercontent.com/ZBZFirst/file/master/samples/bend/000_2.wav,d42063d9fd81b729a8ecb6d2318fb70be1ef1903b12267f649b0e2bb6ca0458c
bend/001_5.wav,audio,26822,0.302608,pcm_s16le,44100,1,audio/x-wav,https://raw.githubusercontent.com/ZBZFirst/file/master/samples/bend/001_5.wav,923c2f5ec80307add0d15cdff6ec0668fb702fd3db8aa423a029375e463a5efc
bend/002_6.wav,audio,26822,0.302608,pcm_s16le,44100,1,audio/x-wav,https://raw.githubusercontent.com/ZBZFirst/file/master/samples/bend/002_6.wav,7cece7e202fb5eec78167bb476ad94ef2aedd924c7372e63c2dc6dc81100a616
bend/003_8.wav,audio,26822,0.302608,pcm_s16le,44100,1,audio/x-wav,https://raw.githubusercontent.com/ZBZFirst/file/master/samples/bend/003_8.wav,67b6588ca5c68f2789bfaf11db81354e6d7015a82324a18e23b45d6fcfb47358
bev/00-mono.wav,audio,1416306,16.05619,pcm_s16le,44100,1,audio/x-wav,https://raw.githubusercontent.com/ZBZFirst/file/master/samples/bev/00-mono.wav,1e67cb66041b0de6a1859c7af684e03766e3f60c76949f4263613989787e95d5
bev/01-stereo.wav,audio,2832462,16.05619,pcm_s16le,44100,2,audio/x-wav,https://raw.githubusercontent.com/ZBZFirst/file/master/samples/bev/01-stereo.wav,ba9ac1cd8178cfb39cea187984eec3e28fb143f8272e1c8b9e1cb40dd85afd69
bin/000_bin1.wav,audio,144458,0.818254,pcm_s16le,44100,2,audio/x-wav,https://raw.githubusercontent.com/ZBZFirst/file/master/samples/bin/000_bin1.wav,f1b050b8e104770a5d2b5355b4b2be8389dadd0774f6f2625d61dab7f5a61bc2
bin/001_0.wav,audio,72214,0.818254,pcm_s16le,44100,1,audio/x-wav,https://raw.githubusercontent.com/ZBZFirst/file/master/samples/bin/001_0.wav,54f7d7189998f01c2ee8fb61ee679c23f5a409c8b1e2785001e17ef2582f1a26
birds/000_1.wav,audio,352844,2.0,pcm_s16le,44100,2,audio/x-wav,https://raw.githubusercontent.com/ZBZFirst/file/master/samples/birds/000_1.wav,d9c4a49ed86bbe4ed0e3ed7df6220afbe9308154e6cd70c23928345d3f4b5b89
birds/001_10.wav,audio,352844,2.0,pcm_s16le,44100,2,audio/x-wav,https://raw.githubusercontent.com/ZBZFirst/file/master/samples/birds/001_10.wav,29daa4a7e294093f8bcea503a1fb6d99d5f3ac64b305b81fc1eff4ccdcbc71b2
birds/002_2.wav,audio,529244,3.0,pcm_s16le,44100,2,audio/x-wav,https://raw.githubusercontent.com/ZBZFirst/file/master/samples/birds/002_2.wav,3612fdc4d441c17bd41e384ec9bf9899378a7f0d381791a8835c4e79a7fae175
birds/003_3.wav,audio,441044,2.5,pcm_s16le,44100,2,audio/x-wav,https://raw.githubusercontent.com/ZBZFirst/file/master/samples/birds/003_3.wav,90f1734cdcd05ffee8f00e254fb37926aa49e2c2612f384509ae37975e2e0aba
birds/004_4.wav,audio,705644,4.0,pcm_s16le,44100,2,audio/x-wav,https://raw.githubusercontent.com/ZBZFirst/file/master/samples/birds/004_4.wav,77289b2fcf0d0a75a535eeed3ab729c12e8913a8861fe17a137c571ed2133fba
birds/005_5.wav,audio,176444,1.0,pcm_s16le,44100,2,audio/x-wav,https://raw.githubusercontent.com/ZBZFirst/file/master/samples/birds/005_5.wav,36602c256569c9e28f7a2f65d9521327e25a4c561fd7111b6b8a78bb92b65fd5
birds/006_6.wav,audio,154396,0.875011,pcm_s16le,44100,2,audio/x-wav,https://raw.githubusercontent.com/ZBZFirst/file/master/samples/birds/006_6.wav,8ad5f718c3c7f7cae8b9326a31797fc9d10a51d7c1b477ab542dd6ec63895fc7
birds/007_7.wav,audio,242596,1.375011,pcm_s16le,44100,2,audio/x-wav,https://raw.githubusercontent.com/ZBZFirst/file/master/samples/birds/007_7.wav,91c08b88cf4ec114f7a75204614698c7a6bf565d5cbd6f1f7d3a297a99e8c0cf
birds/008_8.wav,audio,308744,1.75,pcm_s16le,44100,2,audio/x-wav,https://raw.githubusercontent.com/ZBZFirst/file/master/samples/birds/008_8.wav,0f57207d4f1c3c9deb28f51bf93f6a441b6b264ba15fc748967de595844b66bf
birds/009_9.wav,audio,308744,1.75,pcm_s16le,44100,2,audio/x-wav,https://raw.githubusercontent.com/ZBZFirst/file/master/samples/birds/009_9.wav,6f596f4faea988419baf52c17b7a5a76db7539928d185765f222bd9ba50d9619
birds3/000_1.wav,audio,1932,0.021406,pcm_s16le,44100,1,audio/x-wav,https://raw.githubusercontent.com/ZBZFirst/file/master/samples/birds3/000_1.wav,3adf19acf843b38baebe6a63076a5f04232b495de526cbfc931e68e6016c04fc
birds3/001_10.wav,audio,1628,0.017959,pcm_s16le,44100,1,audio/x-wav,https://raw.githubusercontent.com/ZBZFirst/file/master/samples/birds3/001_10.wav,b3782308e9b0da7843a04f4d357ebb31f4c67e126302a26d55416b5ea1556e1c
birds3/002_11.wav,audio,2284,0.025397,pcm_s16le,44100,1,audio/x-wav,https://raw.githubusercontent.com/ZBZFirst/file/master/samples/birds3/002_11.wav,e5c4caa0f3fbf7d2547cb7b7c7e9419d88b4c12a81f5e19d35b69ecf354e73f3
birds3/003_12.wav,audio,3980,0.044626,pcm_s16le,44100,1,audio/x-wav,https://raw.githubusercontent.com/ZBZFirst/file/master/samples/birds3/003_12.wav,578d053134c159f437cd402549c8e0fa83167bf136c04e0e10941142e21ee7f8
birds3/004_13.wav,audio,2636,0.029388,pcm_s16le,44100,1,audio/x-wav,https://raw.githubusercontent.com/ZBZFirst/file/master/samples/birds3/004_13.wav,855c4295e3bc85c1496b812dabf2dd58c0266c0883ed978133486a925fc7ccb5
birds3/005_14.wav,audio,5196,0.058413,pcm_s16le,44100,1,audio/x-wav,https://raw.githubusercontent.com/ZBZFirst/file/master/samples/birds3/005_14.wav,043069ed5306aa4ab7e323e21a891ee1c898e4c93ab675499c06129c6784968e
birds3/006_15.wav,audio,3340,0.03737,pcm_s16le,44100,1,audio/x-wav,https://raw.githubusercontent.com/ZBZFirst/file/master/samples/birds3/006_15.wav,0d695a76c163ad26d9700faa32e0cd69d1ec6f6707f29868e86a601581bd243b
birds3/007_16.wav,audio,1036,0.011247,pcm_s16le,44100,1,audio/x-wav,https://raw.githubusercontent.com/ZBZFirst/file/master/samples/birds3/007_16.wav,3630638c39e3ad55161d0e75f7f8993b540f03f677e959fd151152e3f0601948
birds3/008_17.wav,audio,1548,0.017052,pcm_s16le,44100,1,audio/x-wav,https://raw.githubusercontent.com/ZBZFirst/file/master/samples/birds3/008_17.wav,f99f215482d405e491dc961684d9de95a78c98ee6b0faebbee7df51b4b57dd33
birds3/009_18.wav,audio,4492,0.050431,pcm_s16le,44100,1,audio/x-wav,https://raw.githubusercontent.com/ZBZFirst/file/master/samples/birds3/009_18.wav,9adb73911cac7a7d6090f9c905bb92bc6338e3e0899fcdbc4e6bf2378f85b16b
birds3/010_19.wav,audio,3308,0.037007,pcm_s16le,44100,1,audio/x-wav,https://raw.githubusercontent.com/ZBZFirst/file/master/samples/birds3/010_19.wav,fd5729c58ec77118ba5cc7677ad2929a19e996e031f26badc74af5d393158d4c
birds3/011_2.wav,audio,1612,0.017778,pcm_s16le,44100,1,audio/x-wav,https://raw.githubusercontent.com/ZBZFirst/file/master/samples/birds3/011_2.wav,ea26bee738113c1ab92c98c663b2b875d385cfe5dc8f65bc2328ac5710e21431
birds3/012_3.wav,audio,1732,0.019138,pcm_s16le,44100,1,audio/x-wav,https://raw.githubusercontent.com/ZBZFirst/file/master/samples/birds3/012_3.wav,00bba075b2e66a360d54b6e5f96a3702d86098ffd0591db47db6191fd8b560b3
birds3/013_4.wav,audio,3324,0.037188,pcm_s16le,44100,1,audio/x-wav,https://raw.githubusercontent.com/ZBZFirst/file/master/samples/birds3/013_4.wav,e62c96acd29a7598d9df7604acf0b3dd33ccbeca84fb9827e39382b484a1ab9c
birds3/014_5.wav,audio,5020,0.056417,pcm_s16le,44100,1,audio/x-wav,https://raw.githubusercontent.com/ZBZFirst/file/master/samples/birds3/014_5.wav,7be56f584757b7bd4caf6e852b1c0451447ab2fa73d073954c3b6544d693e99e
birds3/015_6.wav,audio,988,0.010703,pcm_s16le,44100,1,audio/x-wav,https://raw.githubusercontent.com/ZBZFirst/file/master/samples/birds3/015_6.wav,2ac5e5fa396db1f6d1cd3a2ddf578d66a3f44ed3c9d8e6438cdb8aa9e68aef0d
birds3/016_7.wav,audio,1100,0.011973,pcm_s16le,44100,1,audio/x-wav,https://raw.githubusercontent.com/ZBZFirst/file/master/samples/birds3/016_7.wav,b45ce326ada91745bea7994311c205f4cd80c0ba50361b6fefeeb2037ba80d16
birds3/017_8.wav,audio,2508,0.027937,pcm_s16le,44100,1,audio/x-wav,https://raw.githubusercontent.com/ZBZFirst/file/master/samples/birds3/017_8.wav,f539f73fe1854bb1cacc907273309c0cdb7bb9038d679e0601064a301e662e62
birds3/018_9.wav,audio,2316,0.02576,pcm_s16le,44100,1,audio/x-wav,https://raw.githubusercontent.com/ZBZFirst/file/master/samples/birds3/018_9.wav,46537cf8ef1a5eb94cc7fd98463bfecffa374c2f285ed2fee13e12ee1f0bf5ff
bleep/boip.wav,audio,11424,0.129002,pcm_s16le,44100,1,audio/x-wav,https://raw.githubusercontent.com/ZBZFirst/file/master/samples/bleep/boip.wav,557c1b2a3db16ac386332d8ea5e7ce17ce9e0cae39578611f91f2cc7c5a873f4
bleep/checkpoint-hit.wav,audio,94510,1.07102,pcm_s16le,44100,1,audio/x-wav,https://raw.githubusercontent.com/ZBZFirst/file/master/samples/bleep/checkpoint-hit.wav,e4c2b45d5d7b47dd3a6571d599764391b3c904ae5e1b3c15b26b25837b9ec57c
bleep/echo-blip-thing.wav,audio,2064384,7.755465,pcm_s24le,44100,2,audio/x-wav,https://raw.githubusercontent.com/ZBZFirst/file/master/samples/bleep/echo-blip-thing.wav,da51ccde3d43673eba6a6ec9702270272a2205dea42bca3566074215a20d184e
bleep/harsh-whippleszoot.wav,audio,76796,0.870181,pcm_s16le,44100,1,audio/x-wav,https://raw.githubusercontent.com/ZBZFirst/file/master/samples/bleep/harsh-whippleszoot.wav,ff0f6c21c7e8778474e00ef641a79be91e8c18729e6a6e4448747dfa96e6896d
bleep/pc_beep.wav,audio,16750,0.375303,pcm_s16le,22254,1,audio/x-wav,https://raw.githubusercontent.com/ZBZFirst/file/master/samples/bleep/pc_beep.wav,19ac6b6a0b722958b2487522e98d6ff13982e6bb2351518a648b0e0d997c578a
bleep/shortsaxish.wav,audio,21166,0.119728,pcm_s16le,44100,2,audio/x-wav,https://raw.githubusercontent.com/ZBZFirst/file/master/samples/bleep/shortsaxish.wav,55f916fa763ab337eccced11559b124036b763e4ee7ba19fa3e9a3405fd82098
bleep/simpletone.wav,audio,13102,0.148027,pcm_s16le,44100,1,audio/x-wav,https://raw.githubusercontent.com/ZBZFirst/file/master/samples/bleep/simpletone.wav,d4525880743643f81cd86bcf10b240e9b8427efba6d4fe247b4c0ae38d2ef41b
bleep/stereo-star-trek-pager.wav,audio,46126,0.51766,pcm_s16le,22254,2,audio/x-wav,https://raw.githubusercontent.com/ZBZFirst/file/master/samples/bleep/stereo-star-trek-pager.wav,0d17e2262deed444fe558fd607269ed331c2d87daead21b38285a8e54f1177a0
bleep/tiniest.wav,audio,7086,0.039909,pcm_s16le,44100,2,audio/x-wav,https://raw.githubusercontent.com/ZBZFirst/file/master/samples/bleep/tiniest.wav,a44847958ab39a4b03bafaeb000b14062ecdaed4d2febc8a95c99b3b6599a11d
bleep/tinynote.wav,audio,19406,0.109751,pcm_s16le,44100,2,audio/x-wav,https://raw.githubusercontent.com/ZBZFirst/file/master/samples/bleep/tinynote.wav,515f3dab137363a5fc17bc6e4b789fba5bcaa6bf5462f9d6be71f12187f72b3e
bleep/vidgame-bleep1.wav,audio,33486,0.189569,pcm_s16le,44100,2,audio/x-wav,https://raw.githubusercontent.com/ZBZFirst/file/master/samples/bleep/vidgame-bleep1.wav,607d14edca4d826e1475a9d3ef02784cb94e04418a057fa0e0d52fb25c1208a0
bleep/vidgame-bleep2.wav,audio,26446,0.14966,pcm_s16le,44100,2,audio/x-wav,https://raw.githubusercontent.com/ZBZFirst/file/master/samples/bleep/vidgame-bleep2.wav,e0ee87508c508fa9f619312d3170ee56622f41ffef53578472180ef4605e6561
bleep/watch_beep.wav,audio,13550,0.153107,pcm_s16le,44100,1,audio/x-wav,https://raw.githubusercontent.com/ZBZFirst/file/master/samples/bleep/watch_beep.wav,4ea959a61c0c5a09e68cfb33541973c30bf46e3cd0da20d4abba5bc851daf734
blip/000_blipp01.wav,audio,15916,0.179955,pcm_s16le,44100,1,audio/x-wav,https://raw.githubusercontent.com/ZBZFirst/file/master/samples/blip/000_blipp01.wav,d13f4ab11df4fa8f09d8eda6159fbb8fecf0d79583e3cba999e0761347a8ce54
blip/001_blipp02.wav,audio,15916,0.179955,pcm_s16le,44100,1,audio/x-wav,https://raw.githubusercontent.com/ZBZFirst/file/master/samples/blip/001_blipp02.wav,8cf066d7065b4a622f2d16b49c6fdcf92ef98e3d5448bee270a0bf8ea77c6ca2
blue/aya.wav,audio,41516,0.940408,pcm_s16le,22050,1,audio/x-wav,https://raw.githubusercontent.com/ZBZFirst/file/master/samples/blue/aya.wav,be019352b6c5375b82b1a4d69bc93b4999010343086b5d1ffe742928e05fbd49
blue/howdoesitfeel.wav,audio,103724,2.35102,pcm_s16le,22050,1,audio/x-wav,https://raw.githubusercontent.com/ZBZFirst/file/master/samples/blue/howdoesitfeel.wav,835e99d9bc02d4dc2aa3c1671932386661d7d01c3e49cd203440672cec1ed7ae
bottle/000_1.wav,audio,20072,0.227075,pcm_s16le,44100,1,audio/x-wav,https://raw.githubusercontent.com/ZBZFirst/file/master/samples/bottle/000_1.wav,d9c3467efc360547de75b354f73f74f5d3895ce39b3c8ee60659212a2a37cc0a
bottle/001_10.wav,audio,8316,0.093787,pcm_s16le,44100,1,audio/x-wav,https://raw.githubusercontent.com/ZBZFirst/file/master/samples/bottle/001_10.wav,1866c26a3355684a605a9ed264f17d9ef4019442f7b9d8962febd51c3b47c904
bottle/002_11.wav,audio,10366,0.117029,pcm_s16le,44100,1,audio/x-wav,https://raw.githubusercontent.com/ZBZFirst/file/master/samples/bottle/002_11.wav,e4ffd4de3ac80fe22c345bc7ae96ced3b0c3e8aaf7c4ceb94e91bae55f1da994
bottle/003_12.wav,audio,12624,0.14263,pcm_s16le,44100,1,audio/x-wav,https://raw.githubusercontent.com/ZBZFirst/file/master/samples/bottle/003_12.wav,1ce84e422e33e51c5d5c7d4569a1179fb28c000084487acb8d74a61ded7c9bb8
bottle/004_13.wav,audio,14172,0.160181,pcm_s16le,44100,1,audio/x-wav,https://raw.githubusercontent.com/ZBZFirst/file/master/samples/bottle/004_13.wav,9a9931a154b31d344988bfbeba0b2fb59325d0ab30088a529fe0a241aadc129f
bottle/005_2.wav,audio,16564,0.187302,pcm_s16le,44100,1,audio/x-wav,https://raw.githubusercontent.com/ZBZFirst/file/master/samples/bottle/005_2.wav,c4154f234c2363e74dc66d1dc02711e62003a2ac5eb6487858540898afaadf7d
bottle/006_3.wav,audio,10596,0.119637,pcm_s16le,44100,1,audio/x-wav,https://raw.githubusercontent.com/ZBZFirst/file/master/samples/bottle/006_3.wav,82b401850a2acc85648934aef5ed33e4efaf2745478410c1ef0adc70be102ca0
bottle/007_4.wav,audio,12232,0.138186,pcm_s16le,44100,1,audio/x-wav,https://raw.githubusercontent.com/ZBZFirst/file/master/samples/bottle/007_4.wav,56410e7df46c9730e5f004f68fbd4a50a16c10f5944dad39ffb2aeb958f2e8b5
bottle/008_5.wav,audio,18470,0.208912,pcm_s16le,44100,1,audio/x-wav,https://raw.githubusercontent.com/ZBZFirst/file/master/samples/bottle/008_5.wav,dce557c5d3e8ba63016c1c7c86229d978d7fc98f5b4936e392c156a8862573f6
bottle/009_6.wav,audio,13868,0.156735,pcm_s16le,44100,1,audio/x-wav,https://raw.githubusercontent.com/ZBZFirst/file/master/samples/bottle/009_6.wav,f4418a15ae2bf2a9ceb9bc8312aa47af16642d097ec57020cc4d06a6ff21eee4
bottle/010_7.wav,audio,14464,0.163492,pcm_s16le,44100,1,audio/x-wav,https://raw.githubusercontent.com/ZBZFirst/file/master/samples/bottle/010_7.wav,ab9a628d5451e7d9c9936573e6486812433f2eb5f25538aba287e05b23409487
bottle/011_8.wav,audio,18470,0.208912,pcm_s16le,44100,1,audio/x-wav,https://raw.githubusercontent.com/ZBZFirst/file/master/samples/bottle/011_8.wav,927ac72e8bb7b675a65da2bdf4c3a82dd3c81aa4c62e66df7dd46b8e2284393b
bottle/012_9.wav,audio,12394,0.140023,pcm_s16le,44100,1,audio/x-wav,https://raw.githubusercontent.com/ZBZFirst/file/master/samples/bottle/012_9.wav,74bb859b68ee9293b59c724d88758dac385064f14387ebc6153592664a7af825
breaks125/015_sdstckbr.wav,audio,82564,1.871202,pcm_s16le,22050,1,audio/x-wav,https://raw.githubusercontent.com/ZBZFirst/file/master/samples/breaks125/015_sdstckbr.wav,deb38591c05d565e68b7f6cece872fffc3ff8321561ee89199aa9b8237f51eec
breaks125/016_bllstmp.wav,audio,85564,1.939229,pcm_s16le,22050,1,audio/x-wav,https://raw.githubusercontent.com/ZBZFirst/file/master/samples/breaks125/016_bllstmp.wav,26d0df069db07c83833cf8e90bfed5249dfb0fbf56d9cf043de6e5a844439548
breaks152/000_AMEN.WAV,audio,414570,4.699841,pcm_s16le,44100,1,audio/x-wav,https://raw.githubusercontent.com/ZBZFirst/file/master/samples/breaks152/000_AMEN.WAV,06141788f64211ed32423fd47f0ac152639501c52c87c87841425c18cd211d0c
breaks157/000_PLEAD.WAV,audio,160234,1.816213,pcm_s16le,44100,1,audio/x-wav,https://raw.githubusercontent.com/ZBZFirst/file/master/samples/breaks157/000_PLEAD.WAV,b1dd2f536adf1fdb46c4e4a839e0bc117856f8ebd097e30d64def8b4d55e9186
breaks165/000_RAWCLN.WAV,audio,125542,1.42288,pcm_s16le,44100,1,audio/x-wav,https://raw.githubusercontent.com/ZBZFirst/file/master/samples/breaks165/000_RAWCLN.WAV,da1cf54e684f3a2b5368caafb06d4cfa5982b449e88947b6c151cc4a44a0bedc
breath/000_breath.wav,audio,87896,0.498027,pcm_s16le,44100,2,audio/x-wav,https://raw.githubusercontent.com/ZBZFirst/file/master/samples/breath/000_breath.wav,4dc7c4e40d001a28973e45fa4d7e3131e681de1f47ae819faf0a05d52b58bd89
bubble/000_bub0.wav,audio,7882,0.088866,pcm_s16le,44100,1,audio/x-wav,https://raw.githubusercontent.com/ZBZFirst/file/master/samples/bubble/000_bub0.wav,1458fac4788f159383f8926528e7fc26afc5b485a8e6134cc7fff7ad65bd534e
bubble/001_bub1.wav,audio,2226,0.024739,pcm_s16le,44100,1,audio/x-wav,https://raw.githubusercontent.com/ZBZFirst/file/master/samples/bubble/001_bub1.wav,5aae0e516acc0f16e69b18b806064a27043639f2dcee8fadc1ba667932a3708e
bubble/002_bub2.wav,audio,4472,0.050204,pcm_s16le,44100,1,audio/x-wav,https://raw.githubusercontent.com/ZBZFirst/file/master/samples/bubble/002_bub2.wav,13df989c7abf9deddc9e58861282c2bbe0bc01e5c5779d8379a3a26f1489a450
bubble/003_bub3.wav,audio,1526,0.016803,pcm_s16le,44100,1,audio/x-wav,https://raw.githubusercontent.com/ZBZFirst/file/master/samples/bubble/003_bub3.wav,0e1911440e61f62dcb63780c94a7d3057af37f7b2b19a8f125efcbbe3a14300a
bubble/004_bub4.wav,audio,2594,0.028912,pcm_s16le,44100,1,audio/x-wav,https://raw.githubusercontent.com/ZBZFirst/file/master/samples/bubble/004_bub4.wav,74b21b1bc41083cef2e221c506c3983aba7f0e0e8569fb7516b3ba1a9bbebd2a
bubble/005_bub5.wav,audio,1366,0.014989,pcm_s16le,44100,1,audio/x-wav,https://raw.githubusercontent.com/ZBZFirst/file/master/samples/bubble/005_bub5.wav,8920a93364da33f492802385b2e99b36e1f73e492e509a37596e4b5ccfffdff7
bubble/006_bub6.wav,audio,3062,0.034218,pcm_s16le,44100,1,audio/x-wav,https://raw.githubusercontent.com/ZBZFirst/file/master/samples/bubble/006_bub6.wav,4bf7df03022e97326d542f0670532889ec36fb44f79dd34a9afbf963f58caa69
bubble/007_bub7.wav,audio,1872,0.020726,pcm_s16le,44100,1,audio/x-wav,https://raw.githubusercontent.com/ZBZFirst/file/master/samples/bubble/007_bub7.wav,ebe2f0e34468958c58bd109c88fb379730c6d1045073a125823034dd43a2ac7a
can/000_1.wav,audio,13524,0.152834,pcm_s16le,44100,1,audio/x-wav,https://raw.githubusercontent.com/ZBZFirst/file/master/samples/can/000_1.wav,8a50763422d4a49e54031303a49baca30f050cb672b0213fedcb2b110aa55bf9
can/001_10.wav,audio,9670,0.109138,pcm_s16le,44100,1,audio/x-wav,https://raw.githubusercontent.com/ZBZFirst/file/master/samples/can/001_10.wav,2b06d1f6877cee1cd7308111b2becfdb77df7a664b256add2eca51a41ac95e93
can/002_11.wav,audio,7854,0.088549,pcm_s16le,44100,1,audio/x-wav,https://raw.githubusercontent.com/ZBZFirst/file/master/samples/can/002_11.wav,a843d7a5f045f1de8cf5e34aa1ec04cd6a04a109918f913f548b3f42d18a87a5
can/003_12.wav,audio,29200,0.330567,pcm_s16le,44100,1,audio/x-wav,https://raw.githubusercontent.com/ZBZFirst/file/master/samples/can/003_12.wav,5b9f9b0e93267330b5137d80364bdf06031253dabebd692d51eff74d22fcfc2d
can/004_13.wav,audio,43980,0.498141,pcm_s16le,44100,1,audio/x-wav,https://raw.githubusercontent.com/ZBZFirst/file/master/samples/can/004_13.wav,d3a584169726ea886d2be21a28a0bc57fa43fb5db47482e345bf75a5c934dfe6
can/005_14.wav,audio,19906,0.225193,pcm_s16le,44100,1,audio/x-wav,https://raw.githubusercontent.com/ZBZFirst/file/master/samples/can/005_14.wav,d977195fc411e4021914ebf010ea5fa841617149fa887e071831a22dc989f795
can/006_2.wav,audio,13978,0.157982,pcm_s16le,44100,1,audio/x-wav,https://raw.githubusercontent.com/ZBZFirst/file/master/samples/can/006_2.wav,7dfacdda295e926189ca13741883b978351b0caa1acad16accc2cb9389c681de
can/007_3.wav,audio,14228,0.160816,pcm_s16le,44100,1,audio/x-wav,https://raw.githubusercontent.com/ZBZFirst/file/master/samples/can/007_3.wav,c41b9a64925ba35715fde2ba0e80bcfcfc4ca25833642a1c2dda69c08a843b64
can/008_4.wav,audio,12114,0.136848,pcm_s16le,44100,1,audio/x-wav,https://raw.githubusercontent.com/ZBZFirst/file/master/samples/can/008_4.wav,772bde8a1fbc16df05b3edbc8d6cfcddff5823ed1322900c98636cf35c5ab1f9
can/009_5.wav,audio,4856,0.054558,pcm_s16le,44100,1,audio/x-wav,https://raw.githubusercontent.com/ZBZFirst/file/master/samples/can/009_5.wav,bb4647ded64b164be4535ac3ab3ab8fe8f7fe742fcc5cd5c1689841123ac9f16
can/010_6.wav,audio,8056,0.090839,pcm_s16le,44100,1,audio/x-wav,https://raw.githubusercontent.com/ZBZFirst/file/master/samples/can/010_6.wav,d64b09587803ad40f36772f3528fc7824d487965e1eec1c09ea85ab2eae37e08
can/011_7.wav,audio,14532,0.164263,pcm_s16le,44100,1,audio/x-wav,https://raw.githubusercontent.com/ZBZFirst/file/master/samples/can/011_7.wav,b912c15efaa67b00a9551350a514aa9c99793559375b9e8174dd5f4b6f62b1eb
can/012_8.wav,audio,6670,0.075125,pcm_s16le,44100,1,audio/x-wav,https://raw.githubusercontent.com/ZBZFirst/file/master/samples/can/012_8.wav,ced86d776eeb38ca8a51b0cfa19db907b89719d80abde5c85699f884d4ce8776
can/013_9.wav,audio,7552,0.085125,pcm_s16le,44100,1,audio/x-wav,https://raw.githubusercontent.com/ZBZFirst/file/master/samples/can/013_9.wav,4e5c248a16e55e6e574b055d7a6e5f2277fa194acdbc5357df926f418a77d0e9
casio/high.wav,audio,19770,0.223651,pcm_s16le,44100,1,audio/x-wav,https://raw.githubusercontent.com/ZBZFirst/file/master/samples/casio/high.wav,6cdade1c724ee4c014758b6eb1c4527ddbe5465b8c0d0fee16e3b277a916a1e7
casio/low.wav,audio,19240,0.217642,pcm_s16le,44100,1,audio/x-wav,https://raw.githubusercontent.com/ZBZFirst/file/master/samples/casio/low.wav,526bca039e8ddaeb0c91a1ef751169de755d26c63b5507ab44b3f1d877403ed5
casio/noise.wav,audio,19816,0.224172,pcm_s16le,44100,1,audio/x-wav,https://raw.githubusercontent.com/ZBZFirst/file/master/samples/casio/noise.wav,c4ddb504fc8ad5979c323e10726c1baeec48773519838cd670b104206098a114
cb/rytm-cb.wav,audio,170222,0.481837,pcm_f32le,44100,2,audio/x-wav,https://raw.githubusercontent.com/ZBZFirst/file/master/samples/cb/rytm-cb.wav,e7045dde6462b6ae405efdd177979f50aae814d776f2e7d4c570ca67930069b6
cc/CSHD0.wav,audio,97826,1.108639,pcm_s16le,44100,1,audio/x-wav,https://raw.githubusercontent.com/ZBZFirst/file/master/samples/cc/CSHD0.wav,5bec129e8a2537636fa73e6af5dbd7f38400136d30db92a3ff091c793fa92611
cc/CSHD2.wav,audio,90990,1.031134,pcm_s16le,44100,1,audio/x-wav,https://raw.githubusercontent.com/ZBZFirst/file/master/samples/cc/CSHD2.wav,ddbf4757a3a08a918179c22af8fdb0fb9ffe6e05405ff257f0085e922efb2af2
cc/CSHD4.wav,audio,79624,0.902268,pcm_s16le,44100,1,audio/x-wav,https://raw.githubusercontent.com/ZBZFirst/file/master/samples/cc/CSHD4.wav,fc2ee6e3911678fe9c3976cf698ac2cbcca3a536808b938d35517a55451f13e5
cc/CSHD6.wav,audio,64610,0.732041,pcm_s16le,44100,1,audio/x-wav,https://raw.githubusercontent.com/ZBZFirst/file/master/samples/cc/CSHD6.wav,b2ef1ea4c6cd6751858f81886e9995bdcdfbf7b98c2e2acd13471a73880ed243
cc/CSHD8.wav,audio,54954,0.622562,pcm_s16le,44100,1,audio/x-wav,https://raw.githubusercontent.com/ZBZFirst/file/master/samples/cc/CSHD8.wav,e8205c680c3766798ee762816a257e061d8e723ff302a21ad4589a2c2b6d84ed
cc/CSHDA.wav,audio,47684,0.540136,pcm_s16le,44100,1,audio/x-wav,https://raw.githubusercontent.com/ZBZFirst/file/master/samples/cc/CSHDA.wav,a007799307a4c5111f7f8d73b050e4fa59cf73a9aed2e9013b819fb10307b11e
chin/000_tik1.wav,audio,450,0.003605,pcm_s16le,44100,1,audio/x-wav,https://raw.githubusercontent.com/ZBZFirst/file/master/samples/chin/000_tik1.wav,b1ddb9b679c2c8bfa59abba09cacdd369653ef50b3830b4553dc78eeaba7f71e
chin/001_tik2.wav,audio,1358,0.0139,pcm_s16le,44100,1,audio/x-wav,https://raw.githubusercontent.com/ZBZFirst/file/master/samples/chin/001_tik2.wav,be45f4d891d75f07683f6cbe80d645c1efe4d68a1cea9e8541308fb9ffde06b0
chin/002_tik3.wav,audio,524,0.004444,pcm_s16le,44100,1,audio/x-wav,https://raw.githubusercontent.com/ZBZFirst/file/master/samples/chin/002_tik3.wav,c0847c5c1fc6863c61981bba0a11db1cea1efbd09c7e9c41add99277f91c60a3
chin/003_tik4.wav,audio,368,0.002676,pcm_s16le,44100,1,audio/x-wav,https://raw.githubusercontent.com/ZBZFirst/file/master/samples/chin/003_tik4.wav,beefe757cdf43fb8678571610f1e585f986d3cd03f0591c28c03d9dd0a3b50f4
circus/000_bounce.wav,audio,24768,0.280317,pcm_s16le,44100,1,audio/x-wav,https://raw.githubusercontent.com/ZBZFirst/file/master/samples/circus/000_bounce.wav,4b09db649037d32f28b8d059853c000caa04d9a2db186e4ebe14ea554cfb0bb4
circus/001_miss.wav,audio,46012,0.521179,pcm_s16le,44100,1,audio/x-wav,https://raw.githubusercontent.com/ZBZFirst/file/master/samples/circus/001_miss.wav,531b1d6c3feed830172c044c435c45632ad82bd0bd3abbf06f24279b6019375c
circus/002_pop.wav,audio,15204,0.171882,pcm_s16le,44100,1,audio/x-wav,https://raw.githubusercontent.com/ZBZFirst/file/master/samples/circus/002_pop.wav,d8688b05b37536d6775c7044bd8dffe31166d10ceabbb56391012bfcf39ce0bf
clak/000_clak1.wav,audio,15444,0.173605,pcm_s16le,44100,1,audio/x-wav,https://raw.githubusercontent.com/ZBZFirst/file/master/samples/clak/000_clak1.wav,78728c88673a507759d2cb681b9fcb749ee9f194b3db041f42cf18a9b28d9511
clak/001_clak2.wav,audio,13020,0.146122,pcm_s16le,44100,1,audio/x-wav,https://raw.githubusercontent.com/ZBZFirst/file/master/samples/clak/001_clak2.wav,65e0cef7a08afc45043fee0d783c37abdb5d028f652ebd063448a61e760b7893
click/000_click0.wav,audio,9744,0.109977,pcm_s16le,44100,1,audio/x-wav,https://raw.githubusercontent.com/ZBZFirst/file/master/samples/click/000_click0.wav,b8a7aee95ead274b5ad7392144b5bfa06e4997f31b8d3a66e8c3a551820a3319
click/001_click1.wav,audio,18380,0.207891,pcm_s16le,44100,1,audio/x-wav,https://raw.githubusercontent.com/ZBZFirst/file/master/samples/click/001_click1.wav,8080e95005cc10ccbf25c43487d7043f0e45a5a02a172bcb9acbd2cea00a704b
click/002_click2.wav,audio,41580,0.47093,pcm_s16le,44100,1,audio/x-wav,https://raw.githubusercontent.com/ZBZFirst/file/master/samples/click/002_click2.wav,5e7032b960b5cd23d41e88813372b5a096c34c874336bd84725836c2879b0416
click/003_click3.wav,audio,109616,1.242313,pcm_s16le,44100,1,audio/x-wav,https://raw.githubusercontent.com/ZBZFirst/file/master/samples/click/003_click3.wav,62a350cfbbaaca65cbb8ceb8aa5dc9c009682162c60cbe739a045d1ecbe5af22
clubkick/1.wav,audio,41452,0.234739,pcm_s16le,44100,2,audio/x-wav,https://raw.githubusercontent.com/ZBZFirst/file/master/samples/clubkick/1.wav,098d59143f6ff7c35cde1a783992f59e31bf9d7458b18ac4e849e1af0b47482a
clubkick/2.wav,audio,40864,0.231406,pcm_s16le,44100,2,audio/x-wav,https://raw.githubusercontent.com/ZBZFirst/file/master/samples/clubkick/2.wav,568185cbc8b502c9bbc991ab5dd7400959e69487e2ad7516dd9f87f0e678c817
clubkick/3.wav,audio,47200,0.267324,pcm_s16le,44100,2,audio/x-wav,https://raw.githubusercontent.com/ZBZFirst/file/master/samples/clubkick/3.wav,cc2079c9a1a99a13d7b28bf683dc5394272b6e016ff730efea4d512f1d289758
clubkick/4.wav,audio,38016,0.215261,pcm_s16le,44100,2,audio/x-wav,https://raw.githubusercontent.com/ZBZFirst/file/master/samples/clubkick/4.wav,2f33b18616602b53b421a93a8d395243d046577880012338fbe7abda9ed95c11
clubkick/5.wav,audio,38672,0.21898,pcm_s16le,44100,2,audio/x-wav,https://raw.githubusercontent.com/ZBZFirst/file/master/samples/clubkick/5.wav,0c5de1fda746624396b37bc98d016a96d6af91cda4a5cd8f1857e82f6473b305
co/CLOP1.wav,audio,38970,0.441328,pcm_s16le,44101,1,audio/x-wav,https://raw.githubusercontent.com/ZBZFirst/file/master/samples/co/CLOP1.wav,d5121f860a59ffb7b6cf1ce5b980b29a4471a3f9e0841ce13289782213b805d3
co/CLOP2.wav,audio,23100,0.2614,pcm_s16le,44101,1,audio/x-wav,https://raw.githubusercontent.com/ZBZFirst/file/master/samples/co/CLOP2.wav,afc52fad4ec31f48ed956b3baebf4fde6d4463126dabeb7109995bddb8f4a552
co/CLOP3.wav,audio,53120,0.601755,pcm_s16le,44101,1,audio/x-wav,https://raw.githubusercontent.com/ZBZFirst/file/master/samples/co/CLOP3.wav,ce39050dd686a9219ebf98b6e3872530687a4e52b7f691d924eb732fe1a4d5ff
co/CLOP4.wav,audio,20252,0.22911,pcm_s16le,44101,1,audio/x-wav,https://raw.githubusercontent.com/ZBZFirst/file/master/samples/co/CLOP4.wav,61692ad1d6b2bacf5f20504a952fe24701cf255c0523e9e05831c86517d9b4bd
coins/coins.wav,audio,14630,0.164376,pcm_s16le,44100,1,audio/x-wav,https://raw.githubusercontent.com/ZBZFirst/file/master/samples/coins/coins.wav,fd9b3398386aaf6d15bedc72e8e903f7d22f90d6e4ec31c9d46611e7ca7b26fa
control/1.wav,audio,40384,0.228685,pcm_s16le,44100,2,audio/x-wav,https://raw.githubusercontent.com/ZBZFirst/file/master/samples/control/1.wav,82291ef36889b3d11f4fe5294e1ceda02673abb7cd5792ae541b3d9a6fe95841
control/2.wav,audio,79488,0.450363,pcm_s16le,44100,2,audio/x-wav,https://raw.githubusercontent.com/ZBZFirst/file/master/samples/control/2.wav,3eb88d2b751c59643b3d6ce8b255fa1cd3a448acec7bc03a9e0dadf3e3db230f
cosmicg/000_cg_att.wav,audio,163750,1.856077,pcm_s16le,44100,1,audio/x-wav,https://raw.githubusercontent.com/ZBZFirst/file/master/samples/cosmicg/000_cg_att.wav,d4d093bb31d7fa2de34f94b8bd24c8ba26463255d7f9bf4819306640f64012cb
cosmicg/001_cg_chnc.wav,audio,11160,0.126032,pcm_s16le,44100,1,audio/x-wav,https://raw.githubusercontent.com/ZBZFirst/file/master/samples/cosmicg/001_cg_chnc.wav,abf7eab46999de401bb27f99b1beb76c803f8e225a07c16d9e6f70ddfccc2026
cosmicg/002_cg_dest.wav,audio,336512,3.81483,pcm_s16le,44100,1,audio/x-wav,https://raw.githubusercontent.com/ZBZFirst/file/master/samples/cosmicg/002_cg_dest.wav,9f8e5d60c5425f4025f3ba8af5a7ade821e319d117815c580a276bf9b6742b65
cosmicg/003_cg_ext.wav,audio,43916,0.497415,pcm_s16le,44100,1,audio/x-wav,https://raw.githubusercontent.com/ZBZFirst/file/master/samples/cosmicg/003_cg_ext.wav,0bea42c9e897c01a1bb0d89b281922ce44660b6547370ca7a9e0467506d88154
cosmicg/004_cg_gotb.wav,audio,69900,0.792018,pcm_s16le,44100,1,audio/x-wav,https://raw.githubusercontent.com/ZBZFirst/file/master/samples/cosmicg/004_cg_gotb.wav,b50bcd53a080b6d0a237777fd054dfeb884bb51cf445027e65534ad34e88c632
cosmicg/005_cg_gotm.wav,audio,21460,0.242812,pcm_s16le,44100,1,audio/x-wav,https://raw.githubusercontent.com/ZBZFirst/file/master/samples/cosmicg/005_cg_gotm.wav,32438bca6b5ae9b4d60932bf80b3cc97d31193cc1e1d30d2414a2be241e21603
cosmicg/006_cg_gun.wav,audio,17420,0.197007,pcm_s16le,44100,1,audio/x-wav,https://raw.githubusercontent.com/ZBZFirst/file/master/samples/cosmicg/006_cg_gun.wav,7d15b1e9528c7cca0a221bbfddc4956366cad557ee4cff1cdddcbfe1d531fce8
cosmicg/007_cg_m0.wav,audio,7352,0.082857,pcm_s16le,44100,1,audio/x-wav,https://raw.githubusercontent.com/ZBZFirst/file/master/samples/cosmicg/007_cg_m0.wav,e064115549dd75163b0f5854c21e520b389dcddc42cc81a8badcc136a91162ba
cosmicg/008_cg_m1.wav,audio,7630,0.086009,pcm_s16le,44100,1,audio/x-wav,https://raw.githubusercontent.com/ZBZFirst/file/master/samples/cosmicg/008_cg_m1.wav,962e41f84a2d67e59e5c57746b48bee924f1eaa04607448ac776d1e59b89daab
cosmicg/009_cg_m2.wav,audio,7620,0.085896,pcm_s16le,44100,1,audio/x-wav,https://raw.githubusercontent.com/ZBZFirst/file/master/samples/cosmicg/009_cg_m2.wav,7ed7665711d3e70844da4c10135f50285661d69eeb09b36b172a9d3da6f3b13d
cosmicg/010_cg_m3.wav,audio,7454,0.084014,pcm_s16le,44100,1,audio/x-wav,https://raw.githubusercontent.com/ZBZFirst/file/master/samples/cosmicg/010_cg_m3.wav,39acb3327112544a38717fddf4bf7dad3d35af0f2a1e5f414134154324d4fbe5
cosmicg/011_cg_m4.wav,audio,7590,0.085556,pcm_s16le,44100,1,audio/x-wav,https://raw.githubusercontent.com/ZBZFirst/file/master/samples/cosmicg/011_cg_m4.wav,eed11510aa772c0abba353dfcd08b4e988262cafdc6ee66abe464358c0093465
cosmicg/012_cg_m5.wav,audio,7606,0.085737,pcm_s16le,44100,1,audio/x-wav,https://raw.githubusercontent.com/ZBZFirst/file/master/samples/cosmicg/012_cg_m5.wav,ef914427d8dd5eb5d78e44df9983ab840b113d12affa5c794a0d4b6579e4ae24
cosmicg/013_cg_m6.wav,audio,7650,0.086236,pcm_s16le,44100,1,audio/x-wav,https://raw.githubusercontent.com/ZBZFirst/file/master/samples/cosmicg/013_cg_m6.wav,557b503d5cfdae0125d7d57dccc965f6e60dbdc56d02151027f8c8a13ead3be1
cosmicg/014_cg_m7.wav,audio,7376,0.083129,pcm_s16le,44100,1,audio/x-wav,https://raw.githubusercontent.com/ZBZFirst/file/master/samples/cosmicg/014_cg_m7.wav,d977ccd8b589f023d9f6ba90c9da8fc4bfa14fb49904a47bf0a7d9c2d6f417ee
cp/HANDCLP0.wav,audio,39392,0.446122,pcm_s16le,44100,1,audio/x-wav,https://raw.githubusercontent.com/ZBZFirst/file/master/samples/cp/HANDCLP0.wav,e5d00e7fbb04ab43fb27921b960765a5ed223f7ec2f3e4cb0a0a5c08560fe281
cp/HANDCLPA.wav,audio,32312,0.36585,pcm_s16le,44100,1,audio/x-wav,https://raw.githubusercontent.com/ZBZFirst/file/master/samples/cp/HANDCLPA.wav,f4eb3703e1201391a2a1571fc9f32a74b91a839433c6ed439368bee7dde072d1
cr/RIDED0.wav,audio,102848,1.165578,pcm_s16le,44100,1,audio/x-wav,https://raw.githubusercontent.com/ZBZFirst/file/master/samples/cr/RIDED0.wav,f8711fc843fcbeafb0db971d685e481690cc21bdce054567b8889b49d675b780
cr/RIDED2.wav,audio,96214,1.090363,pcm_s16le,44100,1,audio/x-wav,https://raw.githubusercontent.com/ZBZFirst/file/master/samples/cr/RIDED2.wav,3ffb4fb28f411f14d961e6a007735a665596df8b922d8c1b66802d5e83ddb4ac
cr/RIDED4.wav,audio,70082,0.794082,pcm_s16le,44100,1,audio/x-wav,https://raw.githubusercontent.com/ZBZFirst/file/master/samples/cr/RIDED4.wav,d631795c8ff1e57161e2f98315cf6f66711866a15aa85fb7dff03a8016061f10
cr/RIDED6.wav,audio,70082,0.794082,pcm_s16le,44100,1,audio/x-wav,https://raw.githubusercontent.com/ZBZFirst/file/master/samples/cr/RIDED6.wav,d631795c8ff1e57161e2f98315cf6f66711866a15aa85fb7dff03a8016061f10
cr/RIDED8.wav,audio,57872,0.655646,pcm_s16le,44100,1,audio/x-wav,https://raw.githubusercontent.com/ZBZFirst/file/master/samples/cr/RIDED8.wav,652c24533f405d37a9eb7f2279473bff8e4de450aa10d1e81316a3d5aebeaf34
cr/RIDEDA.wav,audio,47640,0.539637,pcm_s16le,44100,1,audio/x-wav,https://raw.githubusercontent.com/ZBZFirst/file/master/samples/cr/RIDEDA.wav,29eade7904921cd9aa7c2a860d6667ffa9babd80469948ab1a4b17e0254ef2f8
crow/000_crow.wav,audio,22978,0.52,pcm_s16le,22050,1,audio/x-wav,https://raw.githubusercontent.com/ZBZFirst/file/master/samples/crow/000_crow.wav,7720842cfa22b7aceafc9f4504cf8885ca149940e047f7c7c9365ffe0b768a04
crow/001_crow2.wav,audio,18486,0.418141,pcm_s16le,22050,1,audio/x-wav,https://raw.githubusercontent.com/ZBZFirst/file/master/samples/crow/001_crow2.wav,b2d9325cba8fafa45b2387582d7f7a76e4d54bfb30eb3584e5dd8ba0c17cd5e1
crow/002_crow3.wav,audio,21856,0.494558,pcm_s16le,22050,1,audio/x-wav,https://raw.githubusercontent.com/ZBZFirst/file/master/samples/crow/002_crow3.wav,32a9e0012f048980d79226a56ffa6b3530e0001011cbd59715b0cc88accb8db9
crow/003_crow4.wav,audio,22680,0.513243,pcm_s16le,22050,1,audio/x-wav,https://raw.githubusercontent.com/ZBZFirst/file/master/samples/crow/003_crow4.wav,c1f78b13895430df11e65a581ce3b571d79dad7362743ea9b34547e2862347d4
d/000_d1.wav,audio,2498,0.026705,pcm_s16le,44000,1,audio/x-wav,https://raw.githubusercontent.com/ZBZFirst/file/master/samples/d/000_d1.wav,7f8064279752698e5d619c295c6683cc8c14ee64a3d4dee37b83e39a6244376a
d/001_d2.wav,audio,185352,2.1,pcm_s16le,44100,1,audio/x-wav,https://raw.githubusercontent.com/ZBZFirst/file/master/samples/d/001_d2.wav,4e3f5d59a291d8f310e194afba0c74e0ff56a141da2eb2f1c6e16b6cf8b9882f
d/002_d3.wav,audio,185352,2.1,pcm_s16le,44100,1,audio/x-wav,https://raw.githubusercontent.com/ZBZFirst/file/master/samples/d/002_d3.wav,aae3642686ad6e5f911c4c6455c8f7f36403022c3f785c94e5b061456cb755e2
d/003_d4.wav,audio,20302,0.22746,pcm_s16le,44100,1,audio/x-wav,https://raw.githubusercontent.com/ZBZFirst/file/master/samples/d/003_d4.wav,3a392949d546f49468035ad9ab9aef97f84df14172da4b47490a4584a741218a
db/dbs12closedhh.wav,audio,17944,0.100998,pcm_s16le,44100,2,audio/x-wav,https://raw.githubusercontent.com/ZBZFirst/file/master/samples/db/dbs12closedhh.wav,994b2625c7eafb1dd4f542d99c85ad9dbaeba8f24ccc418ae0a7875523d6ff76
db/dbs12crash.wav,audio,96936,0.548798,pcm_s16le,44100,2,audio/x-wav,https://raw.githubusercontent.com/ZBZFirst/file/master/samples/db/dbs12crash.wav,7664cb241d00c4e6cbd59690976b9f861031fab99a76b26f16ff698585cf7d51
db/dbs12hit1.wav,audio,159132,0.901383,pcm_s16le,44100,2,audio/x-wav,https://raw.githubusercontent.com/ZBZFirst/file/master/samples/db/dbs12hit1.wav,ace9d29c84fd6275986c85ea0fe7a5c166aa76e89f7230e95b6b6829337b5895
db/dbs12hit2.wav,audio,134176,0.759909,pcm_s16le,44100,2,audio/x-wav,https://raw.githubusercontent.com/ZBZFirst/file/master/samples/db/dbs12hit2.wav,d1c38d0043f11daeb7ee4d2152641f1c019a41abacfb0f5340c9bde0aae286e9
db/dbs12hit3.wav,audio,90100,0.510045,pcm_s16le,44100,2,audio/x-wav,https://raw.githubusercontent.com/ZBZFirst/file/master/samples/db/dbs12hit3.wav,6db14bd0176a47f024b7d1b4424e09ee2fa133cfe793f6a370dec47ca42991e6
db/dbs12kick1.wav,audio,33204,0.187506,pcm_s16le,44100,2,audio/x-wav,https://raw.githubusercontent.com/ZBZFirst/file/master/samples/db/dbs12kick1.wav,dfd8c50e6a4186e7794737c094025f77295d51c84611fbe6ed7f8ef565eb79c7
db/dbs12kick2.wav,audio,24084,0.135805,pcm_s16le,44100,2,audio/x-wav,https://raw.githubusercontent.com/ZBZFirst/file/master/samples/db/dbs12kick2.wav,3f697e562f54418190385e861c990d0ccf05cc9b02f217986a59197280b72b42
db/dbs12openhh.wav,audio,72188,0.408503,pcm_s16le,44100,2,audio/x-wav,https://raw.githubusercontent.com/ZBZFirst/file/master/samples/db/dbs12openhh.wav,cfc41ff44a96a2c524418215fb9ac33d5f560f44baccd1abddb50ddc59c4427a
db/dbs12perc1.wav,audio,21640,0.12195,pcm_s16le,44100,2,audio/x-wav,https://raw.githubusercontent.com/ZBZFirst/file/master/samples/db/dbs12perc1.wav,f408feac4accb967e860f96aeebb9489329bc93842671177a508089437756be4
db/dbs12perc2.wav,audio,423040,2.39746,pcm_s16le,44100,2,audio/x-wav,https://raw.githubusercontent.com/ZBZFirst/file/master/samples/db/dbs12perc2.wav,9d3a472069493c54b16e1d0ded1b633fcef776628342df75a06fcfbbdfa838b7
db/dbs12ride.wav,audio,148084,0.838753,pcm_s16le,44100,2,audio/x-wav,https://raw.githubusercontent.com/ZBZFirst/file/master/samples/db/dbs12ride.wav,f9e5cec064c18a591620a5565fba85abd2151ace85c19827d072d22ec1033deb
db/dbs12snare1.wav,audio,43576,0.246304,pcm_s16le,44100,2,audio/x-wav,https://raw.githubusercontent.com/ZBZFirst/file/master/samples/db/dbs12snare1.wav,3a6b1eafde7c4db0ac5d6e441c2fa90c4d81ecca4cdcca31865d77014c063efd
db/dbs12snare2.wav,audio,9992,0.055918,pcm_s16le,44100,2,audio/x-wav,https://raw.githubusercontent.com/ZBZFirst/file/master/samples/db/dbs12snare2.wav,b9b7b8a6112e9d55b560679d9aedbb2d0a0489f5d06ac7a127d561dcae10bb58
diphone/000_kd1_002.wav,audio,48672,1.102676,pcm_s16le,22050,1,audio/x-wav,https://raw.githubusercontent.com/ZBZFirst/file/master/samples/diphone/000_kd1_002.wav,6365532021955734c2de99bad54e4091c14c84bcf44a7d572ae5a702ea1cef11
diphone/001_kd1_003.wav,audio,46996,1.064671,pcm_s16le,22050,1,audio/x-wav,https://raw.githubusercontent.com/ZBZFirst/file/master/samples/diphone/001_kd1_003.wav,bc3887702b7cfab91bacd8d06643ef588164431089eea38dc9bc023b455fe11b
diphone/002_kd1_004.wav,audio,40706,0.922041,pcm_s16le,22050,1,audio/x-wav,https://raw.githubusercontent.com/ZBZFirst/file/master/samples/diphone/002_kd1_004.wav,c9e5b59e80d67cd69e23158258fdbb6b71b4872e3b2aca1467a3e69b467a06e6
diphone/003_kd1_005.wav,audio,37774,0.855556,pcm_s16le,22050,1,audio/x-wav,https://raw.githubusercontent.com/ZBZFirst/file/master/samples/diphone/003_kd1_005.wav,caf3bb863f75ec3eaa507b7eed3a296220cd1cdeaf5fe4a8e75cefd686b496f6
diphone/004_kd1_006.wav,audio,38194,0.865079,pcm_s16le,22050,1,audio/x-wav,https://raw.githubusercontent.com/ZBZFirst/file/master/samples/diphone/004_kd1_006.wav,d9e25be150a06d32a2f9cc3e8d38f09ee9c6ec28238e566adb4839f76c206742
diphone/005_kd1_007.wav,audio,38612,0.874558,pcm_s16le,22050,1,audio/x-wav,https://raw.githubusercontent.com/ZBZFirst/file/master/samples/diphone/005_kd1_007.wav,ea94fd89c54049ea8527ee1ad593ef75319e57cac3f075a6f474e1a07979a322
diphone/006_kd1_008.wav,audio,38194,0.865079,pcm_s16le,22050,1,audio/x-wav,https://raw.githubusercontent.com/ZBZFirst/file/master/samples/diphone/006_kd1_008.wav,b0f35244305fe10e211dfbd934ef5acf66059746e7cb5c1d6118515539a3e404
diphone/007_kd1_009.wav,audio,36096,0.817506,pcm_s16le,22050,1,audio/x-wav,https://raw.githubusercontent.com/ZBZFirst/file/master/samples/diphone/007_kd1_009.wav,2d31ce643923547e86eae2447f1a1860dec001b3077eba561f15e257143d44fb
diphone/008_kd1_010.wav,audio,34420,0.779501,pcm_s16le,22050,1,audio/x-wav,https://raw.githubusercontent.com/ZBZFirst/file/master/samples/diphone/008_kd1_010.wav,3342e2b3f50004a1fe49f454e61214fa445b273e6e1a499b14a4d5cc5108bc20
diphone/009_kd1_011.wav,audio,38612,0.874558,pcm_s16le,22050,1,audio/x-wav,https://raw.githubusercontent.com/ZBZFirst/file/master/samples/diphone/009_kd1_011.wav,6f5f1fb487234504b99b5e02b1b5c17a303669c6c539d2cb5e054f87b3f29e13
diphone/010_kd1_012.wav,audio,33582,0.760499,pcm_s16le,22050,1,audio/x-wav,https://raw.githubusercontent.com/ZBZFirst/file/master/samples/diphone/010_kd1_012.wav,61d5a7a9314d3a3d12db2a08c974d248b2ae7c464925ffd9adee2e1edc5952d2
diphone/011_kd1_013.wav,audio,38194,0.865079,pcm_s16le,22050,1,audio/x-wav,https://raw.githubusercontent.com/ZBZFirst/file/master/samples/diphone/011_kd1_013.wav,0972112ef4f9139879ba3b6192a343cb3988d48c3ecac88a88e64548a2e3a7bd
diphone/012_kd1_014.wav,audio,37774,0.855556,pcm_s16le,22050,1,audio/x-wav,https://raw.githubusercontent.com/ZBZFirst/file/master/samples/diphone/012_kd1_014.wav,4267a1b96e0fe6eb75d1ea202543ec40bc0418830e94185771985ca289f1f3cd
diphone/013_kd1_015.wav,audio,35258,0.798503,pcm_s16le,22050,1,audio/x-wav,https://raw.githubusercontent.com/ZBZFirst/file/master/samples/diphone/013_kd1_015.wav,46dc94a3b8d5224ad97f83056fa80d14a76266d0a977ece7e97d53addea74406
diphone/014_kd1_016.wav,audio,39870,0.903084,pcm_s16le,22050,1,audio/x-wav,https://raw.githubusercontent.com/ZBZFirst/file/master/samples/diphone/014_kd1_016.wav,6269c6c03aa96ec0f261f53da1d26a73a767ccff624cd6a99b67ef0a34cab352
diphone/015_kd1_017.wav,audio,38612,0.874558,pcm_s16le,22050,1,audio/x-wav,https://raw.githubusercontent.com/ZBZFirst/file/master/samples/diphone/015_kd1_017.wav,0cda810674d5d55f0e029e1692e4053bfaea9fa5db362b363f63f6e1ae32e5da
diphone/016_kd1_018.wav,audio,43224,0.979138,pcm_s16le,22050,1,audio/x-wav,https://raw.githubusercontent.com/ZBZFirst/file/master/samples/diphone/016_kd1_018.wav,dacc2510df8800f106ad3e33be5f4a459a799f435d70255edd5b1678e2406f4b
diphone/017_kd1_019.wav,audio,34420,0.779501,pcm_s16le,22050,1,audio/x-wav,https://raw.githubusercontent.com/ZBZFirst/file/master/samples/diphone/017_kd1_019.wav,1ce612b695a4a25bb5ea6c7114bf4f82a7db6591341e427eb2c14cf48a6711d2
diphone/018_kd1_020.wav,audio,41966,0.950612,pcm_s16le,22050,1,audio/x-wav,https://raw.githubusercontent.com/ZBZFirst/file/master/samples/diphone/018_kd1_020.wav,359d8b0b263a510af02631b722945c475fcc11b53c3490263287917e248d97f1
diphone/019_kd1_021.wav,audio,42386,0.960136,pcm_s16le,22050,1,audio/x-wav,https://raw.githubusercontent.com/ZBZFirst/file/master/samples/diphone/019_kd1_021.wav,6d96d1488877935b072e41d9818f97e014d7fddad9e81043047c9f5c96ac3c5a
diphone/020_kd1_022.wav,audio,38612,0.874558,pcm_s16le,22050,1,audio/x-wav,https://raw.githubusercontent.com/ZBZFirst/file/master/samples/diphone/020_kd1_022.wav,5eca34c85e525cbe8d21c448502af7d544f2c9350f7e7a60d6ed8b83afef97da
diphone/021_kd1_023.wav,audio,38612,0.874558,pcm_s16le,22050,1,audio/x-wav,https://raw.githubusercontent.com/ZBZFirst/file/master/samples/diphone/021_kd1_023.wav,89d5ae70a3fa67ae732e8c450421bc003f9e14857dca3622b7f0dff14e0cfe28
diphone/022_kd1_024.wav,audio,39870,0.903084,pcm_s16le,22050,1,audio/x-wav,https://raw.githubusercontent.com/ZBZFirst/file/master/samples/diphone/022_kd1_024.wav,7de615bcfa3f80d04d0a8ea52967abd55925b323ad89b9a7b01f5ea3ec64c2a7
diphone/023_kd1_025.wav,audio,36096,0.817506,pcm_s16le,22050,1,audio/x-wav,https://raw.githubusercontent.com/ZBZFirst/file/master/samples/diphone/023_kd1_025.wav,031a70d0b8c08decc9b1156255bfe84b9698902ff47135b76a59ab1ad53e3a79
diphone/024_kd1_026.wav,audio,38612,0.874558,pcm_s16le,22050,1,audio/x-wav,https://raw.githubusercontent.com/ZBZFirst/file/master/samples/diphone/024_kd1_026.wav,0c27500b4da91355445c82eeb5bf969c260609bb08e7ef3505ef589943e8e57d
diphone/025_kd1_027.wav,audio,39450,0.89356,pcm_s16le,22050,1,audio/x-wav,https://raw.githubusercontent.com/ZBZFirst/file/master/samples/diphone/025_kd1_027.wav,3900d4fbc33c953de43640641eade912087dc8c67d8cf713e9f0c4355e5ade3d
diphone/026_kd1_028.wav,audio,38194,0.865079,pcm_s16le,22050,1,audio/x-wav,https://raw.githubusercontent.com/ZBZFirst/file/master/samples/diphone/026_kd1_028.wav,67c37cfe0c6d4eb1b3865a3eb1b91f7acb0ae533ddb808b06b59fdee1e9ab95b
diphone/027_kd1_029.wav,audio,39032,0.884082,pcm_s16le,22050,1,audio/x-wav,https://raw.githubusercontent.com/ZBZFirst/file/master/samples/diphone/027_kd1_029.wav,3791c9d207728d3e8e3b394ab9632e3cd9a471052a116582bc32083db6db8553
diphone/028_kd1_030.wav,audio,41548,0.941134,pcm_s16le,22050,1,audio/x-wav,https://raw.githubusercontent.com/ZBZFirst/file/master/samples/diphone/028_kd1_030.wav,8b07b548ebc917b348704bd2b54793b4ba608ea3a11af417f9c9eb5c3f4fc8dc
diphone/029_kd1_031.wav,audio,37356,0.846077,pcm_s16le,22050,1,audio/x-wav,https://raw.githubusercontent.com/ZBZFirst/file/master/samples/diphone/029_kd1_031.wav,4bfc4fa7fa894bc3ac710fba8238d1363c356e09bb972b913dd6068aa7f7e899
diphone/030_kd1_032.wav,audio,43642,0.988617,pcm_s16le,22050,1,audio/x-wav,https://raw.githubusercontent.com/ZBZFirst/file/master/samples/diphone/030_kd1_032.wav,b65ed1dd63b5066caaad13f9d39d6f656cb31ac4f36be8ab159770d1fdad0696
diphone/031_kd1_033.wav,audio,38194,0.865079,pcm_s16le,22050,1,audio/x-wav,https://raw.githubusercontent.com/ZBZFirst/file/master/samples/diphone/031_kd1_033.wav,e33fcfc14348e898a8f0b7f60760d4202ccc5b46acf2067668b2b20f99ffdb7f
diphone/032_kd1_034.wav,audio,40288,0.912562,pcm_s16le,22050,1,audio/x-wav,https://raw.githubusercontent.com/ZBZFirst/file/master/samples/diphone/032_kd1_034.wav,5fe485feb14ec617488767a360ebc612d3ecca0521a3f1ca268042b591e000a6
diphone/033_kd1_035.wav,audio,40706,0.922041,pcm_s16le,22050,1,audio/x-wav,https://raw.githubusercontent.com/ZBZFirst/file/master/samples/diphone/033_kd1_035.wav,b083f9d36b40a32ce3101b226c4d10d06b41cc619d3f715f1b6e79bc25e28b5f
diphone/034_kd1_036.wav,audio,43642,0.988617,pcm_s16le,22050,1,audio/x-wav,https://raw.githubusercontent.com/ZBZFirst/file/master/samples/diphone/034_kd1_036.wav,e88d1f4e8dbae279562240b4510a7c697b7e887f1b9e3faa0c07beecaa3fbd5b
diphone/035_kd1_037.wav,audio,41548,0.941134,pcm_s16le,22050,1,audio/x-wav,https://raw.githubusercontent.com/ZBZFirst/file/master/samples/diphone/035_kd1_037.wav,136cfaa80be6e6ef42ed2a1de4340ba8a6ad5b208c77bd2812c6278c798e24b0
diphone/036_kd1_038.wav,audio,39032,0.884082,pcm_s16le,22050,1,audio/x-wav,https://raw.githubusercontent.com/ZBZFirst/file/master/samples/diphone/036_kd1_038.wav,4226b2db3d917d36379912bbbac4e95d88c5917749742fa81b422de996b093bb
diphone/037_kd1_039.wav,audio,32768,0.742041,pcm_s16le,22050,1,audio/x-wav,https://raw.githubusercontent.com/ZBZFirst/file/master/samples/diphone/037_kd1_039.wav,302723aa86e2b8b1f3a2bf87fa6ae82278f866c97f1e8ba5fdfe50549f204f66
diphone2/000_kd1_399.wav,audio,32744,0.741497,pcm_s16le,22050,1,audio/x-wav,https://raw.githubusercontent.com/ZBZFirst/file/master/samples/diphone2/000_kd1_399.wav,865a1ce1c0c7466d8dbd644dd2ecc69aa94e96650c51dfcce7e0bfce1e30d80c
diphone2/001_kd1_400.wav,audio,36306,0.822268,pcm_s16le,22050,1,audio/x-wav,https://raw.githubusercontent.com/ZBZFirst/file/master/samples/diphone2/001_kd1_400.wav,a5dace28451716d16ddbd138706f5cc14e4e1fed4d6c636a4975efbac4f7b5a1
diphone2/002_kd1_401.wav,audio,34630,0.784263,pcm_s16le,22050,1,audio/x-wav,https://raw.githubusercontent.com/ZBZFirst/file/master/samples/diphone2/002_kd1_401.wav,eb96ceb3a93c5c292d303921c74535e667d4ac08582a11042fbdd002fad09ed7
diphone2/003_kd1_402.wav,audio,29808,0.674921,pcm_s16le,22050,1,audio/x-wav,https://raw.githubusercontent.com/ZBZFirst/file/master/samples/diphone2/003_kd1_402.wav,dc2b453d71272dabc52705e67a75419d8892f347a67cc4959a7c554bfdcc1483
diphone2/004_kd1_403.wav,audio,30022,0.679773,pcm_s16le,22050,1,audio/x-wav,https://raw.githubusercontent.com/ZBZFirst/file/master/samples/diphone2/004_kd1_403.wav,c4c41caeefe9eacf9ae29aadf411bcb3f88ab9d70d67de2f5d134f479f3c54f1
diphone2/005_kd1_404.wav,audio,31590,0.715329,pcm_s16le,22050,1,audio/x-wav,https://raw.githubusercontent.com/ZBZFirst/file/master/samples/diphone2/005_kd1_404.wav,bf834d021da8e9e88c9a7ea6cef38726eeaff985946c39d2ee9653efcc539a86
diphone2/006_kd1_405.wav,audio,29180,0.66068,pcm_s16le,22050,1,audio/x-wav,https://raw.githubusercontent.com/ZBZFirst/file/master/samples/diphone2/006_kd1_405.wav,72464d6547e11db50232e20b68d4d5b1a690db07930f8f4eab7b8501a910afe0
diphone2/007_kd1_406.wav,audio,38088,0.862676,pcm_s16le,22050,1,audio/x-wav,https://raw.githubusercontent.com/ZBZFirst/file/master/samples/diphone2/007_kd1_406.wav,8e36c6224d5dcc9fa098d7b7c83a393c2d18ee389b5c216efc8284329fd23e64
diphone2/008_kd3_010.wav,audio,35442,0.802676,pcm_s16le,22050,1,audio/x-wav,https://raw.githubusercontent.com/ZBZFirst/file/master/samples/diphone2/008_kd3_010.wav,fff11eab4c984db0e55f193ae6bc26ebb00ce6a2d47f1816100aacf0449938f7
diphone2/009_kd3_011.wav,audio,35858,0.812109,pcm_s16le,22050,1,audio/x-wav,https://raw.githubusercontent.com/ZBZFirst/file/master/samples/diphone2/009_kd3_011.wav,05311a81906e8f58869b12405f937cf619dec425d5bf4cfe63e8972b31e24a95
diphone2/010_kd3_012.wav,audio,37524,0.849887,pcm_s16le,22050,1,audio/x-wav,https://raw.githubusercontent.com/ZBZFirst/file/master/samples/diphone2/010_kd3_012.wav,0c64a6fd517c90b35e4a40e42c6d394aeed0d2190ddd4f40bc6776ef4c193468
diphone2/011_kd3_013.wav,audio,32320,0.731882,pcm_s16le,22050,1,audio/x-wav,https://raw.githubusercontent.com/ZBZFirst/file/master/samples/diphone2/011_kd3_013.wav,b9eaf7676e9e438cc630312fb005b489c700858ac255c8eb68081cf543297cc8
dist/000_inddistb1.wav,audio,423042,2.396735,pcm_s16le,44100,2,audio/x-wav,https://raw.githubusercontent.com/ZBZFirst/file/master/samples/dist/000_inddistb1.wav,c4aeeca6f251439c5e3726a807619281cbfddfc7f68b3b27b87258e26cf80268
dist/001_inddistb2.wav,audio,423174,2.397483,pcm_s16le,44100,2,audio/x-wav,https://raw.githubusercontent.com/ZBZFirst/file/master/samples/dist/001_inddistb2.wav,130a10d24fb1ba6a0fd9db295f935586fde972a61b90e33577d366840a0f67ef
dist/002_inddistb1ride.wav,audio,423586,2.399819,pcm_s16le,44100,2,audio/x-wav,https://raw.githubusercontent.com/ZBZFirst/file/master/samples/dist/002_inddistb1ride.wav,e9eaac5eaf4da02b4d7deeff66ded128a270a7c18575c47e45e005e035d5b14f
dist/003_inddistb2ride.wav,audio,423202,2.397642,pcm_s16le,44100,2,audio/x-wav,https://raw.githubusercontent.com/ZBZFirst/file/master/samples/dist/003_inddistb2ride.wav,8da961c6c4c676cdfc7ecae14c57eaacc9a950bf273936b97e5931e2b9944148
dist/004_inddistb3.wav,audio,424322,2.403991,pcm_s16le,44100,2,audio/x-wav,https://raw.githubusercontent.com/ZBZFirst/file/master/samples/dist/004_inddistb3.wav,9dd208cafeee03e9b1a9a658632e29f37c00cfd70bd3e5e31715941787b69d68
dist/005_inddistb3ride.wav,audio,423282,2.398095,pcm_s16le,44100,2,audio/x-wav,https://raw.githubusercontent.com/ZBZFirst/file/master/samples/dist/005_inddistb3ride.wav,5f0ee25a4e9ef2c2360cc4951931a9f37949192ccc943cc7f05965919fc24737
dist/006_inddistb4.wav,audio,424806,2.406735,pcm_s16le,44100,2,audio/x-wav,https://raw.githubusercontent.com/ZBZFirst/file/master/samples/dist/006_inddistb4.wav,21ed477a2ccc2d78f7f496a09ccad267dd7e0bd18f9234b4f4086107026686e2
dist/007_inddistb4ride.wav,audio,428530,2.427846,pcm_s16le,44100,2,audio/x-wav,https://raw.githubusercontent.com/ZBZFirst/file/master/samples/dist/007_inddistb4ride.wav,6feeefefad2f510d2639d37c95e3aef7396d807753cfd2ab5155f188b981533c
dist/008_inddistb5.wav,audio,421638,2.388776,pcm_s16le,44100,2,audio/x-wav,https://raw.githubusercontent.com/ZBZFirst/file/master/samples/dist/008_inddistb5.wav,feb9054beef73d039481ec9e85a6d651877dd6a8fb86300e836361570a674930
dist/009_inddistb5ride.wav,audio,423682,2.400363,pcm_s16le,44100,2,audio/x-wav,https://raw.githubusercontent.com/ZBZFirst/file/master/samples/dist/009_inddistb5ride.wav,35de8fdc583261569afb1b2fec09a5e2f2fd8586290cbc341db969353cc368bc
dist/010_inddistb6.wav,audio,422146,2.391655,pcm_s16le,44100,2,audio/x-wav,https://raw.githubusercontent.com/ZBZFirst/file/master/samples/dist/010_inddistb6.wav,ff86a836da3ae0dd92650c7435bbf64c991c3927a478009c69075bb88df2c714
dist/011_inddistb6ride.wav,audio,423970,2.401995,pcm_s16le,44100,2,audio/x-wav,https://raw.githubusercontent.com/ZBZFirst/file/master/samples/dist/011_inddistb6ride.wav,a811f4d78cad4878572628756b0db2e66f69389084818f7ad27b2fa294f5612a
dist/012_inddistb7.wav,audio,424834,2.406893,pcm_s16le,44100,2,audio/x-wav,https://raw.githubusercontent.com/ZBZFirst/file/master/samples/dist/012_inddistb7.wav,3cc57a8838d136a12f5195519f4f68b39cc1142fd2257e16acf23deed975e3d0
dist/013_inddistb7ride.wav,audio,423426,2.398912,pcm_s16le,44100,2,audio/x-wav,https://raw.githubusercontent.com/ZBZFirst/file/master/samples/dist/013_inddistb7ride.wav,1fcac2f7936ee4afccd780232ddb000a0131ea9b64e0649c37284e76f2855c1d
dist/014_inddistb8.wav,audio,423426,2.398912,pcm_s16le,44100,2,audio/x-wav,https://raw.githubusercontent.com/ZBZFirst/file/master/samples/dist/014_inddistb8.wav,aaeb3032259ee6619c5d2950c5c9c481149906cafd9afc46634320d3cd4c654d
dist/015_inddistb8ride.wav,audio,421126,2.385873,pcm_s16le,44100,2,audio/x-wav,https://raw.githubusercontent.com/ZBZFirst/file/master/samples/dist/015_inddistb8ride.wav,93955c6b456c80da823400ffd17d390c9679432691140cbdb486cd41a09954b3
dork2/0.wav,audio,476204,5.398639,pcm_s16le,44100,1,audio/x-wav,https://raw.githubusercontent.com/ZBZFirst/file/master/samples/dork2/0.wav,3b55cd87f7a8c6e22fc0840dc9befe2e372e7a071f39ab9cd74e5b570d388bfe
dork2/1.wav,audio,235564,2.670295,pcm_s16le,44100,1,audio/x-wav,https://raw.githubusercontent.com/ZBZFirst/file/master/samples/dork2/1.wav,abf7518a5bd19a316feb782d2c4d6cc9477d987316f5f62eda32cb7ebe080fb6
dork2/2.wav,audio,68652,0.777868,pcm_s16le,44100,1,audio/x-wav,https://raw.githubusercontent.com/ZBZFirst/file/master/samples/dork2/2.wav,64c407aaf944864c10dfbe735df1d66d93e7d237e2cab53155120cdc0e1f0776
dork2/4.wav,audio,60460,0.684989,pcm_s16le,44100,1,audio/x-wav,https://raw.githubusercontent.com/ZBZFirst/file/master/samples/dork2/4.wav,13fece968a6ac388342d766e596c49ee52515ec0f28f5c9f7dcef2e5caf2ac74
dorkbot/1.wav,audio,268332,3.041814,pcm_s16le,44100,1,audio/x-wav,https://raw.githubusercontent.com/ZBZFirst/file/master/samples/dorkbot/1.wav,e308dd178bab4c44a24f26c2797c4f3e10af007d5cb9cce3489181cfcda90c6d
dorkbot/2.wav,audio,124972,1.416417,pcm_s16le,44100,1,audio/x-wav,https://raw.githubusercontent.com/ZBZFirst/file/master/samples/dorkbot/2.wav,d7028566a46ef7da4287db29e1279e85abd92b83e9f0c646e605c62435917089
dr/000_002.WAV,audio,5426,0.06102,pcm_s16le,44100,1,audio/x-wav,https://raw.githubusercontent.com/ZBZFirst/file/master/samples/dr/000_002.WAV,83def9a4623d6fa87480c7aff7d6af94f5ff1081217e10974edb834a6720a96e
dr/001_003.WAV,audio,14330,0.161973,pcm_s16le,44100,1,audio/x-wav,https://raw.githubusercontent.com/ZBZFirst/file/master/samples/dr/001_003.WAV,93854272120b717e6aef39cb202a56b36a3270cc051b5f18d95948bf6aa6d664
dr/002_004.WAV,audio,26370,0.298481,pcm_s16le,44100,1,audio/x-wav,https://raw.githubusercontent.com/ZBZFirst/file/master/samples/dr/002_004.WAV,2b2dc150be5f19972315f224e50c4c18588ee7253f19298f5eb5a52878026971
dr/003_005.WAV,audio,20018,0.226463,pcm_s16le,44100,1,audio/x-wav,https://raw.githubusercontent.com/ZBZFirst/file/master/samples/dr/003_005.WAV,bf2f0595d3d9585fc0d9bb44505736d94a25c023e3bc61f0dbad1b2199e149ac
dr/004_006.WAV,audio,11286,0.12746,pcm_s16le,44100,1,audio/x-wav,https://raw.githubusercontent.com/ZBZFirst/file/master/samples/dr/004_006.WAV,cb3fa1f23ea7ac0c01ca71b9a8cfe2e5df47611687bfebc2f8a0d68390dc8d7f
dr/005_008.WAV,audio,57328,0.649478,pcm_s16le,44100,1,audio/x-wav,https://raw.githubusercontent.com/ZBZFirst/file/master/samples/dr/005_008.WAV,10425063724508f4af44e7599be1351674417b451b99b5619fc598556cb69fa9
dr/006_009.WAV,audio,29244,0.331066,pcm_s16le,44100,1,audio/x-wav,https://raw.githubusercontent.com/ZBZFirst/file/master/samples/dr/006_009.WAV,aa4fa98cf94f5b8d5415b6f0634bf2644b74cf6cf23fe6e2f53ead8c8b689592
dr/007_010.WAV,audio,44088,0.499365,pcm_s16le,44100,1,audio/x-wav,https://raw.githubusercontent.com/ZBZFirst/file/master/samples/dr/007_010.WAV,b1314e76261a0213528a5605261a91b3f3c598a760775a8d2ee85332731b9a8b
dr/008_011.WAV,audio,30362,0.343741,pcm_s16le,44100,1,audio/x-wav,https://raw.githubusercontent.com/ZBZFirst/file/master/samples/dr/008_011.WAV,1ebae2e9309ed805ad7a97507b32c53a6a6b587d01854fcaa964a4ac0a8c7bbb
dr/009_014.WAV,audio,16702,0.188866,pcm_s16le,44100,1,audio/x-wav,https://raw.githubusercontent.com/ZBZFirst/file/master/samples/dr/009_014.WAV,9d74c5978f02cf3bb65adf169c8856b8ce76bf545447ab78179346a5b9c0b480
dr/010_015.WAV,audio,33672,0.38127,pcm_s16le,44100,1,audio/x-wav,https://raw.githubusercontent.com/ZBZFirst/file/master/samples/dr/010_015.WAV,026daa916cc658d9f7f0ec48ef0228c0215fcb483488f7cc494478837021dac8
dr/011_016.WAV,audio,24940,0.282268,pcm_s16le,44100,1,audio/x-wav,https://raw.githubusercontent.com/ZBZFirst/file/master/samples/dr/011_016.WAV,e1d8d55e6084ee4ff53d2ff3bf9ffe77ec766485ca7f35cb7cd5180a435fffd9
dr/012_017.WAV,audio,32288,0.365578,pcm_s16le,44100,1,audio/x-wav,https://raw.githubusercontent.com/ZBZFirst/file/master/samples/dr/012_017.WAV,ea67b022e010f8f94c06529053a0f2658a7c8bd33591dddc28d45212c93c13ba
dr/013_019.WAV,audio,14414,0.162925,pcm_s16le,44100,1,audio/x-wav,https://raw.githubusercontent.com/ZBZFirst/file/master/samples/dr/013_019.WAV,12dbc3ad9c99e9c6024af5d902d73ac7629b2134f370666ed046959758cbf098
dr/014_023.WAV,audio,44176,0.500363,pcm_s16le,44100,1,audio/x-wav,https://raw.githubusercontent.com/ZBZFirst/file/master/samples/dr/014_023.WAV,0e8e0fe1cab887a20c04492edac1dbca0078233624c1a02a5a5ad4e812300161
dr/015_024.WAV,audio,59178,0.670454,pcm_s16le,44100,1,audio/x-wav,https://raw.githubusercontent.com/ZBZFirst/file/master/samples/dr/015_024.WAV,e9645175dc9de762577b510681c308e6f9794e8f64964c76c8297a16cd2f0ec8
dr/016_025.WAV,audio,47180,0.534422,pcm_s16le,44100,1,audio/x-wav,https://raw.githubusercontent.com/ZBZFirst/file/master/samples/dr/016_025.WAV,122bdb24f4cbb017158e69047be67f3223229b62f2e5b88d28e69f0eaa0cfc7e
dr/017_026.WAV,audio,130482,1.478889,pcm_s16le,44100,1,audio/x-wav,https://raw.githubusercontent.com/ZBZFirst/file/master/samples/dr/017_026.WAV,b281233cbd285ea33b6b04a5f545a11e096b755acc0e6ba83210d39eee649788
dr/018_027.WAV,audio,46064,0.521769,pcm_s16le,44100,1,audio/x-wav,https://raw.githubusercontent.com/ZBZFirst/file/master/samples/dr/018_027.WAV,a356361c4fd247db685a072a92694a96dc94de99df3b47d9004017cf2201cfaf
dr/019_028.WAV,audio,105124,1.191383,pcm_s16le,44100,1,audio/x-wav,https://raw.githubusercontent.com/ZBZFirst/file/master/samples/dr/019_028.WAV,b11b0084acc59ffa4cf2dd472dd708e0850c6b28511b362c4e16f909eeb95f79
dr/020_029.WAV,audio,85712,0.971293,pcm_s16le,44100,1,audio/x-wav,https://raw.githubusercontent.com/ZBZFirst/file/master/samples/dr/020_029.WAV,e01c2c1bf2479e7fb25821e77bec6d8c2d662d3680a732480d95a32d939c7470
dr/021_030.WAV,audio,23638,0.267506,pcm_s16le,44100,1,audio/x-wav,https://raw.githubusercontent.com/ZBZFirst/file/master/samples/dr/021_030.WAV,c51e7b7a2ca318f95e0609144626269359d3872c484ee36fd1b4aad298313851
dr/022_031.WAV,audio,10714,0.120975,pcm_s16le,44100,1,audio/x-wav,https://raw.githubusercontent.com/ZBZFirst/file/master/samples/dr/022_031.WAV,fbf1a94179b68e065c6ece75091483f55726c1e0dee26920e2713696d24d8fbd
dr/023_032.WAV,audio,131082,1.485692,pcm_s16le,44100,1,audio/x-wav,https://raw.githubusercontent.com/ZBZFirst/file/master/samples/dr/023_032.WAV,fbd504069b4e445b62ddfb126d20c4fb397a5767a135a77b930a547eeee9b16d
dr/024_033.WAV,audio,8452,0.095329,pcm_s16le,44100,1,audio/x-wav,https://raw.githubusercontent.com/ZBZFirst/file/master/samples/dr/024_033.WAV,6a64a0ce14bd2273740a16ced5c3fc62753d03fbdcfa6fe756d1a2de803811f9
dr/025_034.WAV,audio,10652,0.120272,pcm_s16le,44100,1,audio/x-wav,https://raw.githubusercontent.com/ZBZFirst/file/master/samples/dr/025_034.WAV,78f10aac081da6dc8198518c61fa11b9ce4d9a4c290ca3bad73e92a964ec9e27
dr/026_035.WAV,audio,13722,0.155079,pcm_s16le,44100,1,audio/x-wav,https://raw.githubusercontent.com/ZBZFirst/file/master/samples/dr/026_035.WAV,3be9e607d2b26e7edeaeb4d4fad423e079fa6a6c6f7d4cdd0e5499df4626e72b
dr/027_036.WAV,audio,14360,0.162313,pcm_s16le,44100,1,audio/x-wav,https://raw.githubusercontent.com/ZBZFirst/file/master/samples/dr/027_036.WAV,39f46a6dbe45fff794d85f13602509d9c70c7848b83950f40e1b0a531cae98a4
dr/028_037.WAV,audio,26338,0.298118,pcm_s16le,44100,1,audio/x-wav,https://raw.githubusercontent.com/ZBZFirst/file/master/samples/dr/028_037.WAV,910f37231b081db39334c8218a5a31711f0c63de03d079c1479118bdeea2fff3
dr/029_038.WAV,audio,40536,0.459093,pcm_s16le,44100,1,audio/x-wav,https://raw.githubusercontent.com/ZBZFirst/file/master/samples/dr/029_038.WAV,1c6752d2a5c0b5a9b32d5d79a82caf9f14ea2905dd87e663ba8ea4d6ef373642
dr/030_039.WAV,audio,37086,0.419977,pcm_s16le,44100,1,audio/x-wav,https://raw.githubusercontent.com/ZBZFirst/file/master/samples/dr/030_039.WAV,8dfafdaf70cfddddba81f866bfddb94369959bd1e74b59279fc2be494383dbe2
dr/031_040.WAV,audio,17842,0.201791,pcm_s16le,44100,1,audio/x-wav,https://raw.githubusercontent.com/ZBZFirst/file/master/samples/dr/031_040.WAV,25a5c7972d6fda201467d9440cc0f7555105486b93d503fbbaea17930350a436
dr/032_041.WAV,audio,19202,0.217211,pcm_s16le,44100,1,audio/x-wav,https://raw.githubusercontent.com/ZBZFirst/file/master/samples/dr/032_041.WAV,7195528b2bd98a8bce5e13fd651ad5b38041737eb89f4545a49ffec995e95c86
dr/033_042.WAV,audio,5904,0.06644,pcm_s16le,44100,1,audio/x-wav,https://raw.githubusercontent.com/ZBZFirst/file/master/samples/dr/033_042.WAV,8f2217f3c0180f055718ebd1191052ab0bc9b201a33df06a3ceee6b2ba65734f
dr/034_043.WAV,audio,5106,0.057392,pcm_s16le,44100,1,audio/x-wav,https://raw.githubusercontent.com/ZBZFirst/file/master/samples/dr/034_043.WAV,0fe2dd0886f015d08c7befda5db486866ec2ea2d386bb9f46289eb3b9e500c70
dr/035_044.WAV,audio,23344,0.264172,pcm_s16le,44100,1,audio/x-wav,https://raw.githubusercontent.com/ZBZFirst/file/master/samples/dr/035_044.WAV,49039cb61459dc412993c2e4019f4340079da7f6ec039b3059ba0ec04abf691a
dr/036_045.WAV,audio,8712,0.098277,pcm_s16le,44100,1,audio/x-wav,https://raw.githubusercontent.com/ZBZFirst/file/master/samples/dr/036_045.WAV,e9593faa9846693a8ae9dc6559ed94b2e084f7e741626a311676afe9d28466be
dr/037_046.WAV,audio,44496,0.503991,pcm_s16le,44100,1,audio/x-wav,https://raw.githubusercontent.com/ZBZFirst/file/master/samples/dr/037_046.WAV,571e8e512e3054fe1ff0d198c3dd0e0287b552e66cfe9d0dac6012b16e7b7342
dr/038_047.WAV,audio,61908,0.701406,pcm_s16le,44100,1,audio/x-wav,https://raw.githubusercontent.com/ZBZFirst/file/master/samples/dr/038_047.WAV,ef551feccd09f0a5be693a7bc4c8f218f0faedf472e3e25d0c0ab2f5a5898a82
dr/039_048.WAV,audio,40560,0.459365,pcm_s16le,44100,1,audio/x-wav,https://raw.githubusercontent.com/ZBZFirst/file/master/samples/dr/039_048.WAV,f664585637d87410fb4bab55046d1f1ec9ae2c7dbd3e9cf984faef3f3e691914
dr/040_049.WAV,audio,39946,0.452404,pcm_s16le,44100,1,audio/x-wav,https://raw.githubusercontent.com/ZBZFirst/file/master/samples/dr/040_049.WAV,21f194f31968294af64942240c46ef39a6af7a48aad4df636d21136acee03a9c
dr/041_050.WAV,audio,18222,0.2061,pcm_s16le,44100,1,audio/x-wav,https://raw.githubusercontent.com/ZBZFirst/file/master/samples/dr/041_050.WAV,1d347f343ccaa91e3a9dead7eefaf0307e97bb24d2b67f5a54a9f60e6695504d
dr2/000_DR110CHT.WAV,audio,34766,0.393673,pcm_s16le,44100,1,audio/x-wav,https://raw.githubusercontent.com/ZBZFirst/file/master/samples/dr2/000_DR110CHT.WAV,e3240a0d36ada3158957a3a3a4729a3c60a14f31d898d0e7b7c4f9e415e061d1
dr2/001_DR110CLP.WAV,audio,58586,0.663741,pcm_s16le,44100,1,audio/x-wav,https://raw.githubusercontent.com/ZBZFirst/file/master/samples/dr2/001_DR110CLP.WAV,9d3bbba355919a2fbfda78125b7b7ca3615d53a2499b304f459899e3b32795bc
dr2/002_DR110CYM.WAV,audio,118876,1.347302,pcm_s16le,44100,1,audio/x-wav,https://raw.githubusercontent.com/ZBZFirst/file/master/samples/dr2/002_DR110CYM.WAV,80fd3bb114701a8acc155b0c4a027bbf74cd7db6f09d5e062b9c2ad16bc1496a
dr2/003_DR110KIK.WAV,audio,22794,0.257937,pcm_s16le,44100,1,audio/x-wav,https://raw.githubusercontent.com/ZBZFirst/file/master/samples/dr2/003_DR110KIK.WAV,82a8f7185d54a3dcff4b930240ab2b85b2b660ecb002db7ef19ef8cdc7deb95f
dr2/004_DR110OHT.WAV,audio,98164,1.112472,pcm_s16le,44100,1,audio/x-wav,https://raw.githubusercontent.com/ZBZFirst/file/master/samples/dr2/004_DR110OHT.WAV,3842da459a36a27986ec5d18700b35f30d870ed4b8b48c293935a23a2e962f15
dr2/005_DR110SNR.WAV,audio,33008,0.373741,pcm_s16le,44100,1,audio/x-wav,https://raw.githubusercontent.com/ZBZFirst/file/master/samples/dr2/005_DR110SNR.WAV,0497c59a3bca7daaac9a2919327b31dfc8d89024a3c79705006ade0adae9b914
dr55/000_DR55 hi hat.wav,audio,8746,0.097528,pcm_s16le,44100,1,audio/x-wav,https://raw.githubusercontent.com/ZBZFirst/file/master/samples/dr55/000_DR55 hi hat.wav,f16c192b3f20dd3e6c219dede4d16d634c438ce12ddf047513d673da77e6f48a
dr55/001_DR55 kick.wav,audio,9858,0.110136,pcm_s16le,44100,1,audio/x-wav,https://raw.githubusercontent.com/ZBZFirst/file/master/samples/dr55/001_DR55 kick.wav,666c073141a27c8bdcb41c4aeeec9019d290f8360202c5a94c2504ad895e9583
dr55/002_DR55 rimshot.wav,audio,1452,0.01483,pcm_s16le,44100,1,audio/x-wav,https://raw.githubusercontent.com/ZBZFirst/file/master/samples/dr55/002_DR55 rimshot.wav,db3ba0961546e2c098e50209ff5ed5783dbafd14b4121b6b34c50f5c6d21d384
dr55/003_DR55 snare.wav,audio,10348,0.115692,pcm_s16le,44100,1,audio/x-wav,https://raw.githubusercontent.com/ZBZFirst/file/master/samples/dr55/003_DR55 snare.wav,c2a4d654bfc882c3ac9ffd50e00845a878fdd635a14259f89300187e87c529c8
dr_few/000_001.WAV,audio,45704,0.517687,pcm_s16le,44100,1,audio/x-wav,https://raw.githubusercontent.com/ZBZFirst/file/master/samples/dr_few/000_001.WAV,367a23c274c1236b976e9968888a29d1c085d95b229f970f08f62066e3922f38
dr_few/001_007.WAV,audio,2722,0.030363,pcm_s16le,44100,1,audio/x-wav,https://raw.githubusercontent.com/ZBZFirst/file/master/samples/dr_few/001_007.WAV,21529624e3c5cf2b288bf5fdef1e65df332655888013b760766d6b8c5186e5d1
dr_few/002_012.WAV,audio,19914,0.225283,pcm_s16le,44100,1,audio/x-wav,https://raw.githubusercontent.com/ZBZFirst/file/master/samples/dr_few/002_012.WAV,b1e3144bbd66767dcc09fcd6e447b5c02cdb41c69e9178031d440d02403ad36a
dr_few/003_013.WAV,audio,28098,0.318073,pcm_s16le,44100,1,audio/x-wav,https://raw.githubusercontent.com/ZBZFirst/file/master/samples/dr_few/003_013.WAV,2281c78469fce598b9a7015fbfe774202b30be2209f421f8c899df199f2afca6
dr_few/004_018.WAV,audio,57178,0.647778,pcm_s16le,44100,1,audio/x-wav,https://raw.githubusercontent.com/ZBZFirst/file/master/samples/dr_few/004_018.WAV,ee857d086daaf23d3f306272556eb4225ed445a4814f91218dc89081f449761c
dr_few/005_020.WAV,audio,57244,0.648526,pcm_s16le,44100,1,audio/x-wav,https://raw.githubusercontent.com/ZBZFirst/file/master/samples/dr_few/005_020.WAV,aa80a2d4d2d242d9bb103553817357129b26cfc0497ced9f852c4b3f86c44951
dr_few/006_021.WAV,audio,20910,0.236576,pcm_s16le,44100,1,audio/x-wav,https://raw.githubusercontent.com/ZBZFirst/file/master/samples/dr_few/006_021.WAV,633633be182bb371cf968fedefe1c0ae022e12b48ae95f30f1ed8eb0869b24e5
dr_few/007_022.WAV,audio,51946,0.588458,pcm_s16le,44100,1,audio/x-wav,https://raw.githubusercontent.com/ZBZFirst/file/master/samples/dr_few/007_022.WAV,e2244395f4aab7d70b9998ecffe6db80153028ad3274cb13af8682265a24d0de
drum/000_drum1.wav,audio,23900,0.263175,pcm_s16le,44100,1,audio/x-wav,https://raw.githubusercontent.com/ZBZFirst/file/master/samples/drum/000_drum1.wav,9461aa29a4c7a78af621ca300efc970e7d900354b1b57a729cae0a1e741bf5b8
drum/001_drum2.wav,audio,15412,0.171247,pcm_s16le,44100,1,audio/x-wav,https://raw.githubusercontent.com/ZBZFirst/file/master/samples/drum/001_drum2.wav,31c00edb32f649bffb3ad9814299b86f992aa89d289321848084fe6b126ad4a7
drum/002_drum3.wav,audio,10944,0.119728,pcm_s16le,44100,1,audio/x-wav,https://raw.githubusercontent.com/ZBZFirst/file/master/samples/drum/002_drum3.wav,829ef2bdbe5577cba1c5f7b7ce74bf0b7774bd8d58e22eeaea287e2949c26de7
drum/003_drum4.wav,audio,11922,0.133673,pcm_s16le,44100,1,audio/x-wav,https://raw.githubusercontent.com/ZBZFirst/file/master/samples/drum/003_drum4.wav,79d3cc6f8693183b67ad5c4cbb18ac9c4338516c50512c436b33dba581dc57b1
drum/004_drum5.wav,audio,63962,0.719116,pcm_s16le,44100,1,audio/x-wav,https://raw.githubusercontent.com/ZBZFirst/file/master/samples/drum/004_drum5.wav,148c71401c47bacf567117ca83d5f55dc1c23f7e88a0de5931a7940a125b9f11
drum/005_drum6.wav,audio,14306,0.158707,pcm_s16le,44100,1,audio/x-wav,https://raw.githubusercontent.com/ZBZFirst/file/master/samples/drum/005_drum6.wav,fe3bdf2aa0ae284ec9f375e71d682b3c8945b8ff6f2a49cad4e127133a6f4604
drumtraks/000_DT Cabasa.wav,audio,9352,0.104399,pcm_s16le,44100,1,audio/x-wav,https://raw.githubusercontent.com/ZBZFirst/file/master/samples/drumtraks/000_DT Cabasa.wav,e878e42ef59493c9bc1d7ad0ac7085e5ee7ab0a6f0c857d94d2bfc193b5667bb
drumtraks/001_DT Claps.wav,audio,25920,0.292245,pcm_s16le,44100,1,audio/x-wav,https://raw.githubusercontent.com/ZBZFirst/file/master/samples/drumtraks/001_DT Claps.wav,8c1400557bef9aee97c31a2b7580154a21af8a81bced99196a1164d0f05fda0b
drumtraks/002_DT Cowbell.wav,audio,8348,0.093016,pcm_s16le,44100,1,audio/x-wav,https://raw.githubusercontent.com/ZBZFirst/file/master/samples/drumtraks/002_DT Cowbell.wav,9822107441df147746fc2bce5d190ee66abf8e5db280db03683ebeeaededda7b
drumtraks/003_DT Crash.wav,audio,103996,1.17746,pcm_s16le,44100,1,audio/x-wav,https://raw.githubusercontent.com/ZBZFirst/file/master/samples/drumtraks/003_DT Crash.wav,d821dfb5fd150e5d260ab9fa375659f9cf5ed7afeb8e47f9c83aead9f5298ffd
drumtraks/004_DT Hat Closed.wav,audio,10098,0.112857,pcm_s16le,44100,1,audio/x-wav,https://raw.githubusercontent.com/ZBZFirst/file/master/samples/drumtraks/004_DT Hat Closed.wav,fae80d25964b3a3fc8ba0c2dbe0e73864ce71a5f8999f0e274a1422ae0084dec
drumtraks/005_DT Hat Open.wav,audio,18672,0.210068,pcm_s16le,44100,1,audio/x-wav,https://raw.githubusercontent.com/ZBZFirst/file/master/samples/drumtraks/005_DT Hat Open.wav,bedf7492eb1691029e301b364fde81a22f16f5215a1f1923bb9280112abe8561
drumtraks/006_DT Kick.wav,audio,10160,0.11356,pcm_s16le,44100,1,audio/x-wav,https://raw.githubusercontent.com/ZBZFirst/file/master/samples/drumtraks/006_DT Kick.wav,e5cb088a445a6017f2826845782c86612800f1164931ddb3d9781a29b754f651
drumtraks/007_DT Ride.wav,audio,114614,1.297846,pcm_s16le,44100,1,audio/x-wav,https://raw.githubusercontent.com/ZBZFirst/file/master/samples/drumtraks/007_DT Ride.wav,ba6d3554f7d6a30839b1686c8ed13eaa24904809da6d9c331d8730c814838eef
drumtraks/008_DT Rimshot.wav,audio,12836,0.1439,pcm_s16le,44100,1,audio/x-wav,https://raw.githubusercontent.com/ZBZFirst/file/master/samples/drumtraks/008_DT Rimshot.wav,3ef9c2cf3d0a53da8d456db583b944529614e3ce631b53fa8e1f26019662920b
drumtraks/009_DT Snare.wav,audio,11114,0.124376,pcm_s16le,44100,1,audio/x-wav,https://raw.githubusercontent.com/ZBZFirst/file/master/samples/drumtraks/009_DT Snare.wav,cbd12ca7e96da913d967e6934f7b10ba1876954c97df9b750a82e5c72924a9be
drumtraks/010_DT Tambourine.wav,audio,21882,0.246463,pcm_s16le,44100,1,audio/x-wav,https://raw.githubusercontent.com/ZBZFirst/file/master/samples/drumtraks/010_DT Tambourine.wav,94c946f60a6e3e989693fbfca33a3d06c7ced1322ec45ae8f5eaef2a7809d65b
drumtraks/011_DT Tom1.wav,audio,49734,0.562245,pcm_s16le,44100,1,audio/x-wav,https://raw.githubusercontent.com/ZBZFirst/file/master/samples/drumtraks/011_DT Tom1.wav,0e282dbe3bbb1fc53cc99edca897357ed0cbc17c501a91c412d5d325d17cc463
drumtraks/012_DT Tom2.wav,audio,66336,0.750476,pcm_s16le,44100,1,audio/x-wav,https://raw.githubusercontent.com/ZBZFirst/file/master/samples/drumtraks/012_DT Tom2.wav,a6eec07d519edc3826482e4cf00ec09be618c1f13c24692b43baa11a01d0195b
e/000_e1.wav,audio,1450,0.01381,pcm_s16le,44100,1,audio/x-wav,https://raw.githubusercontent.com/ZBZFirst/file/master/samples/e/000_e1.wav,ee0d28fe04142e1a0bfb8ab3d8e5df96cb36834ab955872dd213735f6b7a43c7
e/001_e2.wav,audio,1874,0.018345,pcm_s16le,44100,1,audio/x-wav,https://raw.githubusercontent.com/ZBZFirst/file/master/samples/e/001_e2.wav,185cfb76a8c43716f78acfcc683b163cdbd25cb759a1cb54b1b0ff3565c915d2
e/002_e3.wav,audio,904,0.007619,pcm_s16le,44100,1,audio/x-wav,https://raw.githubusercontent.com/ZBZFirst/file/master/samples/e/002_e3.wav,f23d940cc1d539d569fc5151e41910751d7f1e3c8ec10f71456a747f4376da33
e/003_e4.wav,audio,2098,0.021156,pcm_s16le,44100,1,audio/x-wav,https://raw.githubusercontent.com/ZBZFirst/file/master/samples/e/003_e4.wav,219a28ac79413fcb6a442b70cec0ae5457b7b656b89b239f21af8fc7db42bf41
e/004_e5.wav,audio,1760,0.017324,pcm_s16le,44100,1,audio/x-wav,https://raw.githubusercontent.com/ZBZFirst/file/master/samples/e/004_e5.wav,004f1169b4e0a2e645fe11f6a77872779770eb14f0404c9ffccc1401773e0f20
e/005_e6.wav,audio,946,0.008095,pcm_s16le,44100,1,audio/x-wav,https://raw.githubusercontent.com/ZBZFirst/file/master/samples/e/005_e6.wav,b67d8b134364d166cd80691712a45ecc5965ab0d266bbac5a7c49d272161c1a6
e/006_e7.wav,audio,1026,0.009002,pcm_s16le,44100,1,audio/x-wav,https://raw.githubusercontent.com/ZBZFirst/file/master/samples/e/006_e7.wav,77507db843b63f20c780fc9eeeab32a9c260b81b477267a7f34ef4f7145796a2
e/007_e8.wav,audio,992,0.008617,pcm_s16le,44100,1,audio/x-wav,https://raw.githubusercontent.com/ZBZFirst/file/master/samples/e/007_e8.wav,765fabadecfa7d773f4533fb569e1caccf019fa955c70e0c9281fc07eab2641e
east/000_nipon_wood_block.wav,audio,30572,0.346122,pcm_s16le,44100,1,audio/x-wav,https://raw.githubusercontent.com/ZBZFirst/file/master/samples/east/000_nipon_wood_block.wav,432f750ed907efdd18c46a236e92ab1f11c94adbb73ff635257c53c5d0085219
east/001_ohkawa_mute.wav,audio,33260,0.376576,pcm_s16le,44100,1,audio/x-wav,https://raw.githubusercontent.com/ZBZFirst/file/master/samples/east/001_ohkawa_mute.wav,1a2e43d5b5948154f4cde27182832e956136a5adb6f41e984acacb74be7077d9
east/002_ohkawa_open.wav,audio,50322,0.570023,pcm_s16le,44100,1,audio/x-wav,https://raw.githubusercontent.com/ZBZFirst/file/master/samples/east/002_ohkawa_open.wav,bd1466e3f5cb1fc1393f600d31cc92ffb04cda85e61892794941c6b8876f1e56
east/003_shime_hi.wav,audio,61786,0.7,pcm_s16le,44100,1,audio/x-wav,https://raw.githubusercontent.com/ZBZFirst/file/master/samples/east/003_shime_hi.wav,94ba6bd4525a71e45a188618bc75ce87afd36278d23dd85d6b3313086d5320fd
east/004_shime_hi_2.wav,audio,61786,0.7,pcm_s16le,44100,1,audio/x-wav,https://raw.githubusercontent.com/ZBZFirst/file/master/samples/east/004_shime_hi_2.wav,c31982f5fea84020dd8b634fb7143e1dfeeb71947db8970c10a408a009124b68
east/005_shime_mute.wav,audio,52966,0.6,pcm_s16le,44100,1,audio/x-wav,https://raw.githubusercontent.com/ZBZFirst/file/master/samples/east/005_shime_mute.wav,658de8f27a501e19ef2b51e051eee0e982b9c83832cffc7cf5b7411967e603be
east/006_taiko_1.wav,audio,120102,1.361179,pcm_s16le,44100,1,audio/x-wav,https://raw.githubusercontent.com/ZBZFirst/file/master/samples/east/006_taiko_1.wav,97d3fb8c3fa90151397469f5412745502bf3180a0efd56af9f95166a2149e0d9
east/007_taiko_2.wav,audio,28622,0.323991,pcm_s16le,44100,1,audio/x-wav,https://raw.githubusercontent.com/ZBZFirst/file/master/samples/east/007_taiko_2.wav,11a16df01d66b6158a97d2fea4b57959891ac738fb4188feddab3bd30e6d3bf4
east/008_taiko_3.wav,audio,50372,0.57059,pcm_s16le,44100,1,audio/x-wav,https://raw.githubusercontent.com/ZBZFirst/file/master/samples/east/008_taiko_3.wav,745723d41fa0ac0933dce52fb9e03e9ca984ffe6b24ea5f275aabd2edaa4f5a1
electro1/000_et1closedhh.wav,audio,58496,0.330884,pcm_s16le,44100,2,audio/x-wav,https://raw.githubusercontent.com/ZBZFirst/file/master/samples/electro1/000_et1closedhh.wav,01384f2654f47e362e448c62c60806ef6c5ed9c9df93f0c8ad792bcdcb13a6f1
electro1/001_et1crash.wav,audio,124800,0.706757,pcm_s16le,44100,2,audio/x-wav,https://raw.githubusercontent.com/ZBZFirst/file/master/samples/electro1/001_et1crash.wav,74181c0f9b000d963d1e46df8ad495079d0008215b62d690a927f651250a5b66
electro1/002_et1hit1.wav,audio,70784,0.400544,pcm_s16le,44100,2,audio/x-wav,https://raw.githubusercontent.com/ZBZFirst/file/master/samples/electro1/002_et1hit1.wav,874912b40bbdc76bb7f2e098da38738fd67301ea99a7f40c86881e359867cb8d
electro1/003_et1hit2.wav,audio,114304,0.647256,pcm_s16le,44100,2,audio/x-wav,https://raw.githubusercontent.com/ZBZFirst/file/master/samples/electro1/003_et1hit2.wav,711c9c55ea6dddab907327c7c04643a9fa42648da2788a139e8ae4ae6803d2a0
electro1/004_et1hit3.wav,audio,157312,0.891066,pcm_s16le,44100,2,audio/x-wav,https://raw.githubusercontent.com/ZBZFirst/file/master/samples/electro1/004_et1hit3.wav,05bb217c8bd60dc32a0830257be4ca6c5fe45e96ef4d2d7cfc0183c71003048a
electro1/005_et1kick1.wav,audio,38272,0.216236,pcm_s16le,44100,2,audio/x-wav,https://raw.githubusercontent.com/ZBZFirst/file/master/samples/electro1/005_et1kick1.wav,086d50393f4e323f2e66345d489dac8d98785b8da59051c82a385f1449918483
electro1/006_et1kick2.wav,audio,63616,0.359909,pcm_s16le,44100,2,audio/x-wav,https://raw.githubusercontent.com/ZBZFirst/file/master/samples/electro1/006_et1kick2.wav,ef0a2b83ced67be6910c43ba0b263a89040e9702f937619a391f2f805fb14b03
electro1/007_et1openhh.wav,audio,185344,1.049977,pcm_s16le,44100,2,audio/x-wav,https://raw.githubusercontent.com/ZBZFirst/file/master/samples/electro1/007_et1openhh.wav,da45de3bd328eb1443da596d58fe929d8272fb9467c9ff6eccf977329c385e63
electro1/008_et1perc1.wav,audio,45696,0.258322,pcm_s16le,44100,2,audio/x-wav,https://raw.githubusercontent.com/ZBZFirst/file/master/samples/electro1/008_et1perc1.wav,82bc18ba239ea04ed1248dbcd680f6f1b16098389ccaf2ce4b165d99de409cfd
electro1/009_et1perc2.wav,audio,22336,0.125896,pcm_s16le,44100,2,audio/x-wav,https://raw.githubusercontent.com/ZBZFirst/file/master/samples/electro1/009_et1perc2.wav,c2855735fbeb9be45718ca450b05f3d620f46d59afb32d93a7de3066ec14402c
electro1/010_et1ride.wav,audio,168576,0.954921,pcm_s16le,44100,2,audio/x-wav,https://raw.githubusercontent.com/ZBZFirst/file/master/samples/electro1/010_et1ride.wav,a0af7661f54e7c2dcadb3f655a2be0d11d5c5a51d52bfe97c40c5d058310825e
electro1/011_et1snare1.wav,audio,66432,0.375873,pcm_s16le,44100,2,audio/x-wav,https://raw.githubusercontent.com/ZBZFirst/file/master/samples/electro1/011_et1snare1.wav,839c2a7bb636d4b2fe42bbab7665ed5f3647d826b7e1e5580424dcc90d2b5149
electro1/012_et1snare2.wav,audio,49920,0.282268,pcm_s16le,44100,2,audio/x-wav,https://raw.githubusercontent.com/ZBZFirst/file/master/samples/electro1/012_et1snare2.wav,99efa68c8ffc31a6f22399f2f93da424fdab0ef46fc8ecdfdcecc038c3f78cae
em2/0.wav,audio,579252,3.283492,pcm_s16le,44100,2,audio/x-wav,https://raw.githubusercontent.com/ZBZFirst/file/master/samples/em2/0.wav,520212f7e3e1006cbaa79090b21f4aa7c3b21e3ff8120c9b7e6f0404798db029
em2/1.wav,audio,606388,3.437324,pcm_s16le,44100,2,audio/x-wav,https://raw.githubusercontent.com/ZBZFirst/file/master/samples/em2/1.wav,aa1acb8007198950efeb120816374191cf058b6c36b9836c8117940679f7c19b
em2/2.wav,audio,778686,4.413084,pcm_s16le,44100,2,audio/x-wav,https://raw.githubusercontent.com/ZBZFirst/file/master/samples/em2/2.wav,9be10f33a683f729f47a23c7608b5cac387e93804e3b8b452ecb16356830e18f
em2/3.wav,audio,393412,2.229977,pcm_s16le,44100,2,audio/x-wav,https://raw.githubusercontent.com/ZBZFirst/file/master/samples/em2/3.wav,e07c627e8f66b7cea47ae09e70754fd965e9287824e15cb9c8414af341ae72aa
em2/4.wav,audio,322604,1.828571,pcm_s16le,44100,2,audio/x-wav,https://raw.githubusercontent.com/ZBZFirst/file/master/samples/em2/4.wav,2b219c06ae1c8d32012e2f2ec29daec3c0c2ca6269686909ee2c1cd72fa0e96f
em2/5.wav,audio,280300,1.588753,pcm_s16le,44100,2,audio/x-wav,https://raw.githubusercontent.com/ZBZFirst/file/master/samples/em2/5.wav,5ebcbe3faaa77e0dbf3c1a7cf1bb18a0abd7eea8b8b5bec081d2a09d59e08860
erk/000_123.wav,audio,186800,2.117415,pcm_s16le,44100,1,audio/x-wav,https://raw.githubusercontent.com/ZBZFirst/file/master/samples/erk/000_123.wav,3c6594c447d2436b55546fb4eecea71b31ae91f979bcc0e8bee149cc87133e7b
f/000_f.wav,audio,50650,0.572841,pcm_s16le,44000,1,audio/x-wav,https://raw.githubusercontent.com/ZBZFirst/file/master/samples/f/000_f.wav,147aa11d954bc8e35b243789b227dfc9fb85a1c154327ed19d5a0bcf181cf285
feel/BD 04 d.wav,audio,17028,0.191565,pcm_s16le,44100,1,audio/x-wav,https://raw.githubusercontent.com/ZBZFirst/file/master/samples/feel/BD 04 d.wav,fb98f5ce54283853489cea8e3653ce86b6080266d6b178530bd569323cabe7aa
feel/HH 003b.wav,audio,1460,0.01542,pcm_s16le,44100,1,audio/x-wav,https://raw.githubusercontent.com/ZBZFirst/file/master/samples/feel/HH 003b.wav,8ecf4c4e8d7d5656af87f422edefb2f0eb1be6c9a222accf5effc55718a8e9bb
feel/Sd 139.wav,audio,21700,0.243673,pcm_s16le,44100,1,audio/x-wav,https://raw.githubusercontent.com/ZBZFirst/file/master/samples/feel/Sd 139.wav,f8909c7fb74b67900dbf61e4487785812942e22fcb6de02d9ca07efa3ca2448d
feel/Sd 180.wav,audio,22190,0.251088,pcm_s16le,44100,1,audio/x-wav,https://raw.githubusercontent.com/ZBZFirst/file/master/samples/feel/Sd 180.wav,135ee6b6c9d4ed05d21b73d804760f879bbe94c23a9f28341adecdc2d442fdeb
feel/Sd 223.wav,audio,62220,0.703084,pcm_s16le,44100,1,audio/x-wav,https://raw.githubusercontent.com/ZBZFirst/file/master/samples/feel/Sd 223.wav,005bf68edebc8fa30eee139ede49b7bd2c2805b3ea61545717e510551438bf3c
feel/hihat029a.wav,audio,31226,0.176349,pcm_s16le,44100,2,audio/x-wav,https://raw.githubusercontent.com/ZBZFirst/file/master/samples/feel/hihat029a.wav,a8a2f30f6eaedf28d2e169a23c5091fcce2ea9b29ec305e852e434890b9b8520
feel/sub.wav,audio,223224,1.263152,pcm_s16le,44100,2,audio/x-wav,https://raw.githubusercontent.com/ZBZFirst/file/master/samples/feel/sub.wav,489b5f7cdd180aceffe4eea748673b51a1ca90ba76d854773ab39e98a2cd9297
feelfx/blnk.wav,audio,662892,3.757642,pcm_s16le,44100,2,audio/x-wav,https://raw.githubusercontent.com/ZBZFirst/file/master/samples/feelfx/blnk.wav,1c7e25f161e3918b5bc815257d0c4af516ddc18edeba583b2c5dbe9b3643e2d8
feelfx/boschwitz.wav,audio,117832,0.667438,pcm_s16le,44100,2,audio/x-wav,https://raw.githubusercontent.com/ZBZFirst/file/master/samples/feelfx/boschwitz.wav,ba4ca2edf967d6376618cb05c6de93e89c501feef1de3f366ffd320e5f027770
feelfx/bwawp.wav,audio,222880,1.262948,pcm_s16le,44100,2,audio/x-wav,https://raw.githubusercontent.com/ZBZFirst/file/master/samples/feelfx/bwawp.wav,bb89e7a6cfafee9248332b5b08dabc37b705110b4f4ac2cb42aab8496d8528e5
feelfx/doing.wav,audio,352772,1.999297,pcm_s16le,44100,2,audio/x-wav,https://raw.githubusercontent.com/ZBZFirst/file/master/samples/feelfx/doing.wav,341c2d55e0c8fa27984c388afc4b7fc02579fd5382569f4c5a1bfd203381831e
feelfx/laser-buzz.wav,audio,112792,0.638866,pcm_s16le,44100,2,audio/x-wav,https://raw.githubusercontent.com/ZBZFirst/file/master/samples/feelfx/laser-buzz.wav,89ef3ea3932a0c78d867eb26abdf31c1a51c4dfb16b670d7d1d4465cbb1fbafb
feelfx/machine.wav,audio,56032,0.317098,pcm_s16le,44100,2,audio/x-wav,https://raw.githubusercontent.com/ZBZFirst/file/master/samples/feelfx/machine.wav,afbbf7422ad0f6c3cc8a2388959eec0add96ec463804f249bb139ea020625765
feelfx/silent.wav,audio,223212,1.263152,pcm_s16le,44100,2,audio/x-wav,https://raw.githubusercontent.com/ZBZFirst/file/master/samples/feelfx/silent.wav,add51059473b2115ac0b4bae14543d9ba24bac33859d6695977a160982f91769
feelfx/surfactant_15_xilo.wav,audio,223210,1.263152,pcm_s16le,44100,2,audio/x-wav,https://raw.githubusercontent.com/ZBZFirst/file/master/samples/feelfx/surfactant_15_xilo.wav,1d8605b06e4c6a4953741af97d451eb7a907381d5121dca6c94feb15ff052a64
fest/000_foo.wav,audio,24088,0.751375,pcm_s16le,16000,1,audio/x-wav,https://raw.githubusercontent.com/ZBZFirst/file/master/samples/fest/000_foo.wav,3c0e4eda122fcd4edc9236457a37b5b7b41f97ee3a4b53c79a22469fb22b8691
fire/fire.wav,audio,1658924,9.404082,pcm_s16le,44100,2,audio/x-wav,https://raw.githubusercontent.com/ZBZFirst/file/master/samples/fire/fire.wav,3c43e4ebb28add867dfae70e266f89d5a2c4773fbf244882ec2e74808ef0b074
flick/000_square-p.wav,audio,84996,0.963175,pcm_s16le,44100,1,audio/x-wav,https://raw.githubusercontent.com/ZBZFirst/file/master/samples/flick/000_square-p.wav,37f11905a2b11ca282330fae122ddaca6f2ff8f53a83604ee69f2689569d15a1
flick/001_1.wav,audio,32424,0.36712,pcm_s16le,44100,1,audio/x-wav,https://raw.githubusercontent.com/ZBZFirst/file/master/samples/flick/001_1.wav,90622f7f1aba2d3df614fac6fbfb47ec5032ec465c14a85e39d5f37c69ab2a18
flick/002_10.wav,audio,16628,0.188027,pcm_s16le,44100,1,audio/x-wav,https://raw.githubusercontent.com/ZBZFirst/file/master/samples/flick/002_10.wav,39558114b60d84b02524843472f8b783cb52bcdd2d68e2631fc95f6f9ae6fd2e
flick/003_11.wav,audio,20352,0.230249,pcm_s16le,44100,1,audio/x-wav,https://raw.githubusercontent.com/ZBZFirst/file/master/samples/flick/003_11.wav,57cfe75ae09e86c61cb2e76a1751b45c038c603707bc09f66f4616db7ca2dc06
flick/004_12.wav,audio,30116,0.340952,pcm_s16le,44100,1,audio/x-wav,https://raw.githubusercontent.com/ZBZFirst/file/master/samples/flick/004_12.wav,6ec36448752c7d2d177cd3ae042dd6a449f1874d379c9d2a33b9e74794b37b60
flick/005_13.wav,audio,28300,0.320363,pcm_s16le,44100,1,audio/x-wav,https://raw.githubusercontent.com/ZBZFirst/file/master/samples/flick/005_13.wav,a2286dc992d8f61aed9dde1cb841f33b85deb2cd7b879e0ec40eb1aab3855259
flick/006_14.wav,audio,18484,0.20907,pcm_s16le,44100,1,audio/x-wav,https://raw.githubusercontent.com/ZBZFirst/file/master/samples/flick/006_14.wav,0261faeac0c474fbcf58d13e008e9250afed1184a724da73f6cd048e12ff7514
flick/007_2.wav,audio,26856,0.303991,pcm_s16le,44100,1,audio/x-wav,https://raw.githubusercontent.com/ZBZFirst/file/master/samples/flick/007_2.wav,293ade60bb7ae456aee249412c356bba23fbf62b7d7696b89e9beab298564dfd
flick/008_3.wav,audio,26092,0.295329,pcm_s16le,44100,1,audio/x-wav,https://raw.githubusercontent.com/ZBZFirst/file/master/samples/flick/008_3.wav,10d247be33622491da2666a0ae5eaff773092b27ebda2263b53b54c6a4af55ac
flick/009_4.wav,audio,24760,0.280227,pcm_s16le,44100,1,audio/x-wav,https://raw.githubusercontent.com/ZBZFirst/file/master/samples/flick/009_4.wav,72091d4a09154f5e793291e897920812c3a0c52dc495b2e57df5308339007b14
flick/010_5.wav,audio,34274,0.388095,pcm_s16le,44100,1,audio/x-wav,https://raw.githubusercontent.com/ZBZFirst/file/master/samples/flick/010_5.wav,684b18969d7cb7bcfc303c837668b24f4cb1d1113538e9a6dd0060a03c688931
flick/011_6.wav,audio,19836,0.224399,pcm_s16le,44100,1,audio/x-wav,https://raw.githubusercontent.com/ZBZFirst/file/master/samples/flick/011_6.wav,8e72f45eb9b8d69df89401f94469ad0dde8fb0b1e6123411da9aecd94ac96e40
flick/012_7.wav,audio,29916,0.338685,pcm_s16le,44100,1,audio/x-wav,https://raw.githubusercontent.com/ZBZFirst/file/master/samples/flick/012_7.wav,85efd17ddfd2d321580e01cdc5c810d7681271c31b9b1011a8dfaac9bdc73edf
flick/013_8.wav,audio,36828,0.417052,pcm_s16le,44100,1,audio/x-wav,https://raw.githubusercontent.com/ZBZFirst/file/master/samples/flick/013_8.wav,b0a8b2f88a38a87221f1d42a72877562b8bc2c5c41b19b25cc6a2c1be70a8b7d
flick/014_9.wav,audio,20172,0.228209,pcm_s16le,44100,1,audio/x-wav,https://raw.githubusercontent.com/ZBZFirst/file/master/samples/flick/014_9.wav,4b701d2d85bc21e1956d8530022eaa39a68a1f031500f4ef5988a087afb095cd
flick/015_hi.wav,audio,32812,0.371519,pcm_s16le,44100,1,audio/x-wav,https://raw.githubusercontent.com/ZBZFirst/file/master/samples/flick/015_hi.wav,9300b9d02ed1b67ca03d8b207f0874c3ed30e8829318ee07ac100ca155b3c731
flick/016_square.wav,audio,79620,0.902222,pcm_s16le,44100,1,audio/x-wav,https://raw.githubusercontent.com/ZBZFirst/file/master/samples/flick/016_square.wav,cfcfa0bf92d63b4175578f85f9f4b6d5224f68c8b22f1880c53d322fba61c067
fm/31seconds.wav,audio,786476,4.458231,pcm_s16le,44100,2,audio/x-wav,https://raw.githubusercontent.com/ZBZFirst/file/master/samples/fm/31seconds.wav,5d94f3afe4115aa1aa5b14e3f6a494f0ab569f0616c12d5fd6ca54341b40515d
fm/808909stabs.wav,audio,1809372,10.256961,pcm_s16le,44100,2,audio/x-wav,https://raw.githubusercontent.com/ZBZFirst/file/master/samples/fm/808909stabs.wav,e3069dcbb78af211f06ad6d99015384958c15470b7ddaa261fb751938f8a4943
fm/badboy.wav,audio,455724,2.58322,pcm_s16le,44100,2,audio/x-wav,https://raw.githubusercontent.com/ZBZFirst/file/master/samples/fm/badboy.wav,27feca5128a1007c790c17c8529b7d633cf829fe940317d7965309d83fb3b864
fm/bambaataa.wav,audio,740396,4.197007,pcm_s16le,44100,2,audio/x-wav,https://raw.githubusercontent.com/ZBZFirst/file/master/samples/fm/bambaataa.wav,429091ad30ce601c7fbf62a6cf64c25e76087620fbd8545b7701d46e06eec06b
fm/break1.wav,audio,416334,2.008526,pcm_s16le,44100,2,audio/x-wav,https://raw.githubusercontent.com/ZBZFirst/file/master/samples/fm/break1.wav,bf5d4dadc271648349e063e111714a257eaf10bf6c028bfed3f2656568ea25e5
fm/break2.wav,audio,368684,2.089796,pcm_s16le,44100,2,audio/x-wav,https://raw.githubusercontent.com/ZBZFirst/file/master/samples/fm/break2.wav,e3c7824349673e57748bf58272d09c438533e00bda7f78d421f076e0b757bc95
fm/break3.wav,audio,367660,2.083991,pcm_s16le,44100,2,audio/x-wav,https://raw.githubusercontent.com/ZBZFirst/file/master/samples/fm/break3.wav,f3fb7881081613d652467eb206d2f799334b548978364fa86a3aadcfce88cf69
fm/charly.wav,audio,388140,2.200091,pcm_s16le,44100,2,audio/x-wav,https://raw.githubusercontent.com/ZBZFirst/file/master/samples/fm/charly.wav,8747e2a73fad869386ebc11fd1ace0e816f6128078e3c1b5b4fcd18c02474639
fm/electro1.wav,audio,755756,4.284082,pcm_s16le,44100,2,audio/x-wav,https://raw.githubusercontent.com/ZBZFirst/file/master/samples/fm/electro1.wav,c4c230f7ce2e3468913836d84251b1cc7deb9d13a7fc3d824ef605f556812acf
fm/electro2.wav,audio,798764,4.527891,pcm_s16le,44100,2,audio/x-wav,https://raw.githubusercontent.com/ZBZFirst/file/master/samples/fm/electro2.wav,ef8984d6e118df24f87c3e9448fbe49e1890c83eb543038fb8a9b8ea6fb3994b
fm/femalevocal1.wav,audio,504620,2.860408,pcm_s16le,44100,2,audio/x-wav,https://raw.githubusercontent.com/ZBZFirst/file/master/samples/fm/femalevocal1.wav,403df333e9eca26897acb5621b9afc2ab34356a91731ad21750948692db09c07
fm/femalevocal2.wav,audio,713260,4.043175,pcm_s16le,44100,2,audio/x-wav,https://raw.githubusercontent.com/ZBZFirst/file/master/samples/fm/femalevocal2.wav,43ec1df58175a4f5b1afbd642bc3fad65f1ee5effe1b881f2f34e00cf881aa19
fm/femalevocal3.wav,audio,606508,3.438005,pcm_s16le,44100,2,audio/x-wav,https://raw.githubusercontent.com/ZBZFirst/file/master/samples/fm/femalevocal3.wav,089ff9eb1ed789970ae867b1e128460aa9b4e04db9f2aea040b4308417164870
fm/heyhey.wav,audio,355372,2.014331,pcm_s16le,44100,2,audio/x-wav,https://raw.githubusercontent.com/ZBZFirst/file/master/samples/fm/heyhey.wav,22be02af58633f74dc2f1af2c7e052d1bdee23a332972dca8fcaba0c55c0d2e3
fm/pad.wav,audio,332844,1.886621,pcm_s16le,44100,2,audio/x-wav,https://raw.githubusercontent.com/ZBZFirst/file/master/samples/fm/pad.wav,d10ef5045c45f17cf18f5fb70c398f3578b71d44a30fa72e9c1341d1dbe7eb87
fm/shakedown.wav,audio,1032918,4.99229,pcm_s16le,44100,2,audio/x-wav,https://raw.githubusercontent.com/ZBZFirst/file/master/samples/fm/shakedown.wav,92bc48c07653322f605a631e7e289cafc4ff9046317c8be10566a1316e609ccd
fm/stabs.wav,audio,1506992,8.542789,pcm_s16le,44100,2,audio/x-wav,https://raw.githubusercontent.com/ZBZFirst/file/master/samples/fm/stabs.wav,0203d20142327f4de38b304d26c6287e522444dc8d3560d9d28cbd92147b249d
foo/000_samthfdbrk.wav,audio,69764,1.580952,pcm_s16le,22050,1,audio/x-wav,https://raw.githubusercontent.com/ZBZFirst/file/master/samples/foo/000_samthfdbrk.wav,48b1e4d6a908883e40bdbfeb5218ce3252a11d9c61d73111ace30f4990033677
foo/001_frtwbrak.wav,audio,100564,2.279365,pcm_s16le,22050,1,audio/x-wav,https://raw.githubusercontent.com/ZBZFirst/file/master/samples/foo/001_frtwbrak.wav,e6ac28b8648b0a321c53accdb22a8ea874f915e654d60a0ab05370d139d4a277
foo/002_fullbrk.wav,audio,81968,1.857687,pcm_s16le,22050,1,audio/x-wav,https://raw.githubusercontent.com/ZBZFirst/file/master/samples/foo/002_fullbrk.wav,2653afe721223049f476f4d2ddb7363416eb5cf131416fb52e1ca4570fc8cc6f
foo/003_drydrmmr.wav,audio,78120,1.770431,pcm_s16le,22050,1,audio/x-wav,https://raw.githubusercontent.com/ZBZFirst/file/master/samples/foo/003_drydrmmr.wav,17ba8fd646b9cadccb6877a054d108edc7a08b308124208cecb4dd1f16fc6639
foo/004_brtalhat.wav,audio,118064,2.67619,pcm_s16le,22050,1,audio/x-wav,https://raw.githubusercontent.com/ZBZFirst/file/master/samples/foo/004_brtalhat.wav,b5fe9916b5518abc11148f506f7d86114fe4bc642cf27646107544ab4d0357fb
foo/005_nicedrop.wav,audio,108564,2.460771,pcm_s16le,22050,1,audio/x-wav,https://raw.githubusercontent.com/ZBZFirst/file/master/samples/foo/005_nicedrop.wav,6508d9e4702a7af8237a66ba52d5ad118f9244abc7d94a002006cb44f884d31c
foo/006_fastfaze.wav,audio,85264,1.932426,pcm_s16le,22050,1,audio/x-wav,https://raw.githubusercontent.com/ZBZFirst/file/master/samples/foo/006_fastfaze.wav,a435c143cc6b75fe7939cd3ba1ec8c4ce2b0561a1f9802eb3bb9d53fbdd9d165
foo/007_lkfnkybr.wav,audio,108064,2.449433,pcm_s16le,22050,1,audio/x-wav,https://raw.githubusercontent.com/ZBZFirst/file/master/samples/foo/007_lkfnkybr.wav,1959d46aa4586893b28000c44ce543a23db196fb2fc6c99a86e4118d0e77519c
foo/008_clnkrbrk.wav,audio,102664,2.326984,pcm_s16le,22050,1,audio/x-wav,https://raw.githubusercontent.com/ZBZFirst/file/master/samples/foo/008_clnkrbrk.wav,ea00a3302572189150465e89f2e6fbfdeec400ee5eea40ff711a3ea567fe452d
foo/009_hrdlvbrk.wav,audio,114320,2.591293,pcm_s16le,22050,1,audio/x-wav,https://raw.githubusercontent.com/ZBZFirst/file/master/samples/foo/009_hrdlvbrk.wav,6adbbcb17124f604d30b75002a42a4097ec544fa43e7af45a1edeeedb3149ab9
foo/010_dngrsbrk.wav,audio,104764,2.374603,pcm_s16le,22050,1,audio/x-wav,https://raw.githubusercontent.com/ZBZFirst/file/master/samples/foo/010_dngrsbrk.wav,e8bae0714a948700ccef939ca5138cc534bf0935bcbd9bf93a00f1d38227cefc
foo/011_eyebreak.wav,audio,94064,2.131973,pcm_s16le,22050,1,audio/x-wav,https://raw.githubusercontent.com/ZBZFirst/file/master/samples/foo/011_eyebreak.wav,677c90691c16c6775b288ec18bb385834799c5e51395333a9eeb4f12976760b1
foo/012_vctrybrk.wav,audio,108564,2.460771,pcm_s16le,22050,1,audio/x-wav,https://raw.githubusercontent.com/ZBZFirst/file/master/samples/foo/012_vctrybrk.wav,cd1b46b2e423de1cf180e476f95a5f7f438068026eadd42ce7751790a89c1ace
foo/013_mrestick.wav,audio,102864,2.331519,pcm_s16le,22050,1,audio/x-wav,https://raw.githubusercontent.com/ZBZFirst/file/master/samples/foo/013_mrestick.wav,b3fa1dad563c25306e92f56245e5fef0274fa29f890d7504e3cdd1f167ce7285
foo/014_thumpnbr.wav,audio,122320,2.772698,pcm_s16le,22050,1,audio/x-wav,https://raw.githubusercontent.com/ZBZFirst/file/master/samples/foo/014_thumpnbr.wav,777e87f1952ffe11d865ed683168e3cf3777222f8ccbee0689a787877f3e1bf5
foo/015_sdstckbr.wav,audio,82564,1.871202,pcm_s16le,22050,1,audio/x-wav,https://raw.githubusercontent.com/ZBZFirst/file/master/samples/foo/015_sdstckbr.wav,deb38591c05d565e68b7f6cece872fffc3ff8321561ee89199aa9b8237f51eec
foo/016_bllstmp.wav,audio,85564,1.939229,pcm_s16le,22050,1,audio/x-wav,https://raw.githubusercontent.com/ZBZFirst/file/master/samples/foo/016_bllstmp.wav,26d0df069db07c83833cf8e90bfed5249dfb0fbf56d9cf043de6e5a844439548
foo/017_gattabrk.wav,audio,109064,2.472109,pcm_s16le,22050,1,audio/x-wav,https://raw.githubusercontent.com/ZBZFirst/file/master/samples/foo/017_gattabrk.wav,5bcff69cbe8e1a44f86574af923a7bb003a277976da3aebbab2c8d7d709c8862
foo/018_nlzdelit.wav,audio,91064,2.063946,pcm_s16le,22050,1,audio/x-wav,https://raw.githubusercontent.com/ZBZFirst/file/master/samples/foo/018_nlzdelit.wav,fd3755c8156d0af717ca9de6eb33915a9978dffedde14db4e2ad88b8dd92257b
foo/019_crshstmp.wav,audio,90064,2.04127,pcm_s16le,22050,1,audio/x-wav,https://raw.githubusercontent.com/ZBZFirst/file/master/samples/foo/019_crshstmp.wav,82c4c4fb94d5d2be13c8fcc28375b3d308799ff752f33d41674f0a7a939a9020
foo/020_fststick.wav,audio,85664,1.941497,pcm_s16le,22050,1,audio/x-wav,https://raw.githubusercontent.com/ZBZFirst/file/master/samples/foo/020_fststick.wav,4bec02ad6e26448499359dfbca9d71c8f1ba0268044d5f9761b5708f46e61f9b
foo/021_sqezdbrk.wav,audio,97064,2.2,pcm_s16le,22050,1,audio/x-wav,https://raw.githubusercontent.com/ZBZFirst/file/master/samples/foo/021_sqezdbrk.wav,10fddc8852c3ccc7508dd7243a5f3ba2120df0cf69383347ad3dde3ead595a06
foo/022_cnfssbrk.wav,audio,116764,2.646712,pcm_s16le,22050,1,audio/x-wav,https://raw.githubusercontent.com/ZBZFirst/file/master/samples/foo/022_cnfssbrk.wav,f3e6c3f2b62cdb2638305879625d2f6939ca3488369c4bc853b8a181d0b880b4
foo/023_btstmpbr.wav,audio,83164,1.884807,pcm_s16le,22050,1,audio/x-wav,https://raw.githubusercontent.com/ZBZFirst/file/master/samples/foo/023_btstmpbr.wav,76fa7cf82f90a575c3b01bc64a765eefbf09fe9f4424b01e225a5ebd8411e004
foo/024_rlltnbrk.wav,audio,109864,2.490249,pcm_s16le,22050,1,audio/x-wav,https://raw.githubusercontent.com/ZBZFirst/file/master/samples/foo/024_rlltnbrk.wav,b82ec7cf1037ac1d1ce0bc1455943c649e9b86ab59b06fa927783ecf91801a77
foo/025_pssbreak.wav,audio,83564,1.893878,pcm_s16le,22050,1,audio/x-wav,https://raw.githubusercontent.com/ZBZFirst/file/master/samples/foo/025_pssbreak.wav,cce1e1750248179e7dde82423303803db1cd8cb10963af73a213c193666adadb
foo/026_vintage.wav,audio,124776,1.414195,pcm_s16le,44100,1,audio/x-wav,https://raw.githubusercontent.com/ZBZFirst/file/master/samples/foo/026_vintage.wav,b02863faf63951eee3583223b64914fe5ea0181f931d151047d4e136b0e3ff22
future/000_808KICK4.wav,audio,58682,0.332336,pcm_s16le,44100,2,audio/x-wav,https://raw.githubusercontent.com/ZBZFirst/file/master/samples/future/000_808KICK4.wav,4df822c805b11f4439430db005b1966e3e21dbf62842a23c2368b73cc93716b9
future/001_808KICK9.wav,audio,22586,0.12771,pcm_s16le,44100,2,audio/x-wav,https://raw.githubusercontent.com/ZBZFirst/file/master/samples/future/001_808KICK9.wav,65807b4e1735facef74b78565b33a6b0f6832ba6d6523838018ce7cbd8a1c1bd
future/002_Bd1_w.wav,audio,77488,0.87805,pcm_s16le,44100,1,audio/x-wav,https://raw.githubusercontent.com/ZBZFirst/file/master/samples/future/002_Bd1_w.wav,f890163a3bb11ec64e8d0772574832a69b01b0b0e2837ee63faaf729b8160ad2
future/003_Bd2_w.wav,audio,69198,0.784059,pcm_s16le,44100,1,audio/x-wav,https://raw.githubusercontent.com/ZBZFirst/file/master/samples/future/003_Bd2_w.wav,cbc4497294c1c1c173c0fbcb43af834cf6b827276ab6dff08da9f5e01dd44989
future/004_Bd3_w.wav,audio,74196,0.840726,pcm_s16le,44100,1,audio/x-wav,https://raw.githubusercontent.com/ZBZFirst/file/master/samples/future/004_Bd3_w.wav,a812251abc64ff20bf1f5a80716c7f2799228e0545d4d3d42a11fddb1b479119
future/005_Johnson.wav,audio,52978,0.3,pcm_s16le,44100,2,audio/x-wav,https://raw.githubusercontent.com/ZBZFirst/file/master/samples/future/005_Johnson.wav,a17251376f449e50fa1ec4be6d69df778955ac3aa0d43e1ef3dda1b78020c459
future/006_Kick9.wav,audio,83258,0.471655,pcm_s16le,44100,2,audio/x-wav,https://raw.githubusercontent.com/ZBZFirst/file/master/samples/future/006_Kick9.wav,6f5e0aed938579fdeedefc9ac0c522f97a13390491b36863f816adb0931f0b19
future/007_MKD03.wav,audio,53452,0.605533,pcm_s16le,44100,1,audio/x-wav,https://raw.githubusercontent.com/ZBZFirst/file/master/samples/future/007_MKD03.wav,0ee1ed5a6f432e84cf8588fafe53d7da0e701d492e46f0bd0d036557cc4ad1b0
future/008_MKD60601.wav,audio,57914,0.327982,pcm_s16le,44100,2,audio/x-wav,https://raw.githubusercontent.com/ZBZFirst/file/master/samples/future/008_MKD60601.wav,94558bf6e2d34b0decf2912720011d4a10a62924e86bb91d0f62686a56b2e1e3
future/009_MKDRCK05.wav,audio,15806,0.178707,pcm_s16le,44100,1,audio/x-wav,https://raw.githubusercontent.com/ZBZFirst/file/master/samples/future/009_MKDRCK05.wav,11089edc6690904b87a2fc3d62e306b3ab2c8f7f9225ec052df79941ee3bc49f
future/010_MKDRCK06.wav,audio,29054,0.328912,pcm_s16le,44100,1,audio/x-wav,https://raw.githubusercontent.com/ZBZFirst/file/master/samples/future/010_MKDRCK06.wav,36056d5352ba739e5526b0cbfabc8e8e64974675904b76b67a39f75a0e69c4b3
future/011_MKDRCK07.wav,audio,19168,0.216825,pcm_s16le,44100,1,audio/x-wav,https://raw.githubusercontent.com/ZBZFirst/file/master/samples/future/011_MKDRCK07.wav,8bdcc7803139a4c8366555c7d957cc11480dc8b8aea917ca084106197e31dfa5
future/012_Mhhcf3.wav,audio,25182,0.285011,pcm_s16le,44100,1,audio/x-wav,https://raw.githubusercontent.com/ZBZFirst/file/master/samples/future/012_Mhhcf3.wav,c7a0bee2a0dae7fe1a021e38ed5edabffd79371462b6229a068398284c34a50f
future/013_Shake2.wav,audio,16186,0.091429,pcm_s16le,44100,2,audio/x-wav,https://raw.githubusercontent.com/ZBZFirst/file/master/samples/future/013_Shake2.wav,a186582c43a617e862b69cbdf1cb733e5cbf07bb2786d1898f25814b7d59b156
future/014_Shake4.wav,audio,36666,0.207528,pcm_s16le,44100,2,audio/x-wav,https://raw.githubusercontent.com/ZBZFirst/file/master/samples/future/014_Shake4.wav,d841b7c011d0eda1f06e72710e8f6c3e57e36dc29d6cc0887e1faca81267b64e
future/015_lockett_conga_mute2.wav,audio,124976,0.707664,pcm_s16le,44100,2,audio/x-wav,https://raw.githubusercontent.com/ZBZFirst/file/master/samples/future/015_lockett_conga_mute2.wav,ecc8546086c34919b2d8d9730b9e28be1b0ccb0e8f98571cfc3876fd1da6c0be
future/016_lockett_conga_open1.wav,audio,181312,1.027029,pcm_s16le,44100,2,audio/x-wav,https://raw.githubusercontent.com/ZBZFirst/file/master/samples/future/016_lockett_conga_open1.wav,88119a6aaeb76f41a3d8dede07d18c8eaca50383b2fcc0205e3523a29b4b52c8
gab/gab01.wav,audio,141218,1.6,pcm_s16le,44100,1,audio/x-wav,https://raw.githubusercontent.com/ZBZFirst/file/master/samples/gab/gab01.wav,b6f8bc9095b9fd40a82090c6bc527719106b252b1b94fc45aeba3a64948357e0
gab/gab02.wav,audio,35378,0.4,pcm_s16le,44100,1,audio/x-wav,https://raw.githubusercontent.com/ZBZFirst/file/master/samples/gab/gab02.wav,280736fce1ffec5955e93c1eba8b6870370b7665859a96d9ce2ccc800617a2dd
gab/gab03.wav,audio,35378,0.4,pcm_s16le,44100,1,audio/x-wav,https://raw.githubusercontent.com/ZBZFirst/file/master/samples/gab/gab03.wav,09d23149037659fefbed561e06e24ccbca4319ae98bc6ccb440045b50cbc7102
gab/gab04.wav,audio,46596,0.527188,pcm_s16le,44100,1,audio/x-wav,https://raw.githubusercontent.com/ZBZFirst/file/master/samples/gab/gab04.wav,13adbb9419057b6e00be67b35f3404b7fbbe404035912a0f2c4aecd777396176
gab/gab05.wav,audio,35378,0.4,pcm_s16le,44100,1,audio/x-wav,https://raw.githubusercontent.com/ZBZFirst/file/master/samples/gab/gab05.wav,9bd810fc7c221a35d0b576e20b6764684f42ce2ff43c47ad7dc092dffb16e749
gab/gab06.wav,audio,70658,0.8,pcm_s16le,44100,1,audio/x-wav,https://raw.githubusercontent.com/ZBZFirst/file/master/samples/gab/gab06.wav,9886226db939b4554b485e7342995df5c677f29e757d65e687a0a646fdecf134
gab/gab07.wav,audio,35378,0.4,pcm_s16le,44100,1,audio/x-wav,https://raw.githubusercontent.com/ZBZFirst/file/master/samples/gab/gab07.wav,176374f412815aa01f9fb93489635cbf1d392524d8678c2e876b54635a64310d
gab/gab08.wav,audio,70658,0.8,pcm_s16le,44100,1,audio/x-wav,https://raw.githubusercontent.com/ZBZFirst/file/master/samples/gab/gab08.wav,907697f560918e2ed04299723eaa043a26dbb90418bd2ffdc0c39b60868f703d
gab/gab09.wav,audio,35378,0.4,pcm_s16le,44100,1,audio/x-wav,https://raw.githubusercontent.com/ZBZFirst/file/master/samples/gab/gab09.wav,555a00143faed84655df8777c39593a6aea695edb8b48d37e78b8e1cb44b25bc
gab/gab10.wav,audio,70658,0.8,pcm_s16le,44100,1,audio/x-wav,https://raw.githubusercontent.com/ZBZFirst/file/master/samples/gab/gab10.wav,6504a159f6d36c02e34cc7754b6478999342b180440efd031072e9c2e7b01fbe
gabba/000_0.wav,audio,11068,0.249977,pcm_s16le,22050,1,audio/x-wav,https://raw.githubusercontent.com/ZBZFirst/file/master/samples/gabba/000_0.wav,f4ebd59c6e2cd46a41a856760a2e5a307d8fb1025251fe554833ee02e93f4312
gabba/001_1.wav,audio,23900,0.263175,pcm_s16le,44100,1,audio/x-wav,https://raw.githubusercontent.com/ZBZFirst/file/master/samples/gabba/001_1.wav,9461aa29a4c7a78af621ca300efc970e7d900354b1b57a729cae0a1e741bf5b8
gabba/002_2.wav,audio,12204,0.137868,pcm_s16le,44100,1,audio/x-wav,https://raw.githubusercontent.com/ZBZFirst/file/master/samples/gabba/002_2.wav,72579a7b13401fdf81c799a9bd63d9c638f72b862eb2d61e63363a20d388fa24
gabba/003_3.wav,audio,8060,0.181769,pcm_s16le,22050,1,audio/x-wav,https://raw.githubusercontent.com/ZBZFirst/file/master/samples/gabba/003_3.wav,38b2c147c24fcab1fa0d477991747d8ce3d4356a76c49fde4ed3ef5a6b3934b2
gabbaloud/000_0.wav,audio,11068,0.249977,pcm_s16le,22050,1,audio/x-wav,https://raw.githubusercontent.com/ZBZFirst/file/master/samples/gabbaloud/000_0.wav,a9fc74d7ce174c272ab08a8c2e3ab805ac959f4794d88c43fd493e6633abbbed
gabbaloud/001_1.wav,audio,23256,0.263175,pcm_s16le,44100,1,audio/x-wav,https://raw.githubusercontent.com/ZBZFirst/file/master/samples/gabbaloud/001_1.wav,45f5d2eb63ed3a82b50a8db36b869334de5b677949824385982427bde9fb352d
gabbaloud/002_2.wav,audio,12204,0.137868,pcm_s16le,44100,1,audio/x-wav,https://raw.githubusercontent.com/ZBZFirst/file/master/samples/gabbaloud/002_2.wav,5c4e9ae7a85fa32542bce8f1f5e925b2bcb1f60625d78fdc1ca53f612465814a
gabbaloud/003_3.wav,audio,8060,0.181769,pcm_s16le,22050,1,audio/x-wav,https://raw.githubusercontent.com/ZBZFirst/file/master/samples/gabbaloud/003_3.wav,8f3151840c68155e9e474c4e6f6a577e50135e45df763f13ae1af9616d15b725
gabbalouder/000_0.wav,audio,11068,0.249977,pcm_s16le,22050,1,audio/x-wav,https://raw.githubusercontent.com/ZBZFirst/file/master/samples/gabbalouder/000_0.wav,43d9628d7312b2f723b30430f05ed274e13dcddb535c5c2dc95babf3f64c0704
gabbalouder/001_1.wav,audio,23256,0.263175,pcm_s16le,44100,1,audio/x-wav,https://raw.githubusercontent.com/ZBZFirst/file/master/samples/gabbalouder/001_1.wav,7277f57259fc3a0fb82972cd91d330a9a0e77c43f88fb32ee0a712c66eebe481
gabbalouder/002_2.wav,audio,12204,0.137868,pcm_s16le,44100,1,audio/x-wav,https://raw.githubusercontent.com/ZBZFirst/file/master/samples/gabbalouder/002_2.wav,c2f568492adcd9c197b5834a2b070eb5b15850c6d27e3101825a6da42836e6af
gabbalouder/003_3.wav,audio,8060,0.181769,pcm_s16le,22050,1,audio/x-wav,https://raw.githubusercontent.com/ZBZFirst/file/master/samples/gabbalouder/003_3.wav,bb39df092198b940284328673ab74f14e74a3c8c12c1e9a86bd6d662de469aa2
glasstap/000_0.wav,audio,12712,0.143628,pcm_s16le,44100,1,audio/x-wav,https://raw.githubusercontent.com/ZBZFirst/file/master/samples/glasstap/000_0.wav,0074b777e9b99834f30439b4def9c541e26f0e924c43a756c3b13258516efff1
glasstap/001_1.wav,audio,11128,0.125669,pcm_s16le,44100,1,audio/x-wav,https://raw.githubusercontent.com/ZBZFirst/file/master/samples/glasstap/001_1.wav,2284e61c10ab39104f3f61dc57a7c73769c7189663649cbbb73482dcc9f0a9b2
glasstap/002_2.wav,audio,43854,0.496712,pcm_s16le,44100,1,audio/x-wav,https://raw.githubusercontent.com/ZBZFirst/file/master/samples/glasstap/002_2.wav,6547739d9960d6ec3c987a7ae9335273b49b5acb1e9eb80bda082940f6a22d9f
glitch/000_BD.wav,audio,5158,0.057982,pcm_s16le,44100,1,audio/x-wav,https://raw.githubusercontent.com/ZBZFirst/file/master/samples/glitch/000_BD.wav,41b6fe792d4a268a3eecb6861a10f19c762c9e7d27ed5034d0149172ffcefbe4
glitch/001_CB.wav,audio,18572,0.210068,pcm_s16le,44100,1,audio/x-wav,https://raw.githubusercontent.com/ZBZFirst/file/master/samples/glitch/001_CB.wav,3d44eee6309786f2b2273a0548c86cd033b9dd74264ccdc16da6a6ef4d171ddb
glitch/002_FX.wav,audio,26274,0.297392,pcm_s16le,44100,1,audio/x-wav,https://raw.githubusercontent.com/ZBZFirst/file/master/samples/glitch/002_FX.wav,5d39bf7334d0c8e7d1b44575888775c83a1c198cc7f695ae3fee5c60b0c9c0c5
glitch/003_HH.wav,audio,12692,0.143401,pcm_s16le,44100,1,audio/x-wav,https://raw.githubusercontent.com/ZBZFirst/file/master/samples/glitch/003_HH.wav,50bf7a3ef12e651afd4b9bc410c795cd2422e9daf9b06276db4884166d103d56
glitch/004_OH.wav,audio,8588,0.096871,pcm_s16le,44100,1,audio/x-wav,https://raw.githubusercontent.com/ZBZFirst/file/master/samples/glitch/004_OH.wav,d58c4443e024eff87a6656882a88a85ec7e79c3863d852a4c8a2fa4619c8f8e6
glitch/005_P1.wav,audio,25900,0.293152,pcm_s16le,44100,1,audio/x-wav,https://raw.githubusercontent.com/ZBZFirst/file/master/samples/glitch/005_P1.wav,1dfd3326dc62eef946db25a5310bd1e1db24f9b4104a6e3809d12d64ea1ec315
glitch/006_P2.wav,audio,31148,0.352653,pcm_s16le,44100,1,audio/x-wav,https://raw.githubusercontent.com/ZBZFirst/file/master/samples/glitch/006_P2.wav,a724ac130884ab3d9507fa07f57c46fc6391ffe2bacf0117e9c092cb77688806
glitch/007_SN.wav,audio,17684,0.2,pcm_s16le,44100,1,audio/x-wav,https://raw.githubusercontent.com/ZBZFirst/file/master/samples/glitch/007_SN.wav,2b9f5f22325384834065aa035d7ea83d9fbea7b1865f4f5d8f0eb89cdf6fb68e
glitch2/000_BD.wav,audio,5158,0.057982,pcm_s16le,44100,1,audio/x-wav,https://raw.githubusercontent.com/ZBZFirst/file/master/samples/glitch2/000_BD.wav,41b6fe792d4a268a3eecb6861a10f19c762c9e7d27ed5034d0149172ffcefbe4
glitch2/001_CB.wav,audio,18572,0.210068,pcm_s16le,44100,1,audio/x-wav,https://raw.githubusercontent.com/ZBZFirst/file/master/samples/glitch2/001_CB.wav,3d44eee6309786f2b2273a0548c86cd033b9dd74264ccdc16da6a6ef4d171ddb
glitch2/002_FX.wav,audio,26274,0.297392,pcm_s16le,44100,1,audio/x-wav,https://raw.githubusercontent.com/ZBZFirst/file/master/samples/glitch2/002_FX.wav,5d39bf7334d0c8e7d1b44575888775c83a1c198cc7f695ae3fee5c60b0c9c0c5
glitch2/003_HH.wav,audio,12692,0.143401,pcm_s16le,44100,1,audio/x-wav,https://raw.githubusercontent.com/ZBZFirst/file/master/samples/glitch2/003_HH.wav,50bf7a3ef12e651afd4b9bc410c795cd2422e9daf9b06276db4884166d103d56
glitch2/004_OH.wav,audio,8588,0.096871,pcm_s16le,44100,1,audio/x-wav,https://raw.githubusercontent.com/ZBZFirst/file/master/samples/glitch2/004_OH.wav,d58c4443e024eff87a6656882a88a85ec7e79c3863d852a4c8a2fa4619c8f8e6
glitch2/005_P1.wav,audio,25900,0.293152,pcm_s16le,44100,1,audio/x-wav,https://raw.githubusercontent.com/ZBZFirst/file/master/samples/glitch2/005_P1.wav,1dfd3326dc62eef946db25a5310bd1e1db24f9b4104a6e3809d12d64ea1ec315
glitch2/006_P2.wav,audio,31148,0.352653,pcm_s16le,44100,1,audio/x-wav,https://raw.githubusercontent.com/ZBZFirst/file/master/samples/glitch2/006_P2.wav,a724ac130884ab3d9507fa07f57c46fc6391ffe2bacf0117e9c092cb77688806
glitch2/007_SN.wav,audio,17684,0.2,pcm_s16le,44100,1,audio/x-wav,https://raw.githubusercontent.com/ZBZFirst/file/master/samples/glitch2/007_SN.wav,2b9f5f22325384834065aa035d7ea83d9fbea7b1865f4f5d8f0eb89cdf6fb68e
gretsch/000_brushhitom.wav,audio,314456,1.781519,pcm_s16le,44100,2,audio/x-wav,https://raw.githubusercontent.com/ZBZFirst/file/master/samples/gretsch/000_brushhitom.wav,047b972a443ded7457d9c032548d50dbb03cd771676b6b731bcc3d13e3801653
gretsch/001_brushlotom.wav,audio,317148,1.79678,pcm_s16le,44100,2,audio/x-wav,https://raw.githubusercontent.com/ZBZFirst/file/master/samples/gretsch/001_brushlotom.wav,cf114ec409adfc70e8c831a418cc88b62c09718073a56b7f68abf765a00d1f86
gretsch/002_brushsnare.wav,audio,348988,1.977279,pcm_s16le,44100,2,audio/x-wav,https://raw.githubusercontent.com/ZBZFirst/file/master/samples/gretsch/002_brushsnare.wav,7ec199d14deee636603447c59a57b332bbcc5e653bc6033e50338d451e747ebe
gretsch/003_brushsnareghost.wav,audio,216628,1.226939,pcm_s16le,44100,2,audio/x-wav,https://raw.githubusercontent.com/ZBZFirst/file/master/samples/gretsch/003_brushsnareghost.wav,d62a1e75a2ffeb6e29849523275d1eb017c97537432132faba201feb0b73f461
gretsch/004_closedhat.wav,audio,151228,0.85619,pcm_s16le,44100,2,audio/x-wav,https://raw.githubusercontent.com/ZBZFirst/file/master/samples/gretsch/004_closedhat.wav,95a68105a558e8d961434a9d5add1bea0d38e523070560be4596e68c8e868409
gretsch/005_closedhathard.wav,audio,143040,0.809773,pcm_s16le,44100,2,audio/x-wav,https://raw.githubusercontent.com/ZBZFirst/file/master/samples/gretsch/005_closedhathard.wav,a11beb05f7dfdfd1d5d706cd471e1463fbc0381d1e783868782d6e1885365faa
gretsch/006_cowbell.wav,audio,170344,0.964558,pcm_s16le,44100,2,audio/x-wav,https://raw.githubusercontent.com/ZBZFirst/file/master/samples/gretsch/006_cowbell.wav,c027a682daa700b70c74a5ebc208b2199d06abb6a4cd638a7e43b80574112d2b
gretsch/007_cymbalgrab.wav,audio,397500,2.25229,pcm_s16le,44100,2,audio/x-wav,https://raw.githubusercontent.com/ZBZFirst/file/master/samples/gretsch/007_cymbalgrab.wav,17f98260b24ce36da90de8c8686113f9dc07a9f93d24f9c8f1f2fa1436f4395a
gretsch/008_cymbalrub.wav,audio,786596,4.45805,pcm_s16le,44100,2,audio/x-wav,https://raw.githubusercontent.com/ZBZFirst/file/master/samples/gretsch/008_cymbalrub.wav,70627ad826020619e866da57ec54383010bde2d4bf3f194a6de73b94311a4b00
gretsch/009_flam.wav,audio,136056,0.770181,pcm_s16le,44100,2,audio/x-wav,https://raw.githubusercontent.com/ZBZFirst/file/master/samples/gretsch/009_flam.wav,95241f5da941a901f8c22cf2d26d2cee16cc761d6aaf3219e481220a37fd0d63
gretsch/010_foothat.wav,audio,142028,0.804036,pcm_s16le,44100,2,audio/x-wav,https://raw.githubusercontent.com/ZBZFirst/file/master/samples/gretsch/010_foothat.wav,00d70db4f46a4cb610a00677a7a0c7b2b96ae9e1db1e8256b88332ae237fb74c
gretsch/011_foothat2.wav,audio,147532,0.835238,pcm_s16le,44100,2,audio/x-wav,https://raw.githubusercontent.com/ZBZFirst/file/master/samples/gretsch/011_foothat2.wav,84d454b00b0fa775e82013438017038e7cd7080c3642ea16b236869f8ca9e7ff
gretsch/012_hitom.wav,audio,450600,2.553311,pcm_s16le,44100,2,audio/x-wav,https://raw.githubusercontent.com/ZBZFirst/file/master/samples/gretsch/012_hitom.wav,61d0e3e7ec07352d845c440fd3f4b5bd73835013acae0900dd51d3ec04bd0bd3
gretsch/013_kick.wav,audio,240800,1.363968,pcm_s16le,44100,2,audio/x-wav,https://raw.githubusercontent.com/ZBZFirst/file/master/samples/gretsch/013_kick.wav,be96d15eb8593344c81f72f806cf0bd7937ab5f0827a6b347788b7324e57edbd
gretsch/014_kicksnare.wav,audio,193668,1.09678,pcm_s16le,44100,2,audio/x-wav,https://raw.githubusercontent.com/ZBZFirst/file/master/samples/gretsch/014_kicksnare.wav,955f38d8ef40fa9df8be27bf4cb185f3788c0d1050ce38ceab6c4c007900e96d
gretsch/015_lotom.wav,audio,450600,2.553311,pcm_s16le,44100,2,audio/x-wav,https://raw.githubusercontent.com/ZBZFirst/file/master/samples/gretsch/015_lotom.wav,9e0795e6f06631bd71204411bc2873ced75b106c233850f2b4026af780369f90
gretsch/016_openclosedhat.wav,audio,193728,1.09712,pcm_s16le,44100,2,audio/x-wav,https://raw.githubusercontent.com/ZBZFirst/file/master/samples/gretsch/016_openclosedhat.wav,222c3f38b98bdf9a60a5d309ce307195ff8c136172f657dc17330bf41a60a5ee
gretsch/017_openhat.wav,audio,1271168,7.205057,pcm_s16le,44100,2,audio/x-wav,https://raw.githubusercontent.com/ZBZFirst/file/master/samples/gretsch/017_openhat.wav,97cc4579f5797ee401f45ac6709e5f5331aa271312bf0d9f2e16a0c2a7ce7185
gretsch/018_ridebell.wav,audio,1414292,8.016417,pcm_s16le,44100,2,audio/x-wav,https://raw.githubusercontent.com/ZBZFirst/file/master/samples/gretsch/018_ridebell.wav,705308fb1f20aca57341297f3cb85593e5d1ee6de87112fef909a351df3b347b
gretsch/019_ridecymbal.wav,audio,1122492,6.362222,pcm_s16le,44100,2,audio/x-wav,https://raw.githubusercontent.com/ZBZFirst/file/master/samples/gretsch/019_ridecymbal.wav,802c24cf56f9f82f5df8bdc16715cf2e20349c5c66eac454f7fbe1b39d5eaaeb
gretsch/020_snare.wav,audio,349868,1.982268,pcm_s16le,44100,2,audio/x-wav,https://raw.githubusercontent.com/ZBZFirst/file/master/samples/gretsch/020_snare.wav,668b680bd257b4364c49a4f43a33d0e3e165e44aeae570bab944938c7fee3bbc
gretsch/021_snareghost.wav,audio,181980,1.030522,pcm_s16le,44100,2,audio/x-wav,https://raw.githubusercontent.com/ZBZFirst/file/master/samples/gretsch/021_snareghost.wav,fb9dde3afd7fd4a77e245880e473832824f06ee197938cb0a7b8f406d0362d97
gretsch/022_snarehard.wav,audio,269504,1.526689,pcm_s16le,44100,2,audio/x-wav,https://raw.githubusercontent.com/ZBZFirst/file/master/samples/gretsch/022_snarehard.wav,41bb21b66a27fc086347ff0214bba8dd920fb6c94d05199082c2d039409aa66e
gretsch/023_snareslack.wav,audio,312288,1.770091,pcm_s16le,44100,2,audio/x-wav,https://raw.githubusercontent.com/ZBZFirst/file/master/samples/gretsch/023_snareslack.wav,a5da834a7385a075bbb8d6ff6083eb5915e68e2a0efde46819913f4953f09cb0
gtr/0001_cleanC.wav,audio,473410,4.0,pcm_s16le,44100,1,audio/x-wav,https://raw.githubusercontent.com/ZBZFirst/file/master/samples/gtr/0001_cleanC.wav,d7ee9a0aaaf9ad6ca0edd0b205c50ee63b6bd79ce30fec26a52bb47c231551fb
gtr/0002_ovrdC.wav,audio,1060560,4.0,pcm_s24le,44100,2,audio/x-wav,https://raw.githubusercontent.com/ZBZFirst/file/master/samples/gtr/0002_ovrdC.wav,609d777f0246af67773b204ff4ddbc13c6454eefafa81c854d8c29a3c7795f1b
gtr/0003_distC.wav,audio,1060560,4.0,pcm_s24le,44100,2,audio/x-wav,https://raw.githubusercontent.com/ZBZFirst/file/master/samples/gtr/0003_distC.wav,9f266d7e15eb2a28b54c4a4dc5b6fe02d9b35d574e452c745333087077ff97fc
h/000_0_da0.wav,audio,28016,0.317143,pcm_s16le,44100,1,audio/x-wav,https://raw.githubusercontent.com/ZBZFirst/file/master/samples/h/000_0_da0.wav,814f61c4d1c74e83da4812aa849b1953f1cdafdb2aead37fdded2d4ec335b27c
h/001_0_da0-200%_1000_0_R.wav,audio,55988,0.634286,pcm_s16le,44100,1,audio/x-wav,https://raw.githubusercontent.com/ZBZFirst/file/master/samples/h/001_0_da0-200%_1000_0_R.wav,81c81190466b2e4926b4d5c9707d140e8b93c32a0dad0e82a5cf1b57138f9efc
h/002_0_da0-50%_1000_0_R.wav,audio,14030,0.158571,pcm_s16le,44100,1,audio/x-wav,https://raw.githubusercontent.com/ZBZFirst/file/master/samples/h/002_0_da0-50%_1000_0_R.wav,23e75031e38474412a94ca8a5c36d95d78c7bbc66604ad81c9038c04b5b3a11d
h/003_1_da1.wav,audio,30500,0.345306,pcm_s16le,44100,1,audio/x-wav,https://raw.githubusercontent.com/ZBZFirst/file/master/samples/h/003_1_da1.wav,af2e3d32b6cf83414ac1b9f7e7d5adf9cd2dea093fed6df6aac8eb2a5959a4fb
h/004_2_da2.wav,audio,45792,0.518685,pcm_s16le,44100,1,audio/x-wav,https://raw.githubusercontent.com/ZBZFirst/file/master/samples/h/004_2_da2.wav,b30180b2720cc90fbbabb9e70d100cd6a0052358700dffe914a4dc6c7009fde2
h/005_3_tick.wav,audio,35350,0.400295,pcm_s16le,44100,1,audio/x-wav,https://raw.githubusercontent.com/ZBZFirst/file/master/samples/h/005_3_tick.wav,4d7211179f3bb92f5d7fb6f1549ceab186cbd59d10176c580575d006a58d1063
h/006_4_tock.wav,audio,33610,0.380567,pcm_s16le,44100,1,audio/x-wav,https://raw.githubusercontent.com/ZBZFirst/file/master/samples/h/006_4_tock.wav,0cb6119a6787abfc1193fb112c00f596174cf58d70d7d413f72b8a018b8f3049
hand/hand1-mono.wav,audio,12020,0.135782,pcm_s16le,44100,1,audio/x-wav,https://raw.githubusercontent.com/ZBZFirst/file/master/samples/hand/hand1-mono.wav,13563561a4802b89831e4fe7dba6b7bef154fe3809533bd924627186ecc3e394
hand/hand11-mono.wav,audio,495688,5.619546,pcm_s16le,44100,1,audio/x-wav,https://raw.githubusercontent.com/ZBZFirst/file/master/samples/hand/hand11-mono.wav,84ecd632fe9e3b619bbf08bc2b4cda49bc0c5b0db744c9b18cc2bd7f350f84a4
hand/hand12-mono.wav,audio,34984,0.396145,pcm_s16le,44100,1,audio/x-wav,https://raw.githubusercontent.com/ZBZFirst/file/master/samples/hand/hand12-mono.wav,0c7ab434254a03253a58fa851f5c624611b8c408a99d174813e0754ad899abd8
hand/hand13-mono.wav,audio,330452,3.746122,pcm_s16le,44100,1,audio/x-wav,https://raw.githubusercontent.com/ZBZFirst/file/master/samples/hand/hand13-mono.wav,9a852ff435a069c886be80f3096e9872e00f11f991a09496687f0955e2449e67
hand/hand14-mono.wav,audio,54650,0.619116,pcm_s16le,44100,1,audio/x-wav,https://raw.githubusercontent.com/ZBZFirst/file/master/samples/hand/hand14-mono.wav,850204c3d91f679361ccfb7c50b698269a6179805875819a3fb995074c0e7b81
hand/hand15-mono.wav,audio,47378,0.536667,pcm_s16le,44100,1,audio/x-wav,https://raw.githubusercontent.com/ZBZFirst/file/master/samples/hand/hand15-mono.wav,01c0c2caf2045b73447d1fc519240acb7ce864d7f763d1a954849b593134d581
hand/hand16-mono.wav,audio,27918,0.316032,pcm_s16le,44100,1,audio/x-wav,https://raw.githubusercontent.com/ZBZFirst/file/master/samples/hand/hand16-mono.wav,24a31c11219912a6e5e4bfe2a9c95475c56ae3daa1f0eae47c4d2b47ce9a48ee
hand/hand17.wav,audio,19646,0.222245,pcm_s16le,44100,1,audio/x-wav,https://raw.githubusercontent.com/ZBZFirst/file/master/samples/hand/hand17.wav,9fb24d00427f0fa323a99d4fbd46db1b3a3167dde27d4c5e2ea3d62436356b2e
hand/hand2-mono.wav,audio,1350,0.014807,pcm_s16le,44100,1,audio/x-wav,https://raw.githubusercontent.com/ZBZFirst/file/master/samples/hand/hand2-mono.wav,335c88f7e92e403942453fae68c5039c5bb6a003634c33bec9f0a91078757e9c
hand/hand20.wav,audio,50346,0.570317,pcm_s16le,44100,1,audio/x-wav,https://raw.githubusercontent.com/ZBZFirst/file/master/samples/hand/hand20.wav,d58ba51d15825288913301dee5380ab00489c0adff73bbe1a129038bed507b6b
hand/hand21-mono.wav,audio,68624,0.777551,pcm_s16le,44100,1,audio/x-wav,https://raw.githubusercontent.com/ZBZFirst/file/master/samples/hand/hand21-mono.wav,e014af9d708875a3c23de4edd791e3c3c934c07e74df804fa3af749301982d20
hand/hand22-mono.wav,audio,241182,2.733991,pcm_s16le,44100,1,audio/x-wav,https://raw.githubusercontent.com/ZBZFirst/file/master/samples/hand/hand22-mono.wav,55e56a9d281be525182367245f759177c934e84a28aba2359d42d214249c3141
hand/hand3-mono.wav,audio,26914,0.304649,pcm_s16le,44100,1,audio/x-wav,https://raw.githubusercontent.com/ZBZFirst/file/master/samples/hand/hand3-mono.wav,9019e3f259016e6a22cfb8ad1e8edabf528229bc2841a664259f5528a942adec
hand/hand4-mono.wav,audio,19066,0.215669,pcm_s16le,44100,1,audio/x-wav,https://raw.githubusercontent.com/ZBZFirst/file/master/samples/hand/hand4-mono.wav,67499084ada47d25f388c1d0545cdb4582db9bb11e50ab0abb4cb113a6580604
hand/hand7-mono.wav,audio,54622,0.618798,pcm_s16le,44100,1,audio/x-wav,https://raw.githubusercontent.com/ZBZFirst/file/master/samples/hand/hand7-mono.wav,14bb65c18a538127d75d6be0d92bb87286c16115f1dcfc9b5fb1af9110898ed8
hand/hand8-mono.wav,audio,39892,0.451791,pcm_s16le,44100,1,audio/x-wav,https://raw.githubusercontent.com/ZBZFirst/file/master/samples/hand/hand8-mono.wav,b9c5347d5b65d851311bcb472a2d982ea1299789f7d9315a5e7f77181c5ba638
hand/hand9-mono.wav,audio,6404,0.072109,pcm_s16le,44100,1,audio/x-wav,https://raw.githubusercontent.com/ZBZFirst/file/master/samples/hand/hand9-mono.wav,71427025f4f5aba27aa4d73b97ae8ad7f7422654934d409227fd907d5177f2a8
hardcore/000_hcclosedhh.wav,audio,23360,0.131701,pcm_s16le,44100,2,audio/x-wav,https://raw.githubusercontent.com/ZBZFirst/file/master/samples/hardcore/000_hcclosedhh.wav,741d7dc9a844f13d12efb382c5402f45aeb5935b0d8edfadde3b18bcab6598e2
hardcore/001_hchit1.wav,audio,171376,0.970794,pcm_s16le,44100,2,audio/x-wav,https://raw.githubusercontent.com/ZBZFirst/file/master/samples/hardcore/001_hchit1.wav,5df60d388e0dcc1b70d3bbcbafe6905ede800b16dd336fa284fc4e0ee0a1f318
hardcore/002_hccrash.wav,audio,255936,1.450159,pcm_s16le,44100,2,audio/x-wav,https://raw.githubusercontent.com/ZBZFirst/file/master/samples/hardcore/002_hccrash.wav,3953d2d94a0e940d06c9dd2c6b05199dfa798f2e18c90cf4da3d8249310f6cf5
hardcore/003_hchit2.wav,audio,62720,0.35483,pcm_s16le,44100,2,audio/x-wav,https://raw.githubusercontent.com/ZBZFirst/file/master/samples/hardcore/003_hchit2.wav,1c888c84e3d62959fa3701a3752efce026281680ffc0f08fc88ef1e14f6cd240
hardcore/004_hckick1.wav,audio,60288,0.341043,pcm_s16le,44100,2,audio/x-wav,https://raw.githubusercontent.com/ZBZFirst/file/master/samples/hardcore/004_hckick1.wav,03dfda87fcb739462e47c32840afb9de4249cd8c72b80c2f5abf5218c03f6fbd
hardcore/005_hckick2.wav,audio,41728,0.235828,pcm_s16le,44100,2,audio/x-wav,https://raw.githubusercontent.com/ZBZFirst/file/master/samples/hardcore/005_hckick2.wav,bd5f5e584047593061e20e8ee626a9b8755fababa53d962728169fd234e10d41
hardcore/006_hcopenhh.wav,audio,143424,0.812336,pcm_s16le,44100,2,audio/x-wav,https://raw.githubusercontent.com/ZBZFirst/file/master/samples/hardcore/006_hcopenhh.wav,132f07aa4bda8004b856848269deae769062fb876781259265d6f800fd32feb6
hardcore/007_hcperc1.wav,audio,16640,0.093605,pcm_s16le,44100,2,audio/x-wav,https://raw.githubusercontent.com/ZBZFirst/file/master/samples/hardcore/007_hcperc1.wav,b34dbfed9bebb9642d89251fb411e63bd3d2d99462965eeb44ebb8d09e65c1cb
hardcore/008_hcperc2.wav,audio,27648,0.156009,pcm_s16le,44100,2,audio/x-wav,https://raw.githubusercontent.com/ZBZFirst/file/master/samples/hardcore/008_hcperc2.wav,97376701d5789cc262d4d54548a978f09116ab48ab18b3383f31aa44bc45eeb4
hardcore/009_hcride.wav,audio,107456,0.608435,pcm_s16le,44100,2,audio/x-wav,https://raw.githubusercontent.com/ZBZFirst/file/master/samples/hardcore/009_hcride.wav,13284da4a91cf4b240f1df432159afe8ad967273397faeb949005787ad26f3bf
hardcore/010_hcsnare1.wav,audio,34048,0.19229,pcm_s16le,44100,2,audio/x-wav,https://raw.githubusercontent.com/ZBZFirst/file/master/samples/hardcore/010_hcsnare1.wav,4e3f63a8ff1354aa00f4f408d2508f18a29a996546fe4bda8c186bfed6ef8a48
hardcore/011_hcsnare2.wav,audio,60032,0.339592,pcm_s16le,44100,2,audio/x-wav,https://raw.githubusercontent.com/ZBZFirst/file/master/samples/hardcore/011_hcsnare2.wav,ae6f4305371a08d6ae3687e085c691cd3138eb6bd74a3319075d8785d768097b
hardkick/VEC1 BD Distortion 06.wav,audio,34236,0.386984,pcm_s16le,44100,1,audio/x-wav,https://raw.githubusercontent.com/ZBZFirst/file/master/samples/hardkick/VEC1 BD Distortion 06.wav,524cd19fadafff8349898204014981093cf88fd6722fdacbc25fb3449d40b772
hardkick/VEC1 BD Distortion 37.wav,audio,33656,0.380408,pcm_s16le,44100,1,audio/x-wav,https://raw.githubusercontent.com/ZBZFirst/file/master/samples/hardkick/VEC1 BD Distortion 37.wav,595570c5fafaabac30a4ba08de2d11e9442e91dfbbd96049e0481310a731c971
hardkick/VEC1 BD Distortion 39.wav,audio,28262,0.319252,pcm_s16le,44100,1,audio/x-wav,https://raw.githubusercontent.com/ZBZFirst/file/master/samples/hardkick/VEC1 BD Distortion 39.wav,74c794899f68170e16de3e4783a21bcfc20aa8ba78e752a1fa9d6b84c652d66b
hardkick/VEC1 BD Distortion 41.wav,audio,51794,0.586054,pcm_s16le,44100,1,audio/x-wav,https://raw.githubusercontent.com/ZBZFirst/file/master/samples/hardkick/VEC1 BD Distortion 41.wav,6e6873c5c003c5eaefe7d687a90ff3e14c22ef08db106c05581d6a78403631b2
hardkick/VEC1 BD Distortion 52.wav,audio,34622,0.391361,pcm_s16le,44100,1,audio/x-wav,https://raw.githubusercontent.com/ZBZFirst/file/master/samples/hardkick/VEC1 BD Distortion 52.wav,66fe47e27d6bceaf553ed591ec1b057261f53cf8b5f2ebc9024a7337b8c5eb4a
hardkick/VEC1 BD Distortion 53.wav,audio,27846,0.314535,pcm_s16le,44100,1,audio/x-wav,https://raw.githubusercontent.com/ZBZFirst/file/master/samples/hardkick/VEC1 BD Distortion 53.wav,cae0eb206b7ba9e94116a1e2836783551088c7fa71598df9864ff8f4252bfd4b
haw/hawaiian-hh.wav,audio,58946,0.333333,pcm_s16le,44100,2,audio/x-wav,https://raw.githubusercontent.com/ZBZFirst/file/master/samples/haw/hawaiian-hh.wav,2e23c4d096885f0ad5f61c81a040fab18a724f1f708bd3d3ba2036f76c6209be
haw/hawaiian-kick.wav,audio,58946,0.333333,pcm_s16le,44100,2,audio/x-wav,https://raw.githubusercontent.com/ZBZFirst/file/master/samples/haw/hawaiian-kick.wav,e9f2dc6f85a6153ce8c6123b51a80353729d744590ea699b83abb6198cac3a2c
haw/hawaiian-pop.wav,audio,58946,0.333333,pcm_s16le,44100,2,audio/x-wav,https://raw.githubusercontent.com/ZBZFirst/file/master/samples/haw/hawaiian-pop.wav,324fea9777f83718e3477ae787474d679f98243d21a963379172de38e4d5b925
haw/hawaiian-sd.wav,audio,58946,0.333333,pcm_s16le,44100,2,audio/x-wav,https://raw.githubusercontent.com/ZBZFirst/file/master/samples/haw/hawaiian-sd.wav,8c960616d79e4d9ac30f883475e2f03916cb600baee7c5987d3dfd4acfc388d9
haw/hawaiian-short1.wav,audio,58946,0.333333,pcm_s16le,44100,2,audio/x-wav,https://raw.githubusercontent.com/ZBZFirst/file/master/samples/haw/hawaiian-short1.wav,6b182fa5a1642a578e88bf8527312e656504f54ec51e98a7191b3b0182f45c15
haw/hawaiian-short2.wav,audio,58946,0.333333,pcm_s16le,44100,2,audio/x-wav,https://raw.githubusercontent.com/ZBZFirst/file/master/samples/haw/hawaiian-short2.wav,7293531d6905128497dd1c0fbd549de3e87192a5d54604e556a912ba7b967f1f
hc/HHCD0.wav,audio,3804,0.04263,pcm_s16le,44100,1,audio/x-wav,https://raw.githubusercontent.com/ZBZFirst/file/master/samples/hc/HHCD0.wav,9808e9aa296bf146f6c16ff6997269af1d306079343885594efedd1af3f2f170
hc/HHCD2.wav,audio,7612,0.085805,pcm_s16le,44100,1,audio/x-wav,https://raw.githubusercontent.com/ZBZFirst/file/master/samples/hc/HHCD2.wav,10f532ce4f8682a3ef71b024a58508010579d3f7b4c34f540b72c3121b04c3d0
hc/HHCD4.wav,audio,10032,0.113243,pcm_s16le,44100,1,audio/x-wav,https://raw.githubusercontent.com/ZBZFirst/file/master/samples/hc/HHCD4.wav,f27a71c625175549aa747a9eacf4fb1c3674060d7ef2b0ea36e207680e2123d0
hc/HHCD6.wav,audio,11750,0.132721,pcm_s16le,44100,1,audio/x-wav,https://raw.githubusercontent.com/ZBZFirst/file/master/samples/hc/HHCD6.wav,d9227a4fce694e12b0700559c7b283a14d39677f7dfa54ef14a32b11133cf462
hc/HHCD8.wav,audio,12088,0.136553,pcm_s16le,44100,1,audio/x-wav,https://raw.githubusercontent.com/ZBZFirst/file/master/samples/hc/HHCD8.wav,0be403ed7b2f0ed22843591b3c9785cf434ee7b0a22b0b128da00ff700e1798e
hc/HHCDA.wav,audio,12794,0.144558,pcm_s16le,44100,1,audio/x-wav,https://raw.githubusercontent.com/ZBZFirst/file/master/samples/hc/HHCDA.wav,cb39e262c2ee3f12a9fb3450e0228fbbe9f90b0c4984e9b834c6f46b7eeac114
hh/000_hh3closedhh.wav,audio,153960,0.872063,pcm_s16le,44100,2,audio/x-wav,https://raw.githubusercontent.com/ZBZFirst/file/master/samples/hh/000_hh3closedhh.wav,743aa181c2f7652a7c7f405277d1b66189a0bcfc1097d0b87850074be66d6d70
hh/001_hh3crash.wav,audio,343168,1.944671,pcm_s16le,44100,2,audio/x-wav,https://raw.githubusercontent.com/ZBZFirst/file/master/samples/hh/001_hh3crash.wav,c0d2358801df4ec653b17bbaf4181a11798323e25329865873c2e18ee3759712
hh/002_hh3hit1.wav,audio,295524,1.67458,pcm_s16le,44100,2,audio/x-wav,https://raw.githubusercontent.com/ZBZFirst/file/master/samples/hh/002_hh3hit1.wav,d7bc3698bfacdcccec8a620cb7ff9047b82dabd3eeb6ccc04dfbe2bff0be1065
hh/003_hh3hit2.wav,audio,263808,1.494785,pcm_s16le,44100,2,audio/x-wav,https://raw.githubusercontent.com/ZBZFirst/file/master/samples/hh/003_hh3hit2.wav,162b26eeac71da16f7b4d6ef0ff821202701bd488557d363b6869404307b7b9f
hh/004_hh3hit3.wav,audio,422528,2.394558,pcm_s16le,44100,2,audio/x-wav,https://raw.githubusercontent.com/ZBZFirst/file/master/samples/hh/004_hh3hit3.wav,fb39eaa397e4d03f26e3bb0ded26f09047d303c911e7605536b75a172486f5ae
hh/005_hh3kick1.wav,audio,81536,0.461497,pcm_s16le,44100,2,audio/x-wav,https://raw.githubusercontent.com/ZBZFirst/file/master/samples/hh/005_hh3kick1.wav,4ad4e97a727a09d65ba1fd85ce0f56da4566a96d22a45c5e412a51be3e9242f2
hh/006_hh3kick2.wav,audio,25228,0.14229,pcm_s16le,44100,2,audio/x-wav,https://raw.githubusercontent.com/ZBZFirst/file/master/samples/hh/006_hh3kick2.wav,f266644e986dbb1d7f7b8c8e3eb188527048c39fad1a0aafd4f26e087a357bf9
hh/007_hh3openhh.wav,audio,323200,1.831474,pcm_s16le,44100,2,audio/x-wav,https://raw.githubusercontent.com/ZBZFirst/file/master/samples/hh/007_hh3openhh.wav,88be3cefa5dda83ad3bf145d27a156c1f49cf432ab5f25e9ce93e7e3f3f467a9
hh/008_hh3rerc1.wav,audio,271488,1.538322,pcm_s16le,44100,2,audio/x-wav,https://raw.githubusercontent.com/ZBZFirst/file/master/samples/hh/008_hh3rerc1.wav,ae601ddd8dc27a157913a9b012a028a3b5b307a281bd696129964226aea2db31
hh/009_hh3rerc2.wav,audio,313980,1.779206,pcm_s16le,44100,2,audio/x-wav,https://raw.githubusercontent.com/ZBZFirst/file/master/samples/hh/009_hh3rerc2.wav,e150202cfd26211271e991797bd8b7bd17674fb1f9b5aa7f80f337f70b33bfe0
hh/010_hh3ride.wav,audio,352896,1.999819,pcm_s16le,44100,2,audio/x-wav,https://raw.githubusercontent.com/ZBZFirst/file/master/samples/hh/010_hh3ride.wav,7bd81f8cce86aa8e81150b4ebc9c42265810dc7b7dd97a996d5eaa7787ccefa6
hh/011_hh3snare1.wav,audio,247936,1.404807,pcm_s16le,44100,2,audio/x-wav,https://raw.githubusercontent.com/ZBZFirst/file/master/samples/hh/011_hh3snare1.wav,01da31d5ec56fc7dd09235d542c8c4077a63c6c1d3f55250eed7768e240c65d2
hh/012_hh3snare2.wav,audio,242304,1.37288,pcm_s16le,44100,2,audio/x-wav,https://raw.githubusercontent.com/ZBZFirst/file/master/samples/hh/012_hh3snare2.wav,e78ac95460ea7019dfcf574325fd906114f325188aca08d5afc4817f72fb645c
hh27/000_hh27closedhh.wav,audio,168860,0.956531,pcm_s16le,44100,2,audio/x-wav,https://raw.githubusercontent.com/ZBZFirst/file/master/samples/hh27/000_hh27closedhh.wav,2a879d1fa3fae95eda46b49985b7226c3f3035ad57ade504de07a203d5ca99fd
hh27/001_hh27crash.wav,audio,326140,1.848141,pcm_s16le,44100,2,audio/x-wav,https://raw.githubusercontent.com/ZBZFirst/file/master/samples/hh27/001_hh27crash.wav,6ee59d0b901f5d2560d3de34c82512b14593194eacae1a6cc5c51238a8667980
hh27/002_hh27hit1.wav,audio,184188,1.043424,pcm_s16le,44100,2,audio/x-wav,https://raw.githubusercontent.com/ZBZFirst/file/master/samples/hh27/002_hh27hit1.wav,58768e00d9e9ea22cc3242f02ebd3c5e8027fc7e019735f5419ac30a2d0efd4c
hh27/003_hh27hit2.wav,audio,165500,0.937483,pcm_s16le,44100,2,audio/x-wav,https://raw.githubusercontent.com/ZBZFirst/file/master/samples/hh27/003_hh27hit2.wav,115cdf810f08d51e7347a8b6d4c385466789eff3ff050facbfcae032e914e6f7
hh27/004_hh27hit3.wav,audio,202440,1.146893,pcm_s16le,44100,2,audio/x-wav,https://raw.githubusercontent.com/ZBZFirst/file/master/samples/hh27/004_hh27hit3.wav,d1a8955d4357df75b9ebc9f26765f22b2f066aac373f09861c84df9dcc7894d2
hh27/005_hh27kick1.wav,audio,158804,0.899524,pcm_s16le,44100,2,audio/x-wav,https://raw.githubusercontent.com/ZBZFirst/file/master/samples/hh27/005_hh27kick1.wav,501321a4100dca2354755635f554cd8d41f819c81760419bbc4c9c6dcbc87e86
hh27/006_hh27kick2.wav,audio,66848,0.378231,pcm_s16le,44100,2,audio/x-wav,https://raw.githubusercontent.com/ZBZFirst/file/master/samples/hh27/006_hh27kick2.wav,479b952a931300fbce95f7aff38cd7daed8fdf0eb476f524bf6d6cf51bbf219f
hh27/007_hh27opendhh.wav,audio,290944,1.648617,pcm_s16le,44100,2,audio/x-wav,https://raw.githubusercontent.com/ZBZFirst/file/master/samples/hh27/007_hh27opendhh.wav,dd1f38ef2fe2af7ff967ebc3607d72e1cf480eaab6983292c5bdb7390c9ea7e6
hh27/008_hh27perc1.wav,audio,228432,1.29424,pcm_s16le,44100,2,audio/x-wav,https://raw.githubusercontent.com/ZBZFirst/file/master/samples/hh27/008_hh27perc1.wav,8c207e56b76d1b9751e0389c3cf0c7169be3352d14c0480f062614c4951652ad
hh27/009_hh27perc2.wav,audio,233600,1.323537,pcm_s16le,44100,2,audio/x-wav,https://raw.githubusercontent.com/ZBZFirst/file/master/samples/hh27/009_hh27perc2.wav,a13df688786318aff787226014efe52d3f48424a20db79cd9800c45c0ebb5645
hh27/010_hh27ride.wav,audio,300160,1.700862,pcm_s16le,44100,2,audio/x-wav,https://raw.githubusercontent.com/ZBZFirst/file/master/samples/hh27/010_hh27ride.wav,30984b860a52ecc8a99e8d56cbcb7cb062872caa2ced427512716ccf98a66fb9
hh27/011_hh27snare1.wav,audio,190372,1.078481,pcm_s16le,44100,2,audio/x-wav,https://raw.githubusercontent.com/ZBZFirst/file/master/samples/hh27/011_hh27snare1.wav,8a8e309fcb0bd6b60ebfcf95842ede8ae1d4bf538d563a304191d47434ff7135
hh27/012_hh27snare2.wav,audio,176472,0.999683,pcm_s16le,44100,2,audio/x-wav,https://raw.githubusercontent.com/ZBZFirst/file/master/samples/hh27/012_hh27snare2.wav,bf367e2e22a6136454f35ed9a68b20d8b61636fb4971f182c9026b6e85fe65d3
hit/bandpass-blart.wav,audio,23512,0.266054,pcm_s16le,44100,1,audio/x-wav,https://raw.githubusercontent.com/ZBZFirst/file/master/samples/hit/bandpass-blart.wav,11c3f3a00c31fb3c1c2a422607fb59ed4e894a6d2573c4e726ffcd1e77690cb2
hit/electro-pling1.wav,audio,18408,0.208186,pcm_s16le,44100,1,audio/x-wav,https://raw.githubusercontent.com/ZBZFirst/file/master/samples/hit/electro-pling1.wav,0692a395281cc736207cea094dadf16a29cf49674fe38e5b22ecdd58c82391b7
hit/laser-powered-sword.wav,audio,29776,0.337075,pcm_s16le,44100,1,audio/x-wav,https://raw.githubusercontent.com/ZBZFirst/file/master/samples/hit/laser-powered-sword.wav,e62be1e25a93b4e14c83291dbf010db949841eec84d0e14076ecb6f6d0905e93
hit/robot-fart.wav,audio,41512,0.470136,pcm_s16le,44100,1,audio/x-wav,https://raw.githubusercontent.com/ZBZFirst/file/master/samples/hit/robot-fart.wav,a77cbd6eb720efeeaed3a04ca57a4ce920cd2a6970be17358491707e4baf684d
hit/ufo-take-me-away.wav,audio,264616,2.99966,pcm_s16le,44100,1,audio/x-wav,https://raw.githubusercontent.com/ZBZFirst/file/master/samples/hit/ufo-take-me-away.wav,6177d4b89105a91f39bd1b50e1321c65ca3c9aa9de40928d37439a7920a22331
hit/zap-to-crack.wav,audio,63576,0.720295,pcm_s16le,44100,1,audio/x-wav,https://raw.githubusercontent.com/ZBZFirst/file/master/samples/hit/zap-to-crack.wav,05e3e615cfe0e9a0316ebf0e16233d292b5a7a2068718be4d94cfc5270a92f60
hmm/hmm.wav,audio,62770,0.711179,pcm_s16le,44100,1,audio/x-wav,https://raw.githubusercontent.com/ZBZFirst/file/master/samples/hmm/hmm.wav,3033193645658a40c4a7f57258ea8f6657ba6ca3ab5a35bae0d2cf3a6729eb32
ho/HHOD0.wav,audio,22368,0.253107,pcm_s16le,44100,1,audio/x-wav,https://raw.githubusercontent.com/ZBZFirst/file/master/samples/ho/HHOD0.wav,8ac8808fd7a7f0937efaf696c20e047394609f9790db0cf8605dbdc6b3aaf73f
ho/HHOD2.wav,audio,29268,0.331338,pcm_s16le,44100,1,audio/x-wav,https://raw.githubusercontent.com/ZBZFirst/file/master/samples/ho/HHOD2.wav,98f9b82e951e085fb9572d3f03a7e694ae029b55a1a1eb483310598a5e750042
ho/HHOD4.wav,audio,35268,0.399365,pcm_s16le,44100,1,audio/x-wav,https://raw.githubusercontent.com/ZBZFirst/file/master/samples/ho/HHOD4.wav,4c2614f2483fb176be721a5bc9328b6556282b1583dea16080daab817adae41f
ho/HHOD6.wav,audio,38688,0.438141,pcm_s16le,44100,1,audio/x-wav,https://raw.githubusercontent.com/ZBZFirst/file/master/samples/ho/HHOD6.wav,7735f217b3485f006828a950eb20d2539824d31803000229a4d908f8b31dcfdd
ho/HHOD8.wav,audio,45556,0.516009,pcm_s16le,44100,1,audio/x-wav,https://raw.githubusercontent.com/ZBZFirst/file/master/samples/ho/HHOD8.wav,6d7fccb7e9aa95d036599540961f14824e7656bbaeae72a41cb6f9ab47743d4f
ho/HHODA.wav,audio,45658,0.517166,pcm_s16le,44100,1,audio/x-wav,https://raw.githubusercontent.com/ZBZFirst/file/master/samples/ho/HHODA.wav,76fd3bfb01d12554c98b371801a8680ef4e7a8aad36912467089a1c76d101435
hoover/1.wav,audio,61700,0.349524,pcm_s16le,44100,2,audio/x-wav,https://raw.githubusercontent.com/ZBZFirst/file/master/samples/hoover/1.wav,1b9bf4d7b4e3c284520324bfeb50b1c14529f9b7cfec1fb77f0e332abd93e19c
hoover/2.wav,audio,81552,0.462063,pcm_s16le,44100,2,audio/x-wav,https://raw.githubusercontent.com/ZBZFirst/file/master/samples/hoover/2.wav,40c700522ab3f048869a06dceb2506143642c3867029ad9fde1235e5a52d7efd
hoover/3.wav,audio,98344,0.557256,pcm_s16le,44100,2,audio/x-wav,https://raw.githubusercontent.com/ZBZFirst/file/master/samples/hoover/3.wav,58f99ade917c2cedeef0102e6c8b3e32d108cc2464cf43602624e89dd1fe94a9
hoover/4.wav,audio,27928,0.158073,pcm_s16le,44100,2,audio/x-wav,https://raw.githubusercontent.com/ZBZFirst/file/master/samples/hoover/4.wav,061be0560430339b35ba5f65c2ec020a8e5cc5ef53da7bd7c3821fb03971e5e3
hoover/5.wav,audio,55656,0.315261,pcm_s16le,44100,2,audio/x-wav,https://raw.githubusercontent.com/ZBZFirst/file/master/samples/hoover/5.wav,b187d13fa4f68c1c50a4b4bfa5b8f69da224c427d8af1daf3b7da52e61c8c967
hoover/6.wav,audio,98572,0.558549,pcm_s16le,44100,2,audio/x-wav,https://raw.githubusercontent.com/ZBZFirst/file/master/samples/hoover/6.wav,13237f03d39b646eef01ea51ed8cd8203fee936fd23d48c1573459766894e4e6
house/000_BD.wav,audio,25352,0.286939,pcm_s16le,44100,1,audio/x-wav,https://raw.githubusercontent.com/ZBZFirst/file/master/samples/house/000_BD.wav,109785b7ea6b6350bd261c62596d8e45fe827cdb0e620047de0215a0c20562dc
house/001_CB.wav,audio,41004,0.464399,pcm_s16le,44100,1,audio/x-wav,https://raw.githubusercontent.com/ZBZFirst/file/master/samples/house/001_CB.wav,1a65a82a980e90aebcf5fe77c61063e38d26dc10c19bca50d60b25d5834bf202
house/002_FX.wav,audio,76524,0.86712,pcm_s16le,44100,1,audio/x-wav,https://raw.githubusercontent.com/ZBZFirst/file/master/samples/house/002_FX.wav,d13537a08497370014665869425612789ca23ee6d657a71870de4622bece2ef6
house/003_HH.wav,audio,4420,0.049615,pcm_s16le,44100,1,audio/x-wav,https://raw.githubusercontent.com/ZBZFirst/file/master/samples/house/003_HH.wav,020b400ab6d2799f48f79e98db188937fe2e65a30187ecfd5cf68cf2ee3babee
house/004_OH.wav,audio,68268,0.773515,pcm_s16le,44100,1,audio/x-wav,https://raw.githubusercontent.com/ZBZFirst/file/master/samples/house/004_OH.wav,2de55dfd49f9421a9865f3b6609e72422c3162c59a8a8c33a5920c70412f0c75
house/005_P1.wav,audio,74924,0.84898,pcm_s16le,44100,1,audio/x-wav,https://raw.githubusercontent.com/ZBZFirst/file/master/samples/house/005_P1.wav,0848eef8dc424bf659023fd69c9cf62adc414729a762805bc32e23232c8b38cb
house/006_P2.wav,audio,123436,1.399002,pcm_s16le,44100,1,audio/x-wav,https://raw.githubusercontent.com/ZBZFirst/file/master/samples/house/006_P2.wav,e7597364ce249b01bd623bf234c1b440360262e332827093bb75d42e9d5d0ba3
house/007_SN.wav,audio,10924,0.123356,pcm_s16le,44100,1,audio/x-wav,https://raw.githubusercontent.com/ZBZFirst/file/master/samples/house/007_SN.wav,060457762e07355dbf8c530fa59fe0181487561fae89bd1403873df566362336
ht/HT0D0.wav,audio,20790,0.23521,pcm_s16le,44101,1,audio/x-wav,https://raw.githubusercontent.com/ZBZFirst/file/master/samples/ht/HT0D0.wav,f690c27f524138820191fda50a0d97d79891b57525794a18bb34fdaf83029826
ht/HT0D3.wav,audio,25576,0.289472,pcm_s16le,44101,1,audio/x-wav,https://raw.githubusercontent.com/ZBZFirst/file/master/samples/ht/HT0D3.wav,de6d23436bd11da4759c6f6cbab63fbd4c9e540ec2e0d51012fee2be6b2e64bc
ht/HT0D7.wav,audio,34272,0.388064,pcm_s16le,44101,1,audio/x-wav,https://raw.githubusercontent.com/ZBZFirst/file/master/samples/ht/HT0D7.wav,c0e97bcf77f98a1f41142d6bfe6588d728a92079948b525aa4cc409e8554240a
ht/HT0DA.wav,audio,37368,0.423165,pcm_s16le,44101,1,audio/x-wav,https://raw.githubusercontent.com/ZBZFirst/file/master/samples/ht/HT0DA.wav,e85e7a3c10fa9f447963e3c01d92bfa2e2825f1d843fc2aa308857ccc14035c0
ht/HT3D0.wav,audio,19944,0.225618,pcm_s16le,44101,1,audio/x-wav,https://raw.githubusercontent.com/ZBZFirst/file/master/samples/ht/HT3D0.wav,82de152c9352842ae377f58d1e802e3db88bc28b971d57ea9c5ff990b61d054e
ht/HT3D3.wav,audio,25374,0.287182,pcm_s16le,44101,1,audio/x-wav,https://raw.githubusercontent.com/ZBZFirst/file/master/samples/ht/HT3D3.wav,b419a8fb953b9a48fdd4bf8dfc6c424a927855c4398abd2a445c92ee92325945
ht/HT3D7.wav,audio,35638,0.403551,pcm_s16le,44101,1,audio/x-wav,https://raw.githubusercontent.com/ZBZFirst/file/master/samples/ht/HT3D7.wav,e9ec7c48edf2a1e87f41bf384688293e11e278f6be72957f441b7bb70ceb07a9
ht/HT3DA.wav,audio,37994,0.430262,pcm_s16le,44101,1,audio/x-wav,https://raw.githubusercontent.com/ZBZFirst/file/master/samples/ht/HT3DA.wav,4032b83207ccdca35733f10a9e55705bf19a6639f04b39c675c857af8c3f7363
ht/HT7D0.wav,audio,20594,0.232988,pcm_s16le,44101,1,audio/x-wav,https://raw.githubusercontent.com/ZBZFirst/file/master/samples/ht/HT7D0.wav,7e291a8d954db0a52c9133191bf1c252eda34bedc66be72b38da91f45d5ee745
ht/HT7D3.wav,audio,26216,0.296728,pcm_s16le,44101,1,audio/x-wav,https://raw.githubusercontent.com/ZBZFirst/file/master/samples/ht/HT7D3.wav,0be5957ee6c31920c0e1f87b0dafe2e51aec2db62275c794442ca3dde9e0df44
ht/HT7D7.wav,audio,36670,0.415251,pcm_s16le,44101,1,audio/x-wav,https://raw.githubusercontent.com/ZBZFirst/file/master/samples/ht/HT7D7.wav,dc89ca73b5c6407452c9d1c2298d43e7500d1d87e6e87c2a7957a6fb56c3a914
ht/HT7DA.wav,audio,38512,0.436135,pcm_s16le,44101,1,audio/x-wav,https://raw.githubusercontent.com/ZBZFirst/file/master/samples/ht/HT7DA.wav,9ec1462ca539da5b2da7c5c13b6b56964fc33883cc2fc69acd5d69b2643e7052
ht/HTAD0.wav,audio,20614,0.233215,pcm_s16le,44101,1,audio/x-wav,https://raw.githubusercontent.com/ZBZFirst/file/master/samples/ht/HTAD0.wav,fce1e0264134588bb2069fd92c7082fcb96024dadd27a1990de26fe2102c6a49
ht/HTAD3.wav,audio,26750,0.302782,pcm_s16le,44101,1,audio/x-wav,https://raw.githubusercontent.com/ZBZFirst/file/master/samples/ht/HTAD3.wav,c4df9633296584917a70d72e67770a1b144854cefb249688ccb91bd52a9be81e
ht/HTAD7.wav,audio,35000,0.396318,pcm_s16le,44101,1,audio/x-wav,https://raw.githubusercontent.com/ZBZFirst/file/master/samples/ht/HTAD7.wav,0bdd8afef26a9fd5cdde356948bc5e1f19513c257b3ff898b29ac108a9f7a5ca
ht/HTADA.wav,audio,40190,0.45516,pcm_s16le,44101,1,audio/x-wav,https://raw.githubusercontent.com/ZBZFirst/file/master/samples/ht/HTADA.wav,9560458d756e4277e2244e9cae5fb8e8c082581e900bce57b48c2dbae814f8fe
if/000_gab.wav,audio,96366,0.545465,pcm_s16le,44100,2,audio/x-wav,https://raw.githubusercontent.com/ZBZFirst/file/master/samples/if/000_gab.wav,02633326f9043d15169687cc72cd54407bf0364345ad1624431c058accefb73a
if/001_gab2.wav,audio,96366,0.545465,pcm_s16le,44100,2,audio/x-wav,https://raw.githubusercontent.com/ZBZFirst/file/master/samples/if/001_gab2.wav,a9093eea3ab365ee9e6d18621d9ac562ef46eb84a327f02b47b0c3d2d519ddd8
if/002_snarl1b.wav,audio,72310,0.409093,pcm_s16le,44100,2,audio/x-wav,https://raw.githubusercontent.com/ZBZFirst/file/master/samples/if/002_snarl1b.wav,92a543c352164169fd43f57e26835fc259bd305feae9c31dcb484f080bd03810
if/003_snarl2b.wav,audio,72310,0.409093,pcm_s16le,44100,2,audio/x-wav,https://raw.githubusercontent.com/ZBZFirst/file/master/samples/if/003_snarl2b.wav,5f92a78b8da7d9f64dca515676636d5bc52b06b94eb5017feb02636701378e89
if/004_snarl3b.wav,audio,72310,0.409093,pcm_s16le,44100,2,audio/x-wav,https://raw.githubusercontent.com/ZBZFirst/file/master/samples/if/004_snarl3b.wav,83abf96206e3bf7d0215364766779908633bbbdfb78bd2799ea60979ab45ee75
ifdrums/ignorebd.wav,audio,48254,0.272721,pcm_s16le,44100,2,audio/x-wav,https://raw.githubusercontent.com/ZBZFirst/file/master/samples/ifdrums/ignorebd.wav,a931e33a5f438c892437ade1dd441c04d7a1f81514d90a1713376edcfb60f7d6
ifdrums/ignorehh.wav,audio,48254,0.272721,pcm_s16le,44100,2,audio/x-wav,https://raw.githubusercontent.com/ZBZFirst/file/master/samples/ifdrums/ignorehh.wav,43dbba63c932db77b509ff32e990ca9956239d251eed72033ff638dee8e9960b
ifdrums/ignoresd.wav,audio,72310,0.409093,pcm_s16le,44100,2,audio/x-wav,https://raw.githubusercontent.com/ZBZFirst/file/master/samples/ifdrums/ignoresd.wav,8e646cc6cee51db94600417286df1076e40075ed1d399ae502be4437944705ce
incoming/000_Mattel  Snare.wav,audio,40776,0.46068,pcm_s16le,44100,1,audio/x-wav,https://raw.githubusercontent.com/ZBZFirst/file/master/samples/incoming/000_Mattel  Snare.wav,3221e3acd9584608884cdcb7ffee5e6444007a52cbb79c12ae7eed823c89cc89
incoming/001_Mattel  Tom VHigh.wav,audio,30210,0.340884,pcm_s16le,44100,1,audio/x-wav,https://raw.githubusercontent.com/ZBZFirst/file/master/samples/incoming/001_Mattel  Tom VHigh.wav,fcd8df660df05de478fc938c61d5c618db2d60d64c1e35c6f6d94dffc0d7202e
incoming/002_Mattel Cymbal.wav,audio,84340,0.954603,pcm_s16le,44100,1,audio/x-wav,https://raw.githubusercontent.com/ZBZFirst/file/master/samples/incoming/002_Mattel Cymbal.wav,f69d74dbded616066a9377b22d27947cabff81e99335bf5750e04be801cda13c
incoming/003_Mattel Hi-Hat.wav,audio,33388,0.376916,pcm_s16le,44100,1,audio/x-wav,https://raw.githubusercontent.com/ZBZFirst/file/master/samples/incoming/003_Mattel Hi-Hat.wav,011a1f8fee3175bb0a40a1f992efe0c2d9c486f86cf1d15850123f6215801b96
incoming/004_Mattel Kick.wav,audio,24576,0.277007,pcm_s16le,44100,1,audio/x-wav,https://raw.githubusercontent.com/ZBZFirst/file/master/samples/incoming/004_Mattel Kick.wav,75d05dae2c47263c903dd6433ea359d82c7d6a64d4240f31fe9d8539b463d377
incoming/005_Mattel Tom High.wav,audio,26790,0.302109,pcm_s16le,44100,1,audio/x-wav,https://raw.githubusercontent.com/ZBZFirst/file/master/samples/incoming/005_Mattel Tom High.wav,03e957c661621cc289198b30f61d7043e2d8fae598d68fc6e63a87948d3de188
incoming/006_Mattel Tom Low.wav,audio,25944,0.292517,pcm_s16le,44100,1,audio/x-wav,https://raw.githubusercontent.com/ZBZFirst/file/master/samples/incoming/006_Mattel Tom Low.wav,ef61158c6253889a0f7bdd2131d9928414f4860c2b866b09c7bcfd561c33ebc9
incoming/007_Mattel Tom VLow.wav,audio,27182,0.306553,pcm_s16le,44100,1,audio/x-wav,https://raw.githubusercontent.com/ZBZFirst/file/master/samples/incoming/007_Mattel Tom VLow.wav,6ce050b954520130ddc9f92afed163c800874895c1a9f1e03762a868040e1026
industrial/000_01.wav,audio,85018,0.963424,pcm_s16le,44100,1,audio/x-wav,https://raw.githubusercontent.com/ZBZFirst/file/master/samples/industrial/000_01.wav,6593a15d848d6ccd8ee310d152dc6b16a1f6f9e1df74ded5776376a1bc765caf
industrial/001_02.wav,audio,12204,0.137868,pcm_s16le,44100,1,audio/x-wav,https://raw.githubusercontent.com/ZBZFirst/file/master/samples/industrial/001_02.wav,72579a7b13401fdf81c799a9bd63d9c638f72b862eb2d61e63363a20d388fa24
industrial/002_03.wav,audio,43628,0.49415,pcm_s16le,44100,1,audio/x-wav,https://raw.githubusercontent.com/ZBZFirst/file/master/samples/industrial/002_03.wav,e72f5c73aa1bbdb048a8152ea5ed0c380356312ac98558a644e25a42f7a4fcbb
industrial/003_04.wav,audio,16364,0.185034,pcm_s16le,44100,1,audio/x-wav,https://raw.githubusercontent.com/ZBZFirst/file/master/samples/industrial/003_04.wav,2d6aa3d52dc773afc303fe72499f70a9212b2692168b498a7fadfb64ded79e83
industrial/004_05.wav,audio,8060,0.181769,pcm_s16le,22050,1,audio/x-wav,https://raw.githubusercontent.com/ZBZFirst/file/master/samples/industrial/004_05.wav,38b2c147c24fcab1fa0d477991747d8ce3d4356a76c49fde4ed3ef5a6b3934b2
industrial/005_06.wav,audio,22444,0.253968,pcm_s16le,44100,1,audio/x-wav,https://raw.githubusercontent.com/ZBZFirst/file/master/samples/industrial/005_06.wav,dd76cb0fbd31b9060ea95abdfb4780518f1f301c80080f109bf815fcf8fda321
industrial/006_07.wav,audio,4732,0.106304,pcm_s16le,22050,1,audio/x-wav,https://raw.githubusercontent.com/ZBZFirst/file/master/samples/industrial/006_07.wav,aeca3241c269689cf6abcce8b06e92fb9861cc03291e27379f5d03a4d43d7266
industrial/007_08.wav,audio,15884,0.179592,pcm_s16le,44100,1,audio/x-wav,https://raw.githubusercontent.com/ZBZFirst/file/master/samples/industrial/007_08.wav,93b8198da048cec310a734045ac1db64cdc5be008c4c8775d595529897af3b38
industrial/008_09.wav,audio,9868,0.111383,pcm_s16le,44100,1,audio/x-wav,https://raw.githubusercontent.com/ZBZFirst/file/master/samples/industrial/008_09.wav,8c37695244d6bca344c831d3dd5dfb16dfedf09c29fdd8b70b96579b60f052ce
industrial/009_10.wav,audio,5764,0.129705,pcm_s16le,22050,1,audio/x-wav,https://raw.githubusercontent.com/ZBZFirst/file/master/samples/industrial/009_10.wav,16131966a341c2fccb77a70ceb9b8f1d8f296d8571a3f48f1456a91e62ad659b
industrial/010_11.wav,audio,24172,0.27356,pcm_s16le,44100,1,audio/x-wav,https://raw.githubusercontent.com/ZBZFirst/file/master/samples/industrial/010_11.wav,a215e3eef97d7ab9b9acd36c1f71323d5d85dddea01ce39db665bc787d7e0a91
industrial/011_12.wav,audio,15948,0.180317,pcm_s16le,44100,1,audio/x-wav,https://raw.githubusercontent.com/ZBZFirst/file/master/samples/industrial/011_12.wav,ec9f4f17d790173863522edf835c4ea2c721b8475bea2e965e6baf5cd5534763
industrial/012_13.wav,audio,17196,0.194467,pcm_s16le,44100,1,audio/x-wav,https://raw.githubusercontent.com/ZBZFirst/file/master/samples/industrial/012_13.wav,fbcea13d4b5f359daca4876eef12c97625d9ff461b43490f9bafd5ee6d6e4da8
industrial/013_14.wav,audio,4716,0.052971,pcm_s16le,44100,1,audio/x-wav,https://raw.githubusercontent.com/ZBZFirst/file/master/samples/industrial/013_14.wav,0cb60d2f48fc0ba5f425d5b2b0e2a6d86965c6e2aeeefae5c6224643e164cfd2
industrial/014_15.wav,audio,17708,0.200272,pcm_s16le,44100,1,audio/x-wav,https://raw.githubusercontent.com/ZBZFirst/file/master/samples/industrial/014_15.wav,12736be0fe0970f124a8ae6ada37f7db2aa1f0cff3cbb11978b8c553c77eac22
industrial/015_16.wav,audio,16460,0.186122,pcm_s16le,44100,1,audio/x-wav,https://raw.githubusercontent.com/ZBZFirst/file/master/samples/industrial/015_16.wav,c26d3d4f6e5a279a81870fcdf534bc60c10ad2f570958e174fcfcfe409993ef5
industrial/016_17.wav,audio,12332,0.13932,pcm_s16le,44100,1,audio/x-wav,https://raw.githubusercontent.com/ZBZFirst/file/master/samples/industrial/016_17.wav,335879dbf532804bd1c894abfce4c9647059e979021a70929d192f1ef4a5b394
industrial/017_18.wav,audio,27820,0.314921,pcm_s16le,44100,1,audio/x-wav,https://raw.githubusercontent.com/ZBZFirst/file/master/samples/industrial/017_18.wav,2726f7c539154fe1ece05238335773eb7ee5a64d5d0e32d988bc5bf33b212137
industrial/018_19.wav,audio,24684,0.279365,pcm_s16le,44100,1,audio/x-wav,https://raw.githubusercontent.com/ZBZFirst/file/master/samples/industrial/018_19.wav,82b8c2147e578639942eff00c2324aa4d89db68cec1fe4498642bb8c08c7712a
industrial/019_20.wav,audio,21132,0.239093,pcm_s16le,44100,1,audio/x-wav,https://raw.githubusercontent.com/ZBZFirst/file/master/samples/industrial/019_20.wav,e7089e9f0f3e6f7ab3bf0a0e79d1e33712c4c3f2e3c7fb7004ed3c4caa9c819d
industrial/020_21.wav,audio,26572,0.300771,pcm_s16le,44100,1,audio/x-wav,https://raw.githubusercontent.com/ZBZFirst/file/master/samples/industrial/020_21.wav,4d944db5482a7e663b0cbd6e8f069c205dde6936e42f69e495fa6c18216684f4
industrial/021_22.wav,audio,8492,0.095782,pcm_s16le,44100,1,audio/x-wav,https://raw.githubusercontent.com/ZBZFirst/file/master/samples/industrial/021_22.wav,5e42911244ef7042a532a1f8fd6bce0ca7d863a66905eea0260595e0a3fd6f0c
industrial/022_23.wav,audio,36908,0.417959,pcm_s16le,44100,1,audio/x-wav,https://raw.githubusercontent.com/ZBZFirst/file/master/samples/industrial/022_23.wav,e4b29ee2924a189983027ba2d82f1b218d90da8d2c3b935b5f403a51fe272f47
industrial/023_24.wav,audio,2604,0.029025,pcm_s16le,44100,1,audio/x-wav,https://raw.githubusercontent.com/ZBZFirst/file/master/samples/industrial/023_24.wav,912307022554ee14e9d474da231c366ee22004cfa2f70b6e2ea12d60f505c8c8
industrial/024_25.wav,audio,2044,0.045351,pcm_s16le,22050,1,audio/x-wav,https://raw.githubusercontent.com/ZBZFirst/file/master/samples/industrial/024_25.wav,d447e573c5109d86defdc13ce30fa8d7978832f70cc386790bf12b79ab3359d2
industrial/025_26.wav,audio,17228,0.38966,pcm_s16le,22050,1,audio/x-wav,https://raw.githubusercontent.com/ZBZFirst/file/master/samples/industrial/025_26.wav,a4b98cc698dca53a32d6820b07dfdd5a6e4e1491ae1a1493629a44af908a835e
industrial/026_27.wav,audio,5124,0.115193,pcm_s16le,22050,1,audio/x-wav,https://raw.githubusercontent.com/ZBZFirst/file/master/samples/industrial/026_27.wav,bac15c6ab532c4d13cf8b0d011729bf55585d1112f3ccf07914999329e8698df
industrial/027_28.wav,audio,10156,0.229297,pcm_s16le,22050,1,audio/x-wav,https://raw.githubusercontent.com/ZBZFirst/file/master/samples/industrial/027_28.wav,bbdfec8adea7c64adb80ed6a94912ad43b59ba375d07e5e7b9f29ba8b4fdd7c9
industrial/028_29.wav,audio,3708,0.083084,pcm_s16le,22050,1,audio/x-wav,https://raw.githubusercontent.com/ZBZFirst/file/master/samples/industrial/028_29.wav,e271fdc2ff7cd33a9108cdf66cc23f2f0abca1035d9b99270737ba41370c4292
industrial/029_30.wav,audio,2212,0.049161,pcm_s16le,22050,1,audio/x-wav,https://raw.githubusercontent.com/ZBZFirst/file/master/samples/industrial/029_30.wav,1b99ca6b89d12e95b1646164f0af75a826aeea7a4b4d3961664fa892c8c3ce22
industrial/030_31.wav,audio,48172,0.545669,pcm_s16le,44100,1,audio/x-wav,https://raw.githubusercontent.com/ZBZFirst/file/master/samples/industrial/030_31.wav,7dcacdd022e8b69a5f0bfdfc4967d658bae33a2a3d8db6b4f6a81c907a4e7546
industrial/031_32.wav,audio,16428,0.18576,pcm_s16le,44100,1,audio/x-wav,https://raw.githubusercontent.com/ZBZFirst/file/master/samples/industrial/031_32.wav,471cd2e564f404c7eb31b91d7531bf894deb6521df5b8d5fe9e54b07723f762f
insect/000_everglades_conehead.wav,audio,11144,0.125828,pcm_s16le,44100,1,audio/x-wav,https://raw.githubusercontent.com/ZBZFirst/file/master/samples/insect/000_everglades_conehead.wav,bac3f706d2b061e3a91d88ade1a5e460ac523bf8ea3439e10d613667a1db181f
insect/001_robust_shieldback.wav,audio,37584,0.425601,pcm_s16le,44100,1,audio/x-wav,https://raw.githubusercontent.com/ZBZFirst/file/master/samples/insect/001_robust_shieldback.wav,337ddd9524c7d62694d0658d0f12e2d985b4e2cf91cff1a88938266afb33a7e3
insect/002_seashore_meadow_katydid.wav,audio,24660,0.27907,pcm_s16le,44100,1,audio/x-wav,https://raw.githubusercontent.com/ZBZFirst/file/master/samples/insect/002_seashore_meadow_katydid.wav,48bb2f7f3db136c7693d8b150d2b7676a6481dd7aaee3be64451b30ebc3e9cbb
invaders/000_0.wav,audio,14100,0.159365,pcm_s16le,44100,1,audio/x-wav,https://raw.githubusercontent.com/ZBZFirst/file/master/samples/invaders/000_0.wav,75ab70736c1d6548d513f83859695b3687cae3716e72ce60f184b576b4f44acf
invaders/001_1.wav,audio,26148,0.295964,pcm_s16le,44100,1,audio/x-wav,https://raw.githubusercontent.com/ZBZFirst/file/master/samples/invaders/001_1.wav,fb090bde915f23b5b43143126d5047fcacc15fb57cdc82c0251614ca0104f076
invaders/002_11.wav,audio,13296,0.150249,pcm_s16le,44100,1,audio/x-wav,https://raw.githubusercontent.com/ZBZFirst/file/master/samples/invaders/002_11.wav,eac1d4f787bff50b7bde61b40e3f82ca58ce11c59e2dfa255fcaebf04d049a7b
invaders/003_12.wav,audio,107588,1.21932,pcm_s16le,44100,1,audio/x-wav,https://raw.githubusercontent.com/ZBZFirst/file/master/samples/invaders/003_12.wav,85d4a26aba7175c349426a7600754bd559640e2513bd1866de6a964dbfdcd256
invaders/004_13.wav,audio,28078,0.317846,pcm_s16le,44100,1,audio/x-wav,https://raw.githubusercontent.com/ZBZFirst/file/master/samples/invaders/004_13.wav,ba09c2823f7bf4ec71f8d52655ad47cd890ac38a806f0fb9c0f4f253aff7aa28
invaders/005_14.wav,audio,6516,0.073379,pcm_s16le,44100,1,audio/x-wav,https://raw.githubusercontent.com/ZBZFirst/file/master/samples/invaders/005_14.wav,f2a2f84aa5245757b751358d9d55ff764898016b27efc2099242c4420e87d640
invaders/006_15.wav,audio,5844,0.06576,pcm_s16le,44100,1,audio/x-wav,https://raw.githubusercontent.com/ZBZFirst/file/master/samples/invaders/006_15.wav,f2d433d841db74929ffb0ab4b44b768e6e4768e31562ee713df2be035653ff12
invaders/007_16.wav,audio,6148,0.069206,pcm_s16le,44100,1,audio/x-wav,https://raw.githubusercontent.com/ZBZFirst/file/master/samples/invaders/007_16.wav,d96d37b6931102aa6772e19b49bdafe3262bb9720aae4a534e38a44f52750d61
invaders/008_17.wav,audio,6588,0.074195,pcm_s16le,44100,1,audio/x-wav,https://raw.githubusercontent.com/ZBZFirst/file/master/samples/invaders/008_17.wav,98613eee1769f6f2d7201964251125ec7a29614dc1cee1ba2296bfadb5ba127f
invaders/009_18.wav,audio,96276,1.091066,pcm_s16le,44100,1,audio/x-wav,https://raw.githubusercontent.com/ZBZFirst/file/master/samples/invaders/009_18.wav,1e275bbd185f4e47af48da2c03a05c376799d8ad7120d5ac7ee1eb0d5d0ef5aa
invaders/010_2.wav,audio,62068,0.70322,pcm_s16le,44100,1,audio/x-wav,https://raw.githubusercontent.com/ZBZFirst/file/master/samples/invaders/010_2.wav,88891fc1c096a1c70fcbe99bdbb0acc01dcdcea53e2de7de9542cdd4e422ece0
invaders/011_3.wav,audio,30996,0.35093,pcm_s16le,44100,1,audio/x-wav,https://raw.githubusercontent.com/ZBZFirst/file/master/samples/invaders/011_3.wav,ae38d51ee8acb569a45c0fbae5aff3e798e40b03dcc2008ca22a3341fda72d41
invaders/012_4.wav,audio,6516,0.073379,pcm_s16le,44100,1,audio/x-wav,https://raw.githubusercontent.com/ZBZFirst/file/master/samples/invaders/012_4.wav,f2a2f84aa5245757b751358d9d55ff764898016b27efc2099242c4420e87d640
invaders/013_5.wav,audio,5844,0.06576,pcm_s16le,44100,1,audio/x-wav,https://raw.githubusercontent.com/ZBZFirst/file/master/samples/invaders/013_5.wav,f2d433d841db74929ffb0ab4b44b768e6e4768e31562ee713df2be035653ff12
invaders/014_6.wav,audio,6148,0.069206,pcm_s16le,44100,1,audio/x-wav,https://raw.githubusercontent.com/ZBZFirst/file/master/samples/invaders/014_6.wav,d96d37b6931102aa6772e19b49bdafe3262bb9720aae4a534e38a44f52750d61
invaders/015_7.wav,audio,6588,0.074195,pcm_s16le,44100,1,audio/x-wav,https://raw.githubusercontent.com/ZBZFirst/file/master/samples/invaders/015_7.wav,98613eee1769f6f2d7201964251125ec7a29614dc1cee1ba2296bfadb5ba127f
invaders/016_8.wav,audio,199028,2.256054,pcm_s16le,44100,1,audio/x-wav,https://raw.githubusercontent.com/ZBZFirst/file/master/samples/invaders/016_8.wav,5931b6a166612a8c837224f37ac5616233044da2a224d64e27576495a59b176d
invaders/017_9.wav,audio,43696,0.494921,pcm_s16le,44100,1,audio/x-wav,https://raw.githubusercontent.com/ZBZFirst/file/master/samples/invaders/017_9.wav,121ea6020a09030fb0f3c33feca75840d7a0a5ac6cd4472fd15b1e1e050ba230
jazz/000_BD.wav,audio,25352,0.286939,pcm_s16le,44100,1,audio/x-wav,https://raw.githubusercontent.com/ZBZFirst/file/master/samples/jazz/000_BD.wav,109785b7ea6b6350bd261c62596d8e45fe827cdb0e620047de0215a0c20562dc
jazz/001_CB.wav,audio,41004,0.464399,pcm_s16le,44100,1,audio/x-wav,https://raw.githubusercontent.com/ZBZFirst/file/master/samples/jazz/001_CB.wav,1a65a82a980e90aebcf5fe77c61063e38d26dc10c19bca50d60b25d5834bf202
jazz/002_FX.wav,audio,76524,0.86712,pcm_s16le,44100,1,audio/x-wav,https://raw.githubusercontent.com/ZBZFirst/file/master/samples/jazz/002_FX.wav,d13537a08497370014665869425612789ca23ee6d657a71870de4622bece2ef6
jazz/003_HH.wav,audio,4420,0.049615,pcm_s16le,44100,1,audio/x-wav,https://raw.githubusercontent.com/ZBZFirst/file/master/samples/jazz/003_HH.wav,020b400ab6d2799f48f79e98db188937fe2e65a30187ecfd5cf68cf2ee3babee
jazz/004_OH.wav,audio,68268,0.773515,pcm_s16le,44100,1,audio/x-wav,https://raw.githubusercontent.com/ZBZFirst/file/master/samples/jazz/004_OH.wav,2de55dfd49f9421a9865f3b6609e72422c3162c59a8a8c33a5920c70412f0c75
jazz/005_P1.wav,audio,74924,0.84898,pcm_s16le,44100,1,audio/x-wav,https://raw.githubusercontent.com/ZBZFirst/file/master/samples/jazz/005_P1.wav,0848eef8dc424bf659023fd69c9cf62adc414729a762805bc32e23232c8b38cb
jazz/006_P2.wav,audio,123436,1.399002,pcm_s16le,44100,1,audio/x-wav,https://raw.githubusercontent.com/ZBZFirst/file/master/samples/jazz/006_P2.wav,e7597364ce249b01bd623bf234c1b440360262e332827093bb75d42e9d5d0ba3
jazz/007_SN.wav,audio,10924,0.123356,pcm_s16le,44100,1,audio/x-wav,https://raw.githubusercontent.com/ZBZFirst/file/master/samples/jazz/007_SN.wav,060457762e07355dbf8c530fa59fe0181487561fae89bd1403873df566362336
jungbass/000_deeep_n_low.wav,audio,123694,1.401905,pcm_s16le,44100,1,audio/x-wav,https://raw.githubusercontent.com/ZBZFirst/file/master/samples/jungbass/000_deeep_n_low.wav,130c0b16b7acb00159f36ce1d2c661032fa8488d639cc8cb419648e890bac025
jungbass/001_fat_808_sub.wav,audio,117550,1.332245,pcm_s16le,44100,1,audio/x-wav,https://raw.githubusercontent.com/ZBZFirst/file/master/samples/jungbass/001_fat_808_sub.wav,fc2373b91f86fd06c41ed8c6e0790cf681ba752b776bc4e273081467be0b262c
jungbass/002_fukubass2.wav,audio,265472,3.009365,pcm_s16le,44100,1,audio/x-wav,https://raw.githubusercontent.com/ZBZFirst/file/master/samples/jungbass/002_fukubass2.wav,3586ba07e2330deff2f24e5391765b9a6cb8d632aead5c192938fbe66ab2288d
jungbass/003_glide_up_down_sub.wav,audio,131630,1.491882,pcm_s16le,44100,1,audio/x-wav,https://raw.githubusercontent.com/ZBZFirst/file/master/samples/jungbass/003_glide_up_down_sub.wav,c2f6b960b34628d7ad2647c90b4cdc020694418b76da7bec8bc0ed8e61952893
jungbass/004_gliding_808_sub.wav,audio,51502,0.583401,pcm_s16le,44100,1,audio/x-wav,https://raw.githubusercontent.com/ZBZFirst/file/master/samples/jungbass/004_gliding_808_sub.wav,dafee33fe1a72a2b96aae0063aa3da5499b617196b01ad4336c9ac6cc290bfbc
jungbass/005_jungasubdown.wav,audio,127292,1.442698,pcm_s16le,44100,1,audio/x-wav,https://raw.githubusercontent.com/ZBZFirst/file/master/samples/jungbass/005_jungasubdown.wav,f1da0d4f03c3ff971119b23489b3f787ca8192d39725a1d95f69a146dd291360
jungbass/006_junglerevbass.wav,audio,140870,1.596644,pcm_s16le,44100,1,audio/x-wav,https://raw.githubusercontent.com/ZBZFirst/file/master/samples/jungbass/006_junglerevbass.wav,422662a26f97a6ebbac7a47a3f5971eb3d52ea7167c5c3fb37b9c62da05bbb3f
jungbass/007_junglesine.wav,audio,47756,1.081859,pcm_s16le,22050,1,audio/x-wav,https://raw.githubusercontent.com/ZBZFirst/file/master/samples/jungbass/007_junglesine.wav,4de51fb1112e5f3e82588a53fdf18d89f1bf2ef7707622707e7644db00585477
jungbass/008_junglesine2.wav,audio,94218,2.13542,pcm_s16le,22050,1,audio/x-wav,https://raw.githubusercontent.com/ZBZFirst/file/master/samples/jungbass/008_junglesine2.wav,a2cc9c423c2396f5cc96dde2a8d98668859696b94aa6e6eb3da7f3ecba797af1
jungbass/009_junglesine3.wav,audio,94218,2.13542,pcm_s16le,22050,1,audio/x-wav,https://raw.githubusercontent.com/ZBZFirst/file/master/samples/jungbass/009_junglesine3.wav,a2cc9c423c2396f5cc96dde2a8d98668859696b94aa6e6eb3da7f3ecba797af1
jungbass/010_mega_jungasubdown.wav,audio,127292,1.442698,pcm_s16le,44100,1,audio/x-wav,https://raw.githubusercontent.com/ZBZFirst/file/master/samples/jungbass/010_mega_jungasubdown.wav,f1da0d4f03c3ff971119b23489b3f787ca8192d39725a1d95f69a146dd291360
jungbass/011_shiphorn_tekstep_bass.wav,audio,67658,0.766576,pcm_s16le,44100,1,audio/x-wav,https://raw.githubusercontent.com/ZBZFirst/file/master/samples/jungbass/011_shiphorn_tekstep_bass.wav,6b0a6182b74cbcef4b352b13a8de3fbbd466cbb9d7cdddd1f2b228e6702c7684
jungbass/012_short.wav,audio,53294,0.603719,pcm_s16le,44100,1,audio/x-wav,https://raw.githubusercontent.com/ZBZFirst/file/master/samples/jungbass/012_short.wav,7462e565ba8e1df28112366e2e5d07bcfb821a4d2d823fdccf6e6e77e154fd5f
jungbass/013_sub_to_open_wah.wav,audio,217646,3.4,pcm_s16le,32000,1,audio/x-wav,https://raw.githubusercontent.com/ZBZFirst/file/master/samples/jungbass/013_sub_to_open_wah.wav,3120fb1c5cfd690be05d0216ef2052b0538ae4a13151e720bd2a954a0b2c79b7
jungbass/014_sustained_2_octave.wav,audio,295726,3.352381,pcm_s16le,44100,1,audio/x-wav,https://raw.githubusercontent.com/ZBZFirst/file/master/samples/jungbass/014_sustained_2_octave.wav,2e130ca594f7ea8722c1e8b64f7086cfa81d8c0caa0001128c012fd1033af901
jungbass/015_sustained_3_octave.wav,audio,196910,2.232018,pcm_s16le,44100,1,audio/x-wav,https://raw.githubusercontent.com/ZBZFirst/file/master/samples/jungbass/015_sustained_3_octave.wav,e8b6469e83b3f8fceae3d3b701329f67bc0eb1a526eb52e44a410352babb16e9
jungbass/016_sustained_deep_low.wav,audio,166190,1.883719,pcm_s16le,44100,1,audio/x-wav,https://raw.githubusercontent.com/ZBZFirst/file/master/samples/jungbass/016_sustained_deep_low.wav,7340226da943c26a3eab41f0999035ef03747c3169e64aaa94c5cfe2628815df
jungbass/017_sweep_me_low_bass.wav,audio,66258,0.750703,pcm_s16le,44100,1,audio/x-wav,https://raw.githubusercontent.com/ZBZFirst/file/master/samples/jungbass/017_sweep_me_low_bass.wav,2f3c129505e0211c37d57dddf91c3c070ca3c219f417878707625b030e7a7048
jungbass/018_synthy_round.wav,audio,281134,3.186939,pcm_s16le,44100,1,audio/x-wav,https://raw.githubusercontent.com/ZBZFirst/file/master/samples/jungbass/018_synthy_round.wav,7d637c8008d27fc67364106f9adb7fa97dfcbac9c713adba5186265d5b30a549
jungbass/019_thin_808_sub.wav,audio,268846,3.047619,pcm_s16le,44100,1,audio/x-wav,https://raw.githubusercontent.com/ZBZFirst/file/master/samples/jungbass/019_thin_808_sub.wav,e58734552c3c0f443fc27e9efba8bb135dc023620ae5b46571a927dc2f7b9e23
jungle/jungle4closedhh.wav,audio,21834,0.247052,pcm_s16le,44100,1,audio/x-wav,https://raw.githubusercontent.com/ZBZFirst/file/master/samples/jungle/jungle4closedhh.wav,bb9c928182b0ddffe9cc6335d37da84418d4ac073a76dd941f4a04d72d848c3e
jungle/jungle4crash.wav,audio,248532,2.817324,pcm_s16le,44100,1,audio/x-wav,https://raw.githubusercontent.com/ZBZFirst/file/master/samples/jungle/jungle4crash.wav,fdd71228da83c9faaca809dea2ed8940a4d921751936c55a48804535ded44725
jungle/jungle4hit1.wav,audio,21064,0.238322,pcm_s16le,44100,1,audio/x-wav,https://raw.githubusercontent.com/ZBZFirst/file/master/samples/jungle/jungle4hit1.wav,f9bf645238828f1768d40e1a9a514470a2a02708223b248f04efb00c49ff8a9a
jungle/jungle4hit2.wav,audio,25554,0.289229,pcm_s16le,44100,1,audio/x-wav,https://raw.githubusercontent.com/ZBZFirst/file/master/samples/jungle/jungle4hit2.wav,75c6fb3ecd18449fc8d96b4da6f63dbde56e37822eb67dddc970ca416357dbca
jungle/jungle4hit3.wav,audio,185902,2.107234,pcm_s16le,44100,1,audio/x-wav,https://raw.githubusercontent.com/ZBZFirst/file/master/samples/jungle/jungle4hit3.wav,a777b9b1f766fd9c98cd7752fb67de770c85347f98b5b708af76acae2029e08d
jungle/jungle4kick1.wav,audio,29774,0.337075,pcm_s16le,44100,1,audio/x-wav,https://raw.githubusercontent.com/ZBZFirst/file/master/samples/jungle/jungle4kick1.wav,c27d0da711562435ab220fa1ae4d91f5d7cf8dd699daf19c485a578f52dbf1f8
jungle/jungle4kick2.wav,audio,34916,0.395374,pcm_s16le,44100,1,audio/x-wav,https://raw.githubusercontent.com/ZBZFirst/file/master/samples/jungle/jungle4kick2.wav,0b88e5ca2e14c2369467b2c9e7728f70f296e47a94fc01fd1c8afd65b3174520
jungle/jungle4openhh.wav,audio,112172,1.271293,pcm_s16le,44100,1,audio/x-wav,https://raw.githubusercontent.com/ZBZFirst/file/master/samples/jungle/jungle4openhh.wav,179f887e56e43c8d694f0c67a07ebc0ba56faac8078f59458149b75d6c28d472
jungle/jungle4perc1.wav,audio,18864,0.213379,pcm_s16le,44100,1,audio/x-wav,https://raw.githubusercontent.com/ZBZFirst/file/master/samples/jungle/jungle4perc1.wav,ac0a9d7c3a00d9cafc36ef909f7564cf50130532ae2894bdd7caade23508db43
jungle/jungle4perc2.wav,audio,80786,0.915442,pcm_s16le,44100,1,audio/x-wav,https://raw.githubusercontent.com/ZBZFirst/file/master/samples/jungle/jungle4perc2.wav,d9e5ec4be45504529e709f5b57eb83510f4e81e15a95d7ca6f27eae4f122ea3d
jungle/jungle4ride.wav,audio,145452,1.648617,pcm_s16le,44100,1,audio/x-wav,https://raw.githubusercontent.com/ZBZFirst/file/master/samples/jungle/jungle4ride.wav,681bb10941743361aa48ef026d9cda09f1c0aba47dff8a547ab41bec01d9d158
jungle/jungle4snare1.wav,audio,22528,0.254921,pcm_s16le,44100,1,audio/x-wav,https://raw.githubusercontent.com/ZBZFirst/file/master/samples/jungle/jungle4snare1.wav,cb3345a8207c5c0cb64e3277b81dadf391e2ecfda761809fdacc15d0c20551d4
jungle/jungle4snare2.wav,audio,19092,0.215964,pcm_s16le,44100,1,audio/x-wav,https://raw.githubusercontent.com/ZBZFirst/file/master/samples/jungle/jungle4snare2.wav,b818f8acebf641426d8b2480aed2494220b085b16821679a0ffb6663450e4d18
juno/00_juno_raw_low.wav,audio,44395,0.33,pcm_s24le,44100,1,audio/x-wav,https://raw.githubusercontent.com/ZBZFirst/file/master/samples/juno/00_juno_raw_low.wav,e0b33774aa8bfcac6391e2e3b0efc975ef475479b664e23b717a9c05c3321eac
juno/01_juno_raw_mid.wav,audio,45718,0.34,pcm_s24le,44100,1,audio/x-wav,https://raw.githubusercontent.com/ZBZFirst/file/master/samples/juno/01_juno_raw_mid.wav,50c0e93f57536fc8646762987be888eb01c1cafed1046d4b5fc082e131a04809
juno/02_juno_raw_high.wav,audio,43072,0.32,pcm_s24le,44100,1,audio/x-wav,https://raw.githubusercontent.com/ZBZFirst/file/master/samples/juno/02_juno_raw_high.wav,ee795888b137974a7464d058100fedee13b5983a91863b42d30684c2164a59ca
juno/03_juno_chorus_low.wav,audio,43072,0.32,pcm_s24le,44100,1,audio/x-wav,https://raw.githubusercontent.com/ZBZFirst/file/master/samples/juno/03_juno_chorus_low.wav,6085d02ea5277b3a2a45b5182b687cefcd930078842d39f563a81b4a18a0f3b6
juno/04_juno_chorus_mid.wav,audio,41749,0.31,pcm_s24le,44100,1,audio/x-wav,https://raw.githubusercontent.com/ZBZFirst/file/master/samples/juno/04_juno_chorus_mid.wav,b9702d201be3d20e1e770965137d3307bf75241554b27cf620bffc781503a75e
juno/05_juno_chorus_high.wav,audio,51199,0.381429,pcm_s24le,44100,1,audio/x-wav,https://raw.githubusercontent.com/ZBZFirst/file/master/samples/juno/05_juno_chorus_high.wav,0a26d37c185607926dc22fcb698ea3999f83606eb0809efe96d4a62417825934
juno/06_juno_release_low.wav,audio,201832,1.52,pcm_s24le,44100,1,audio/x-wav,https://raw.githubusercontent.com/ZBZFirst/file/master/samples/juno/06_juno_release_low.wav,3eca8d959785988943a09fe03b801659c01b06b0a5c6497daa6dfbf6126d853e
juno/07_juno_release_mid.wav,audio,201832,1.52,pcm_s24le,44100,1,audio/x-wav,https://raw.githubusercontent.com/ZBZFirst/file/master/samples/juno/07_juno_release_mid.wav,121400302174209ef1212328c5a89076e8ae92d6bb0f0dbc81e5b4e5d5d74a89
juno/08_juno_release_high.wav,audio,201832,1.52,pcm_s24le,44100,1,audio/x-wav,https://raw.githubusercontent.com/ZBZFirst/file/master/samples/juno/08_juno_release_high.wav,704edc09cba2c11c822e260be21c8482a958451457fb190b261929d846ce632b
juno/09_juno_pad_c_minor_filter.wav,audio,446515,3.369456,pcm_s24le,44100,1,audio/x-wav,https://raw.githubusercontent.com/ZBZFirst/file/master/samples/juno/09_juno_pad_c_minor_filter.wav,8cfe07a304a306a1912fcb35e4187d19ba38c22410be01283235982f740b5db4
juno/10_juno_pad_c_minor_no_filter.wav,audio,446515,3.369456,pcm_s24le,44100,1,audio/x-wav,https://raw.githubusercontent.com/ZBZFirst/file/master/samples/juno/10_juno_pad_c_minor_no_filter.wav,c2eb6390a63c103ddcd035e5aeb6a1bf3ffa30e8a5aebd3bbba342377486e32a
juno/11_juno_pad_c_minor_noise.wav,audio,705644,4.0,pcm_s16le,44100,2,audio/x-wav,https://raw.githubusercontent.com/ZBZFirst/file/master/samples/juno/11_juno_pad_c_minor_noise.wav,5044422967e84d926daf3459ffbf977f863b871491df93d0c6ec07ca1ae79748
jvbass/000_01.wav,audio,39340,0.445533,pcm_s16le,44100,1,audio/x-wav,https://raw.githubusercontent.com/ZBZFirst/file/master/samples/jvbass/000_01.wav,08daee1114ae17de07c1a28fc4eed947a604c780f5d6e515e0e1cd70da091d8a
jvbass/001_02.wav,audio,34220,0.387483,pcm_s16le,44100,1,audio/x-wav,https://raw.githubusercontent.com/ZBZFirst/file/master/samples/jvbass/001_02.wav,7d448b0c3aff2691d73d6c7cf20ad8f8aaff72d901cc79ebb7ea40d82b8de719
jvbass/002_03.wav,audio,35948,0.407075,pcm_s16le,44100,1,audio/x-wav,https://raw.githubusercontent.com/ZBZFirst/file/master/samples/jvbass/002_03.wav,a92763ee8fff9b299f805e6a918bc8f6bc9c19dc447ef9863ff75b91dee566f4
jvbass/003_04.wav,audio,32620,0.369342,pcm_s16le,44100,1,audio/x-wav,https://raw.githubusercontent.com/ZBZFirst/file/master/samples/jvbass/003_04.wav,15f0605d325633fa1e2a37f62df2a13afb8c5a81d76e78f37fdcbf865f05cd00
jvbass/004_05.wav,audio,26924,0.304762,pcm_s16le,44100,1,audio/x-wav,https://raw.githubusercontent.com/ZBZFirst/file/master/samples/jvbass/004_05.wav,fa8aefd0de039871f78d0361f96c3d6fd705281cc7b94097c7b1bf693b47738f
jvbass/005_06.wav,audio,26284,0.297506,pcm_s16le,44100,1,audio/x-wav,https://raw.githubusercontent.com/ZBZFirst/file/master/samples/jvbass/005_06.wav,5a1ec36b400679991b5bf6ae3b38e631857a016e979bde2eec512f91fbc2e94e
jvbass/006_07.wav,audio,21164,0.239456,pcm_s16le,44100,1,audio/x-wav,https://raw.githubusercontent.com/ZBZFirst/file/master/samples/jvbass/006_07.wav,fda51222166d17d62373de72f34864ce0036726cb6fe5f18bc7177f075837935
jvbass/007_08.wav,audio,21388,0.241995,pcm_s16le,44100,1,audio/x-wav,https://raw.githubusercontent.com/ZBZFirst/file/master/samples/jvbass/007_08.wav,cd3b75955968b16e552b62e76ab33c9068efc2c3572d50c0d07170341f5408ce
jvbass/008_09.wav,audio,20460,0.231474,pcm_s16le,44100,1,audio/x-wav,https://raw.githubusercontent.com/ZBZFirst/file/master/samples/jvbass/008_09.wav,6f7d26cef122ca8cdaf92b0030d76bf73b4a089151f4a09ff86799fbd1e5a251
jvbass/009_10.wav,audio,17356,0.196281,pcm_s16le,44100,1,audio/x-wav,https://raw.githubusercontent.com/ZBZFirst/file/master/samples/jvbass/009_10.wav,0296151bc071c002cbc8321cf416a75d08ffafca2317b047e1a0eccee19c0005
jvbass/010_11.wav,audio,15692,0.177415,pcm_s16le,44100,1,audio/x-wav,https://raw.githubusercontent.com/ZBZFirst/file/master/samples/jvbass/010_11.wav,be4f6014325d480cfcebab07b5422e802ec655045042766d33421cc85a7d1536
jvbass/011_12.wav,audio,19052,0.21551,pcm_s16le,44100,1,audio/x-wav,https://raw.githubusercontent.com/ZBZFirst/file/master/samples/jvbass/011_12.wav,26cc84dd85b5db56a3215d7edb6fe9ee1e6e3bd965736ee10ce84c9cc152060e
jvbass/012_13.wav,audio,17516,0.198095,pcm_s16le,44100,1,audio/x-wav,https://raw.githubusercontent.com/ZBZFirst/file/master/samples/jvbass/012_13.wav,f20fcebd10f518c706fa2ef92e543680aaee94b3713e5a6eccd2c5075c71851a
kicklinn/Linn Kick 1.wav,audio,17742,0.200658,pcm_s16le,44100,1,audio/x-wav,https://raw.githubusercontent.com/ZBZFirst/file/master/samples/kicklinn/Linn Kick 1.wav,cf51094b485770322cd5abd1857786eecf17c16d052a2b95f1c6d2386c68f43a
koy/01_left.wav,audio,346174,3.924376,pcm_s16le,44100,1,audio/x-wav,https://raw.githubusercontent.com/ZBZFirst/file/master/samples/koy/01_left.wav,353842a5cd320b9098554050f348aef3b3b99e6d25ab236dff60dd9755855da2
koy/02_right.wav,audio,346174,3.924376,pcm_s16le,44100,1,audio/x-wav,https://raw.githubusercontent.com/ZBZFirst/file/master/samples/koy/02_right.wav,979e7fcf8edd3482de4805da9722c0d0b1a46f4c7f02a65312cfa2b3c6ef2cbb
kurt/000_kurt01.wav,audio,12860,0.145306,pcm_s16le,44100,1,audio/x-wav,https://raw.githubusercontent.com/ZBZFirst/file/master/samples/kurt/000_kurt01.wav,cbb07a54fc7ab41706e85c6acbf6dce091321a2635f66168e8ba472e4489d5be
kurt/001_kurt02.wav,audio,33260,0.376599,pcm_s16le,44100,1,audio/x-wav,https://raw.githubusercontent.com/ZBZFirst/file/master/samples/kurt/001_kurt02.wav,1fda2c154a7deb75f13b7c2169d6a9aa37d2e7163238a925ab878ec0057c1ac2
kurt/002_kurt03.wav,audio,17964,0.203175,pcm_s16le,44100,1,audio/x-wav,https://raw.githubusercontent.com/ZBZFirst/file/master/samples/kurt/002_kurt03.wav,167006823ec8930e539c1209d14f6c4ad600f1d37d4614d9bba1614856a0f8eb
kurt/003_kurt04.wav,audio,21068,0.238367,pcm_s16le,44100,1,audio/x-wav,https://raw.githubusercontent.com/ZBZFirst/file/master/samples/kurt/003_kurt04.wav,8c86f6157186db27c2361057c14e0045734b4458461e7bb6716737c49339d5ed
kurt/004_kurt05.wav,audio,35372,0.400544,pcm_s16le,44100,1,audio/x-wav,https://raw.githubusercontent.com/ZBZFirst/file/master/samples/kurt/004_kurt05.wav,fc0a8ec16dbe2cb6b30a25d71c7dc113d8ce77855f8e21d8073c0df297297e07
kurt/005_kurt06.wav,audio,237612,2.693515,pcm_s16le,44100,1,audio/x-wav,https://raw.githubusercontent.com/ZBZFirst/file/master/samples/kurt/005_kurt06.wav,15670d18220f1dd62a59bac99d27a011d2d2f2353fe2767b1553ca6bb4041b6c
kurt/006_kurt07.wav,audio,201772,2.287166,pcm_s16le,44100,1,audio/x-wav,https://raw.githubusercontent.com/ZBZFirst/file/master/samples/kurt/006_kurt07.wav,74936057f8f900613a7979bd1738d21bb7ad51b4d50dc63441dc628a712595a0
latibro/000_Sound2.wav,audio,34068,0.384762,pcm_s16le,44100,1,audio/x-wav,https://raw.githubusercontent.com/ZBZFirst/file/master/samples/latibro/000_Sound2.wav,03a3e2c88e450f4da53dab113796528e173fab310a5009e90f8d4447c4fe57f9
latibro/001_Sound3.wav,audio,36472,0.413016,pcm_s16le,44100,1,audio/x-wav,https://raw.githubusercontent.com/ZBZFirst/file/master/samples/latibro/001_Sound3.wav,421240d68a5d2bd252f0163ac51fdfcbcab12e129a2791f063b1db5ec1b08f11
latibro/002_Sound4.wav,audio,34950,0.394762,pcm_s16le,44100,1,audio/x-wav,https://raw.githubusercontent.com/ZBZFirst/file/master/samples/latibro/002_Sound4.wav,62f87ed21cbbb836956b419ced2535fe16074b3e49dbcd9fc4080f251a8be0dc
latibro/003_Sound5.wav,audio,37714,0.4261,pcm_s16le,44100,1,audio/x-wav,https://raw.githubusercontent.com/ZBZFirst/file/master/samples/latibro/003_Sound5.wav,04438cce9dd6a729b9d39fd94f71b45e520dce3b658c4549e0c0f2d5f2d45aae
latibro/004_Sound6.wav,audio,38706,0.437347,pcm_s16le,44100,1,audio/x-wav,https://raw.githubusercontent.com/ZBZFirst/file/master/samples/latibro/004_Sound6.wav,54494b983f86d316339a7d8707dae8bda571325d45901361dc8c10eaefbacef2
latibro/005_Sound7.wav,audio,39828,0.450068,pcm_s16le,44100,1,audio/x-wav,https://raw.githubusercontent.com/ZBZFirst/file/master/samples/latibro/005_Sound7.wav,0204ff563b3b03e6e40b138707fd1b56bfb13caea373171dd2c96ff5f238a625
latibro/006_Sound8.wav,audio,37824,0.428345,pcm_s16le,44100,1,audio/x-wav,https://raw.githubusercontent.com/ZBZFirst/file/master/samples/latibro/006_Sound8.wav,0c5247427c11575edcaa367001f557ed86a25370b34e35b6d46642c63693e3fe
latibro/007_Sound9.wav,audio,38792,0.43932,pcm_s16le,44100,1,audio/x-wav,https://raw.githubusercontent.com/ZBZFirst/file/master/samples/latibro/007_Sound9.wav,0f3bc26f3c37ffd5c631a868f59fdb20ddbce59eaadc87cb2d55cfee664aec46
led/000_foo.wav,audio,721000,8.174104,pcm_s16le,44100,1,audio/x-wav,https://raw.githubusercontent.com/ZBZFirst/file/master/samples/led/000_foo.wav,2dcb86ca6bae4186dfa0ddf2e9a7dea56b923ff7d61ae4acfbe97d10b0772b8b
less/bass2.wav,audio,111508,1.263152,pcm_s16le,44100,1,audio/x-wav,https://raw.githubusercontent.com/ZBZFirst/file/master/samples/less/bass2.wav,f17ab227cce1c2d420cdb7aa43139e9b3eaa000ca73496aac4bbfd381b9367a0
less/hhxx.wav,audio,27950,0.315782,pcm_s16le,44100,1,audio/x-wav,https://raw.githubusercontent.com/ZBZFirst/file/master/samples/less/hhxx.wav,ed1aeb19e205a82eb71eace38fdd5715dfa904f17ebc734b8f99d83aae5a0a0f
less/kicklesshuman.wav,audio,27950,0.315782,pcm_s16le,44100,1,audio/x-wav,https://raw.githubusercontent.com/ZBZFirst/file/master/samples/less/kicklesshuman.wav,8c99820bfc0e2b84d08b5cb0672465c4b434d0cdeb1d3ea1ff4b1cc1a7c3b8d5
less/snare.wav,audio,111508,1.263152,pcm_s16le,44100,1,audio/x-wav,https://raw.githubusercontent.com/ZBZFirst/file/master/samples/less/snare.wav,8d498205e0d2e170bfaf7412efe2ca18fbf9e504ca42448c60ac330e6d0dc219
lighter/000_0.wav,audio,7084,0.079819,pcm_s16le,44100,1,audio/x-wav,https://raw.githubusercontent.com/ZBZFirst/file/master/samples/lighter/000_0.wav,7942016e8fdff2d88dd75947b432c97023b96abd0a827c1e204691bdd2ff428b
lighter/001_1.wav,audio,9066,0.10229,pcm_s16le,44100,1,audio/x-wav,https://raw.githubusercontent.com/ZBZFirst/file/master/samples/lighter/001_1.wav,4e8b9efd0109f5446b498d2677c3edf7d7702f904d49fa8844a13646923e9821
lighter/002_2.wav,audio,12428,0.140408,pcm_s16le,44100,1,audio/x-wav,https://raw.githubusercontent.com/ZBZFirst/file/master/samples/lighter/002_2.wav,9ff301bf4ae89a70307c20ee9c73ca752dedde4322f7a8c33f1578c5e5a851e6
lighter/003_3.wav,audio,6044,0.068027,pcm_s16le,44100,1,audio/x-wav,https://raw.githubusercontent.com/ZBZFirst/file/master/samples/lighter/003_3.wav,16a2c793ce6900793983bf208f164eed6866da05c7a97da53277c20ab66bb96a
lighter/004_4.wav,audio,5588,0.062857,pcm_s16le,44100,1,audio/x-wav,https://raw.githubusercontent.com/ZBZFirst/file/master/samples/lighter/004_4.wav,f79555f5d41d663db906e6bd8a2d27e80c651cedf62b75bfddbfe6655dcea1f0
lighter/005_5.wav,audio,10204,0.115193,pcm_s16le,44100,1,audio/x-wav,https://raw.githubusercontent.com/ZBZFirst/file/master/samples/lighter/005_5.wav,687851d9e814e64f6d2c1e1dea080c28ada661a93ebcb5f50469b0476cb83756
lighter/006_6.wav,audio,7660,0.086349,pcm_s16le,44100,1,audio/x-wav,https://raw.githubusercontent.com/ZBZFirst/file/master/samples/lighter/006_6.wav,1957249ae8f3b9febab6bbc77e6e3685fbbbdca8470d2a06dde9301651dc695a
lighter/007_7.wav,audio,8812,0.09941,pcm_s16le,44100,1,audio/x-wav,https://raw.githubusercontent.com/ZBZFirst/file/master/samples/lighter/007_7.wav,8f166ad941a45b45daf1cbb7ce8b2d992a2c96ad98309b2dc12bd55582c5232a
lighter/008_8.wav,audio,64016,0.725306,pcm_s16le,44100,1,audio/x-wav,https://raw.githubusercontent.com/ZBZFirst/file/master/samples/lighter/008_8.wav,e86ccce977e86fb205ffd08012c71dfe2081a597e020f2d6cbe77b497ec60758
lighter/009_9.wav,audio,6060,0.068209,pcm_s16le,44100,1,audio/x-wav,https://raw.githubusercontent.com/ZBZFirst/file/master/samples/lighter/009_9.wav,931da489ccc3223112eaa0bfe58f9ccfa665933437c24ea1256a5275c33ed869
lighter/010_10.wav,audio,7564,0.085261,pcm_s16le,44100,1,audio/x-wav,https://raw.githubusercontent.com/ZBZFirst/file/master/samples/lighter/010_10.wav,e482ee8895fe8013b03f9cc9bc99b3e14f83afa7febc15af4af15cadcc10d0cb
lighter/011_11.wav,audio,7514,0.084694,pcm_s16le,44100,1,audio/x-wav,https://raw.githubusercontent.com/ZBZFirst/file/master/samples/lighter/011_11.wav,9ec2f93dcfed1d67700d07e4d2fb04d14f22617da0c7f6489fa3c135a0c8f8fb
lighter/012_12.wav,audio,11724,0.132426,pcm_s16le,44100,1,audio/x-wav,https://raw.githubusercontent.com/ZBZFirst/file/master/samples/lighter/012_12.wav,e22ed65a1438e7d570b6e3c4e47794dea8fc332c98db7a98bbaaab56026283a8
lighter/013_13.wav,audio,7964,0.089796,pcm_s16le,44100,1,audio/x-wav,https://raw.githubusercontent.com/ZBZFirst/file/master/samples/lighter/013_13.wav,f6091c6af6834c7612acf0e76b74b928314c2031e035b07bbb80850b002d80db
lighter/014_14.wav,audio,4732,0.053152,pcm_s16le,44100,1,audio/x-wav,https://raw.githubusercontent.com/ZBZFirst/file/master/samples/lighter/014_14.wav,cfb15f95b01027c1b2e6358b8087feab90c67bc1e53d8d65de347271cd620e7e
lighter/015_15.wav,audio,1324,0.014512,pcm_s16le,44100,1,audio/x-wav,https://raw.githubusercontent.com/ZBZFirst/file/master/samples/lighter/015_15.wav,8ec072f7875ee8eb67e16478eba1cd4de20b5c51617beef7260c8d0038e92e16
lighter/016_16.wav,audio,4636,0.052063,pcm_s16le,44100,1,audio/x-wav,https://raw.githubusercontent.com/ZBZFirst/file/master/samples/lighter/016_16.wav,67ddcdef4437e7db9c8b9445eabebc8e2dcc71e27714a81f23deb3383ba388ea
lighter/017_17.wav,audio,27268,0.308662,pcm_s16le,44100,1,audio/x-wav,https://raw.githubusercontent.com/ZBZFirst/file/master/samples/lighter/017_17.wav,24b3d6aae23796ee2279aa17356f29592206da8e59c65669c4ffee23c2ce9bb2
lighter/018_18.wav,audio,4260,0.0478,pcm_s16le,44100,1,audio/x-wav,https://raw.githubusercontent.com/ZBZFirst/file/master/samples/lighter/018_18.wav,8012d7699daec29de0877a0adbdd81c9a1e66d46c0ef626cfc81d150be4c02cd
lighter/019_19.wav,audio,4604,0.051701,pcm_s16le,44100,1,audio/x-wav,https://raw.githubusercontent.com/ZBZFirst/file/master/samples/lighter/019_19.wav,04d061876bb2b0dd56c34848fbfa8f9072f97b3b72091c5c8052051de3603682
lighter/020_20.wav,audio,5454,0.061338,pcm_s16le,44100,1,audio/x-wav,https://raw.githubusercontent.com/ZBZFirst/file/master/samples/lighter/020_20.wav,4ec02d9a8d11f9eea505b343e5474e5038661b15e87370f99a51401450cd3eea
lighter/021_21.wav,audio,6700,0.075465,pcm_s16le,44100,1,audio/x-wav,https://raw.githubusercontent.com/ZBZFirst/file/master/samples/lighter/021_21.wav,78fc58ae827495a1d88652b1b4aacef1026db1ca460b605ff7a39072587c86fe
lighter/022_22.wav,audio,608,0.006395,pcm_s16le,44100,1,audio/x-wav,https://raw.githubusercontent.com/ZBZFirst/file/master/samples/lighter/022_22.wav,4bf42da340538b9365b278b6a5beb083ca87ed4bc255f80d1e68f0ac024c32ae
lighter/023_23.wav,audio,7310,0.082381,pcm_s16le,44100,1,audio/x-wav,https://raw.githubusercontent.com/ZBZFirst/file/master/samples/lighter/023_23.wav,ddfc92462c890f80bbc7d700d27438af5b67ee3ef39601597f134392521fcae6
lighter/024_24.wav,audio,7052,0.079456,pcm_s16le,44100,1,audio/x-wav,https://raw.githubusercontent.com/ZBZFirst/file/master/samples/lighter/024_24.wav,41a100704d5b116cbf8c1d785b22ac4031e84e72bfad77b23a485cd7bedd8dcc
lighter/025_25.wav,audio,7656,0.086304,pcm_s16le,44100,1,audio/x-wav,https://raw.githubusercontent.com/ZBZFirst/file/master/samples/lighter/025_25.wav,6019255739b4d8c23363e74c17d2bb987282573992aad5164745e0e6d2ded712
lighter/026_26.wav,audio,3212,0.035918,pcm_s16le,44100,1,audio/x-wav,https://raw.githubusercontent.com/ZBZFirst/file/master/samples/lighter/026_26.wav,ac3e871d376c6df399dc3a96d8317099ca0a2f72f9a47b6a4a3cf3f0df6376b6
lighter/027_27.wav,audio,6070,0.068322,pcm_s16le,44100,1,audio/x-wav,https://raw.githubusercontent.com/ZBZFirst/file/master/samples/lighter/027_27.wav,31070427c7cb2b76d1bbaff22ac08db9d6d7ee11f4c9326282672911888afe37
lighter/028_28.wav,audio,3598,0.040295,pcm_s16le,44100,1,audio/x-wav,https://raw.githubusercontent.com/ZBZFirst/file/master/samples/lighter/028_28.wav,2a686a377de3f0785ee2e16b97d39883084a4d7efea2974aa3238c56aef8ffae
lighter/029_29.wav,audio,16558,0.187234,pcm_s16le,44100,1,audio/x-wav,https://raw.githubusercontent.com/ZBZFirst/file/master/samples/lighter/029_29.wav,425d61f32c2d9cc92be184e48d2e52f98beacbf7d836e7ddda054b7093c24b16
lighter/030_30.wav,audio,9358,0.105601,pcm_s16le,44100,1,audio/x-wav,https://raw.githubusercontent.com/ZBZFirst/file/master/samples/lighter/030_30.wav,89ea280ed44fc81a56e790ae836c1680a47dd1a04711bd22211fb416e97bc62d
lighter/031_31.wav,audio,16940,0.191565,pcm_s16le,44100,1,audio/x-wav,https://raw.githubusercontent.com/ZBZFirst/file/master/samples/lighter/031_31.wav,f0cc86a09ff6b111b3faa828d173853b0897278023c3003272bc708b7a24d086
lighter/032_32.wav,audio,8668,0.097778,pcm_s16le,44100,1,audio/x-wav,https://raw.githubusercontent.com/ZBZFirst/file/master/samples/lighter/032_32.wav,31dc369de734053ffc33aacc2168796d2f5308e95d0feafb767061f309b9f732
linnhats/1.wav,audio,22096,0.125011,pcm_s16le,44100,2,audio/x-wav,https://raw.githubusercontent.com/ZBZFirst/file/master/samples/linnhats/1.wav,12dda54e53957194f7ec2dae366e87dfd41e1b86fd8377c9822a8649b6549e29
linnhats/2.wav,audio,24896,0.140884,pcm_s16le,44100,2,audio/x-wav,https://raw.githubusercontent.com/ZBZFirst/file/master/samples/linnhats/2.wav,b986066708a96f4016a6a6a83a5a705d58495f98737de48c99d81f0377bc2540
linnhats/3.wav,audio,33168,0.187778,pcm_s16le,44100,2,audio/x-wav,https://raw.githubusercontent.com/ZBZFirst/file/master/samples/linnhats/3.wav,5cd501739705dea58a998b6558030e7da5454ea3f68c0bbe20c64cce12f409c9
linnhats/4.wav,audio,48172,0.272834,pcm_s16le,44100,2,audio/x-wav,https://raw.githubusercontent.com/ZBZFirst/file/master/samples/linnhats/4.wav,ac59cdfdd5d848254c831710cdf66f1c4a5b730338ef14dbea77a146ca0c0a92
linnhats/5.wav,audio,22096,0.125011,pcm_s16le,44100,2,audio/x-wav,https://raw.githubusercontent.com/ZBZFirst/file/master/samples/linnhats/5.wav,6db94b0ae564342d4734f76ed65d05995787b0324dd092eab61303c319eeb68c
linnhats/6.wav,audio,22096,0.125011,pcm_s16le,44100,2,audio/x-wav,https://raw.githubusercontent.com/ZBZFirst/file/master/samples/linnhats/6.wav,8cd13557de71d4713188cf30f0106e1e634588eadecf9ee803ffd1ccd503b322
lt/LT0D0.wav,audio,31528,0.356953,pcm_s16le,44101,1,audio/x-wav,https://raw.githubusercontent.com/ZBZFirst/file/master/samples/lt/LT0D0.wav,3a28ad6b105b43085e5f5cd83cb4f58eec28fa95e97ffb00f02dda1db4e4d02c
lt/LT0D3.wav,audio,38892,0.440444,pcm_s16le,44101,1,audio/x-wav,https://raw.githubusercontent.com/ZBZFirst/file/master/samples/lt/LT0D3.wav,3a0acadd80dca7960c143886c4d1ef4405824a66a152610745e53dfeb057f15d
lt/LT0D7.wav,audio,53198,0.602639,pcm_s16le,44101,1,audio/x-wav,https://raw.githubusercontent.com/ZBZFirst/file/master/samples/lt/LT0D7.wav,e1ec606b6e3bbef675d1b9dad0c55422f099de8e9421136a846a5beec7a3fb06
lt/LT0DA.wav,audio,60032,0.680121,pcm_s16le,44101,1,audio/x-wav,https://raw.githubusercontent.com/ZBZFirst/file/master/samples/lt/LT0DA.wav,17e0e92b9aa5abf0d4ea11b07d2fdc9189f87f7ecbc6d527eb778c549a7e08f2
lt/LT3D0.wav,audio,31138,0.352532,pcm_s16le,44101,1,audio/x-wav,https://raw.githubusercontent.com/ZBZFirst/file/master/samples/lt/LT3D0.wav,dbb9f6409ea48a28726127bf1dd5778f9ce88db52144462bbbfe224330738d5a
lt/LT3D3.wav,audio,39276,0.444797,pcm_s16le,44101,1,audio/x-wav,https://raw.githubusercontent.com/ZBZFirst/file/master/samples/lt/LT3D3.wav,b15ceedd848bd2cbdfb23b90f151993c13fabaf194b6fe7ddfa4d1ad9a0f9c7c
lt/LT3D7.wav,audio,54536,0.617809,pcm_s16le,44101,1,audio/x-wav,https://raw.githubusercontent.com/ZBZFirst/file/master/samples/lt/LT3D7.wav,2f8d8a567910f377b24097562271aeb12ba26993f77e70ed9c0810b16419bcb7
lt/LT3DA.wav,audio,59544,0.674588,pcm_s16le,44101,1,audio/x-wav,https://raw.githubusercontent.com/ZBZFirst/file/master/samples/lt/LT3DA.wav,7e9d5cf96a6e1fb7dc3a86b6c8eedf7c08635c08004e8bc0d42c564f4328b6ac
lt/LT7D0.wav,audio,32536,0.368382,pcm_s16le,44101,1,audio/x-wav,https://raw.githubusercontent.com/ZBZFirst/file/master/samples/lt/LT7D0.wav,c26afabb5a15c0199c65bca39f388e556c6fdcf9133293e47a0d0c838799423f
lt/LT7D3.wav,audio,42062,0.476384,pcm_s16le,44101,1,audio/x-wav,https://raw.githubusercontent.com/ZBZFirst/file/master/samples/lt/LT7D3.wav,e0136ba5e0e04106ff26392cef180897755bb011036247e044a96417a32b3e5c
lt/LT7D7.wav,audio,58146,0.658738,pcm_s16le,44101,1,audio/x-wav,https://raw.githubusercontent.com/ZBZFirst/file/master/samples/lt/LT7D7.wav,5ed216cc49a91e61060905ffcdee03f87f16f48bdd6d4fd2ab7366f54776ad39
lt/LT7DA.wav,audio,61950,0.701866,pcm_s16le,44101,1,audio/x-wav,https://raw.githubusercontent.com/ZBZFirst/file/master/samples/lt/LT7DA.wav,83ce0c853b93f56ac6ca0dd027756683e3937650506ef0ae0b835c7c00388ffb
lt/LTAD0.wav,audio,32358,0.366364,pcm_s16le,44101,1,audio/x-wav,https://raw.githubusercontent.com/ZBZFirst/file/master/samples/lt/LTAD0.wav,b5331e7b32ff713457ce701fe5c3c32bb263f1ff06af03731000639c080ecf76
lt/LTAD3.wav,audio,41936,0.474955,pcm_s16le,44101,1,audio/x-wav,https://raw.githubusercontent.com/ZBZFirst/file/master/samples/lt/LTAD3.wav,14accfb1925a63a933866aaf8b54d76b9a697f592ec9178872e434a4d1fb36bd
lt/LTAD7.wav,audio,57572,0.65223,pcm_s16le,44101,1,audio/x-wav,https://raw.githubusercontent.com/ZBZFirst/file/master/samples/lt/LTAD7.wav,b0272427c1a95d10527b65dd3bc1282f76cc6a42ab5454079131bb3c9766252e
lt/LTADA.wav,audio,63606,0.720641,pcm_s16le,44101,1,audio/x-wav,https://raw.githubusercontent.com/ZBZFirst/file/master/samples/lt/LTADA.wav,bb76e95d884dab44f50a77e1f6a81901443cd6a81320727aa0356b06dc0d102c
made/0.wav,audio,44146,0.500023,pcm_s16le,44100,1,audio/x-wav,https://raw.githubusercontent.com/ZBZFirst/file/master/samples/made/0.wav,07051c10ca22979e92e2a0b42d0c5fda3925489a17f05b07b6dc30031e6e6e41
made/1.wav,audio,44146,0.500023,pcm_s16le,44100,1,audio/x-wav,https://raw.githubusercontent.com/ZBZFirst/file/master/samples/made/1.wav,2ee083e0537b399bba5f15229b4960a387f844af8e5716782ba088b05d41d363
made/2.wav,audio,20332,0.230023,pcm_s16le,44100,1,audio/x-wav,https://raw.githubusercontent.com/ZBZFirst/file/master/samples/made/2.wav,5097116c07bf72dcb51182e34560e59563f099ff1ec3403a2666f1f12ad03760
made/3.wav,audio,44146,0.500023,pcm_s16le,44100,1,audio/x-wav,https://raw.githubusercontent.com/ZBZFirst/file/master/samples/made/3.wav,ea83609c608f6adbef98bc33cb11c019074d76aea50f3152711351586e35c16d
made/4.wav,audio,61784,0.7,pcm_s16le,44100,1,audio/x-wav,https://raw.githubusercontent.com/ZBZFirst/file/master/samples/made/4.wav,79ad54a16a1ba504fe2bd006bf4ac8f27095c3c9b5cb6b4731129fd054ae08d4
made/5.wav,audio,8866,0.100023,pcm_s16le,44100,1,audio/x-wav,https://raw.githubusercontent.com/ZBZFirst/file/master/samples/made/5.wav,286afa1c47429a008c3eb06147a3d693cfce2032c5a02bc3e32d3fad227db2ab
made/6.wav,audio,8866,0.100023,pcm_s16le,44100,1,audio/x-wav,https://raw.githubusercontent.com/ZBZFirst/file/master/samples/made/6.wav,169b65b1f158b681119ff80931586e09da17fb148a3defbb4da33503fa8e9f9d
made2/output.wav,audio,352846,4.000023,pcm_s16le,44100,1,audio/x-wav,https://raw.githubusercontent.com/ZBZFirst/file/master/samples/made2/output.wav,a7a217b11a8889627a9f83cb97e1ef42f53550bb58a68848e53bc4b8d0546d77
mash/0.wav,audio,44146,0.500023,pcm_s16le,44100,1,audio/x-wav,https://raw.githubusercontent.com/ZBZFirst/file/master/samples/mash/0.wav,d364b713c37a79e554ee3c118f9f919bc8ab7af45e51e92e0d4dce719c62387a
mash/1.wav,audio,44146,0.500023,pcm_s16le,44100,1,audio/x-wav,https://raw.githubusercontent.com/ZBZFirst/file/master/samples/mash/1.wav,d364b713c37a79e554ee3c118f9f919bc8ab7af45e51e92e0d4dce719c62387a
mash2/000_output.wav,audio,176446,2.000023,pcm_s16le,44100,1,audio/x-wav,https://raw.githubusercontent.com/ZBZFirst/file/master/samples/mash2/000_output.wav,3c8eed6fade05f4fb3224505306de5754e651c722683cb692107c00e00f2298e
mash2/001_output2.wav,audio,176446,2.000023,pcm_s16le,44100,1,audio/x-wav,https://raw.githubusercontent.com/ZBZFirst/file/master/samples/mash2/001_output2.wav,86cc7ddacf17a24d60336a317c98d538d9972b31aee7ba635f73e24c16f3f9f7
mash2/002_output3.wav,audio,44146,0.500023,pcm_s16le,44100,1,audio/x-wav,https://raw.githubusercontent.com/ZBZFirst/file/master/samples/mash2/002_output3.wav,13e324cd4da43c068d83dd4d2472694374f00c60d38dca04b4c1d4ca664f6a53
mash2/003_output4.wav,audio,8866,0.100023,pcm_s16le,44100,1,audio/x-wav,https://raw.githubusercontent.com/ZBZFirst/file/master/samples/mash2/003_output4.wav,645a1fc022080efbe34252e1bee902dddf92ac6f6cadc7c05e7a3919eaa2cc56
metal/000_0.wav,audio,37860,0.426621,pcm_s16le,44100,1,audio/x-wav,https://raw.githubusercontent.com/ZBZFirst/file/master/samples/metal/000_0.wav,8c97af0da25f30fef11f644b8086245a3ac1211a4375d3533eaca6e7d5c0fb82
metal/001_1.wav,audio,36188,0.407664,pcm_s16le,44100,1,audio/x-wav,https://raw.githubusercontent.com/ZBZFirst/file/master/samples/metal/001_1.wav,f84282295ed50d0399cc2df8e3501ca0771aad7b9af67c7b86e51b3a046e9497
metal/002_2.wav,audio,33086,0.372494,pcm_s16le,44100,1,audio/x-wav,https://raw.githubusercontent.com/ZBZFirst/file/master/samples/metal/002_2.wav,892a80d37c9e3f358bfd4fa587986f67bc84b57fc2c2560f7c6e6142ae376514
metal/003_3.wav,audio,33168,0.373424,pcm_s16le,44100,1,audio/x-wav,https://raw.githubusercontent.com/ZBZFirst/file/master/samples/metal/003_3.wav,97d6a92b4b6c70dc0794d391b5d70ba7b4346200e58a9736b2adfe30f5e94a3f
metal/004_4.wav,audio,29808,0.335329,pcm_s16le,44100,1,audio/x-wav,https://raw.githubusercontent.com/ZBZFirst/file/master/samples/metal/004_4.wav,a7ee7f322ebf66c8f6d0de8f70d24dba3377f6c0741d0b00fd2c63693a613907
metal/005_5.wav,audio,34616,0.389841,pcm_s16le,44100,1,audio/x-wav,https://raw.githubusercontent.com/ZBZFirst/file/master/samples/metal/005_5.wav,c6ac5e2a515bba1b3dffb4638d9da09b17b7ddd3284d80c4d9761ab54d06acb6
metal/006_6.wav,audio,38162,0.430045,pcm_s16le,44100,1,audio/x-wav,https://raw.githubusercontent.com/ZBZFirst/file/master/samples/metal/006_6.wav,7ed24505d420521073e242fba7c5a4bab0b3d81bbee96e1e74c04f997189dc78
metal/007_7.wav,audio,34360,0.386939,pcm_s16le,44100,1,audio/x-wav,https://raw.githubusercontent.com/ZBZFirst/file/master/samples/metal/007_7.wav,d58e5efe84eb92e181584a4c214e6c2aaba18d44db092fb1db8c244848515398
metal/008_8.wav,audio,36598,0.412313,pcm_s16le,44100,1,audio/x-wav,https://raw.githubusercontent.com/ZBZFirst/file/master/samples/metal/008_8.wav,ecb90357e9ed6983a3d7ffe866a4a41f00f4573f9c096b0275b73b7f0f273450
metal/009_9.wav,audio,39388,0.443946,pcm_s16le,44100,1,audio/x-wav,https://raw.githubusercontent.com/ZBZFirst/file/master/samples/metal/009_9.wav,656c159d04c1e21da8598d9816d7bce0b10534f734cc181d51074adb0ad2f40f
miniyeah/000_Sound0.wav,audio,1520,0.014603,pcm_s16le,44100,1,audio/x-wav,https://raw.githubusercontent.com/ZBZFirst/file/master/samples/miniyeah/000_Sound0.wav,83a263897e43f6bdf03687dd8dcd277d78b99c41b8669c145b3bf80a16eb2a09
miniyeah/001_Sound11.wav,audio,1932,0.019274,pcm_s16le,44100,1,audio/x-wav,https://raw.githubusercontent.com/ZBZFirst/file/master/samples/miniyeah/001_Sound11.wav,8fefa069d7a078487e6de6b9835ce1f32d49dc0c8dc923af762aeca59312e46b
miniyeah/002_Sound23.wav,audio,1444,0.013741,pcm_s16le,44100,1,audio/x-wav,https://raw.githubusercontent.com/ZBZFirst/file/master/samples/miniyeah/002_Sound23.wav,ab71812978cac6ebcaef1fa2607edbd4a2f2d0367dff32611570fa8a1c145afe
miniyeah/003_Sound36.wav,audio,1076,0.009569,pcm_s16le,44100,1,audio/x-wav,https://raw.githubusercontent.com/ZBZFirst/file/master/samples/miniyeah/003_Sound36.wav,70069fdcbd2ecccbc75ba37dc0abb14d049a3a01133a1b5379c59eda1d913080
monsterb/000_jumpdown.wav,audio,9666,0.436372,pcm_u8,22050,1,audio/x-wav,https://raw.githubusercontent.com/ZBZFirst/file/master/samples/monsterb/000_jumpdown.wav,66226f19f952eed7fc2c722ec77cb48bb7e1ff8cc3ac2dab5aaff55462a0e791
monsterb/001_laughter.wav,audio,58122,2.633923,pcm_u8,22050,1,audio/x-wav,https://raw.githubusercontent.com/ZBZFirst/file/master/samples/monsterb/001_laughter.wav,2fb8dd23c07402e072c84e34e1383a902c9419578d37704659de4d488fb9d374
monsterb/002_tongue.wav,audio,3760,0.168526,pcm_u8,22050,1,audio/x-wav,https://raw.githubusercontent.com/ZBZFirst/file/master/samples/monsterb/002_tongue.wav,82507bb39efd02ad41fe6baa8cb800b4c18a44350602b98e3618be03c5b102d1
monsterb/003_warping.wav,audio,9714,0.438549,pcm_u8,22050,1,audio/x-wav,https://raw.githubusercontent.com/ZBZFirst/file/master/samples/monsterb/003_warping.wav,a5fd9a801ccde236e2fe320c5f509d5f6782f23b41587ccdac578d74e1dbe7b1
monsterb/004_wolfman.wav,audio,13320,0.602086,pcm_u8,22050,1,audio/x-wav,https://raw.githubusercontent.com/ZBZFirst/file/master/samples/monsterb/004_wolfman.wav,5d09bd0efb9afbfccb3d305d26030fd17f0ad8a480352020a94c2e32f6590c4a
monsterb/005_zap.wav,audio,10558,0.476825,pcm_u8,22050,1,audio/x-wav,https://raw.githubusercontent.com/ZBZFirst/file/master/samples/monsterb/005_zap.wav,c680e38b3cfa4845dae3c7f6376c04a07badf0c2e0ec0ecb614dd938220e953e
moog/000_Mighty Moog C2.wav,audio,470064,5.327891,pcm_s16le,44100,1,audio/x-wav,https://raw.githubusercontent.com/ZBZFirst/file/master/samples/moog/000_Mighty Moog C2.wav,66f8a6a90ba908975bd5c5c5f437b4768ffe028fef79bd76a7ba18ac5a09485e
moog/001_Mighty Moog C3.wav,audio,470400,5.331701,pcm_s16le,44100,1,audio/x-wav,https://raw.githubusercontent.com/ZBZFirst/file/master/samples/moog/001_Mighty Moog C3.wav,8f5d07cd37ad478c4a51da3a6631c70bdd6c36b361b77e90f7a0da0470069ed0
moog/002_Mighty Moog C4.wav,audio,470570,5.333628,pcm_s16le,44100,1,audio/x-wav,https://raw.githubusercontent.com/ZBZFirst/file/master/samples/moog/002_Mighty Moog C4.wav,35b8ce77cb50d273819392d8903e137238e4929771693b36af9f695925505f67
moog/003_Mighty Moog G1.wav,audio,473760,5.369796,pcm_s16le,44100,1,audio/x-wav,https://raw.githubusercontent.com/ZBZFirst/file/master/samples/moog/003_Mighty Moog G1.wav,0c4d875a1ebe77cd22a7e829c97cbfe840938ab2118b302f7fb99f9b7f40aec9
moog/004_Mighty Moog G2.wav,audio,470360,5.331247,pcm_s16le,44100,1,audio/x-wav,https://raw.githubusercontent.com/ZBZFirst/file/master/samples/moog/004_Mighty Moog G2.wav,f1064ec2242d3179dfe4f1bf070e11ddfb6f0edf5832ebae2e262fa8a5ab2b66
moog/005_Mighty Moog G3.wav,audio,470584,5.333787,pcm_s16le,44100,1,audio/x-wav,https://raw.githubusercontent.com/ZBZFirst/file/master/samples/moog/005_Mighty Moog G3.wav,f4b586bf79e1c0485765d4623a59575447216e0f8b272e4f3be855d349d0be6b
moog/006_Mighty Moog G4.wav,audio,470384,5.331519,pcm_s16le,44100,1,audio/x-wav,https://raw.githubusercontent.com/ZBZFirst/file/master/samples/moog/006_Mighty Moog G4.wav,03cb250e2a7ba11b42785d2abfe8bbada5ef81897cb044945b8bf606d7ea791f
mouth/000_1.wav,audio,558,0.00483,pcm_s16le,44100,1,audio/x-wav,https://raw.githubusercontent.com/ZBZFirst/file/master/samples/mouth/000_1.wav,98251b1ffc9683a5103be5455ab60b25f5d9c07f23450eda4f6f17617c4c4cea
mouth/001_10.wav,audio,5492,0.060771,pcm_s16le,44100,1,audio/x-wav,https://raw.githubusercontent.com/ZBZFirst/file/master/samples/mouth/001_10.wav,ca512161096c9287b48cda8bce22cc7b3ba14f13a60d5728996174da679a9597
mouth/002_11.wav,audio,740,0.006893,pcm_s16le,44100,1,audio/x-wav,https://raw.githubusercontent.com/ZBZFirst/file/master/samples/mouth/002_11.wav,1980ef1752aa8a9c30ce0f63ff750dcecf02249857bea16b2fdbd150eb2e2fc0
mouth/003_12.wav,audio,1972,0.020862,pcm_s16le,44100,1,audio/x-wav,https://raw.githubusercontent.com/ZBZFirst/file/master/samples/mouth/003_12.wav,aca003fb9b1ab94ee8396bcaf2e244f987bac182a93a8e599cf535b4990418a5
mouth/004_13.wav,audio,6598,0.073311,pcm_s16le,44100,1,audio/x-wav,https://raw.githubusercontent.com/ZBZFirst/file/master/samples/mouth/004_13.wav,6ac43e847720c70e27731c6a606974f55bb0bbe9802e63eb4743ea6609994607
mouth/005_14.wav,audio,984,0.00966,pcm_s16le,44100,1,audio/x-wav,https://raw.githubusercontent.com/ZBZFirst/file/master/samples/mouth/005_14.wav,bf6ec261442e0a72fcc3dbcc58f2aa65d57592f6a121f2d7f81285c581b53f54
mouth/006_15.wav,audio,4316,0.047438,pcm_s16le,44100,1,audio/x-wav,https://raw.githubusercontent.com/ZBZFirst/file/master/samples/mouth/006_15.wav,ed12170ad7ea615377e1e7fdef634f56920d2372208821d9bde3376a49d9cef2
mouth/007_2.wav,audio,1988,0.021043,pcm_s16le,44100,1,audio/x-wav,https://raw.githubusercontent.com/ZBZFirst/file/master/samples/mouth/007_2.wav,197c01dc5d01d668a0039e3bdfc329d1917e5b7bc8923dc6e1657ac5dacf1d0b
mouth/008_3.wav,audio,1708,0.017868,pcm_s16le,44100,1,audio/x-wav,https://raw.githubusercontent.com/ZBZFirst/file/master/samples/mouth/008_3.wav,5f29333f7f09a22476415fc06a3fc0c4f9316df6c5e7f3e83c7da0f3b832205f
mouth/009_4.wav,audio,5062,0.055896,pcm_s16le,44100,1,audio/x-wav,https://raw.githubusercontent.com/ZBZFirst/file/master/samples/mouth/009_4.wav,28bea2f2f9b55b86cd86a90499812d2dab479b27642aeff2625a2ce09e111b08
mouth/010_5.wav,audio,1974,0.020884,pcm_s16le,44100,1,audio/x-wav,https://raw.githubusercontent.com/ZBZFirst/file/master/samples/mouth/010_5.wav,dd3702a991b194aa7c193f76c1f2c6c0d6583eeafc0064b379f911248ddbf273
mouth/011_6.wav,audio,5860,0.064943,pcm_s16le,44100,1,audio/x-wav,https://raw.githubusercontent.com/ZBZFirst/file/master/samples/mouth/011_6.wav,d2ab14979e3e32a21820d2fa33029ec713316aa6953574dfda9f48c5c02e14f2
mouth/012_7.wav,audio,4796,0.05288,pcm_s16le,44100,1,audio/x-wav,https://raw.githubusercontent.com/ZBZFirst/file/master/samples/mouth/012_7.wav,ff8540c3136f714c673eaa5df83df11f77e6639782ca27adfcf3d3714aec5db4
mouth/013_8.wav,audio,1320,0.013469,pcm_s16le,44100,1,audio/x-wav,https://raw.githubusercontent.com/ZBZFirst/file/master/samples/mouth/013_8.wav,0ceed4688a502660066c26ad4f7d7ca5ad7f1f4ccc58ac5acd6d04985a63c7f1
mouth/014_9.wav,audio,6564,0.072925,pcm_s16le,44100,1,audio/x-wav,https://raw.githubusercontent.com/ZBZFirst/file/master/samples/mouth/014_9.wav,6bcc0bff0d25e8c0e3dba05c29d38208b5a96c7d7961ca2861b8b2e812bf2567
mp3/000_mp30.wav,audio,50158,0.568636,pcm_s16le,44000,1,audio/x-wav,https://raw.githubusercontent.com/ZBZFirst/file/master/samples/mp3/000_mp30.wav,f20a2e6fb4d1a5a11d46793d5e4e302b3544cc2137989256835258ea35e86aa8
mp3/001_mp31.wav,audio,50158,0.568636,pcm_s16le,44000,1,audio/x-wav,https://raw.githubusercontent.com/ZBZFirst/file/master/samples/mp3/001_mp31.wav,a7310630345826212130c8cb805ef943c75ca3854aece82406da40a9ed4b0db8
mp3/002_mp32.wav,audio,6790,0.075818,pcm_s16le,44000,1,audio/x-wav,https://raw.githubusercontent.com/ZBZFirst/file/master/samples/mp3/002_mp32.wav,1fd47c84929562b286bfd20faf255544706c4575fbd607aadeded89c8153961e
mp3/003_mp33.wav,audio,6790,0.075818,pcm_s16le,44000,1,audio/x-wav,https://raw.githubusercontent.com/ZBZFirst/file/master/samples/mp3/003_mp33.wav,8de0e27b8d50428406865374d6577ec97b7a3a136fa39cdb506605c243b9b57a
msg/000_msg0.wav,audio,1544,0.016205,pcm_s16le,44000,1,audio/x-wav,https://raw.githubusercontent.com/ZBZFirst/file/master/samples/msg/000_msg0.wav,5c4b6f9b56982c7062d914c4b2e7c8e0db43df496b7b024637cd5eec15da39a4
msg/001_msg1.wav,audio,11246,0.126455,pcm_s16le,44000,1,audio/x-wav,https://raw.githubusercontent.com/ZBZFirst/file/master/samples/msg/001_msg1.wav,39994da66446bc8a13d4ea48e3762a557a6e1a2d4300fbcf6861b99e0ac46b79
msg/002_msg2.wav,audio,380,0.002977,pcm_s16le,44000,1,audio/x-wav,https://raw.githubusercontent.com/ZBZFirst/file/master/samples/msg/002_msg2.wav,517f2c5f398742e5f1602fbdcec6cdde9d39c252b102d62c517b10a56acd27c6
msg/003_msg3.wav,audio,1510,0.015818,pcm_s16le,44000,1,audio/x-wav,https://raw.githubusercontent.com/ZBZFirst/file/master/samples/msg/003_msg3.wav,9cdafea11c465ce11316df50f8f3b1c5a7d1c946b9afa6adcb7b52c1f0b09600
msg/004_msg4.wav,audio,740,0.007068,pcm_s16le,44000,1,audio/x-wav,https://raw.githubusercontent.com/ZBZFirst/file/master/samples/msg/004_msg4.wav,9ea7edb34d223780c24daa77d5dff094169d184cbbee0cb657c871c10f1cb051
msg/005_msg5.wav,audio,740,0.007068,pcm_s16le,44000,1,audio/x-wav,https://raw.githubusercontent.com/ZBZFirst/file/master/samples/msg/005_msg5.wav,95da7a2ea668c047659b047e41ed4cd21a2e3da0cce3b79bf64c6c2029896655
msg/006_msg6.wav,audio,1154,0.011773,pcm_s16le,44000,1,audio/x-wav,https://raw.githubusercontent.com/ZBZFirst/file/master/samples/msg/006_msg6.wav,7607e887f18b956fae7baa2af8e3040f934e65f51ee545e617b7e7f42b6a969f
msg/007_msg7.wav,audio,1154,0.011773,pcm_s16le,44000,1,audio/x-wav,https://raw.githubusercontent.com/ZBZFirst/file/master/samples/msg/007_msg7.wav,4eadfb20dad9ceb035d211c5c7822288c7ff872ea93cb2ebfd2ba18d3f2a8b0d
msg/008_msg8.wav,audio,1154,0.011773,pcm_s16le,44000,1,audio/x-wav,https://raw.githubusercontent.com/ZBZFirst/file/master/samples/msg/008_msg8.wav,5bcb4511ae2b423084ad771a6cf5cf6a79a4e0dcda19f61f60e6890866214d13
mt/MT0D0.wav,audio,19408,0.219542,pcm_s16le,44101,1,audio/x-wav,https://raw.githubusercontent.com/ZBZFirst/file/master/samples/mt/MT0D0.wav,55c26abb9c3d85275c94fb6f0f865f380ab5a87de463689d442eb9004ec23600
mt/MT0D3.wav,audio,25698,0.290855,pcm_s16le,44101,1,audio/x-wav,https://raw.githubusercontent.com/ZBZFirst/file/master/samples/mt/MT0D3.wav,99cc8d5902d98269d01ce716595887903adbe9e6603e76caa1d7aa87da549c62
mt/MT0D7.wav,audio,34348,0.388925,pcm_s16le,44101,1,audio/x-wav,https://raw.githubusercontent.com/ZBZFirst/file/master/samples/mt/MT0D7.wav,3ccd11820acf52fd150c81b0af0b278575b1f95f08e78066e7354d76977b8a2e
mt/MT0DA.wav,audio,36532,0.413687,pcm_s16le,44101,1,audio/x-wav,https://raw.githubusercontent.com/ZBZFirst/file/master/samples/mt/MT0DA.wav,f87becb4c1af38dff79281a0460bd35a3ac601901b69bcf286c5c57da7a79156
mt/MT3D0.wav,audio,19834,0.224371,pcm_s16le,44101,1,audio/x-wav,https://raw.githubusercontent.com/ZBZFirst/file/master/samples/mt/MT3D0.wav,0468e1c3188ab1082a1d7452623a241b5c6daeba1927003b1fbdf9b56b0da81f
mt/MT3D3.wav,audio,25722,0.291127,pcm_s16le,44101,1,audio/x-wav,https://raw.githubusercontent.com/ZBZFirst/file/master/samples/mt/MT3D3.wav,bbfc24beb598b807dbc523aca146511287fdb89354f37c3acebde42107931e32
mt/MT3D7.wav,audio,36496,0.413279,pcm_s16le,44101,1,audio/x-wav,https://raw.githubusercontent.com/ZBZFirst/file/master/samples/mt/MT3D7.wav,cddc59349b99d81e230a34b84eb86a5a3cd26bc266e32914df4e01524fd72d2a
mt/MT3DA.wav,audio,38912,0.44067,pcm_s16le,44101,1,audio/x-wav,https://raw.githubusercontent.com/ZBZFirst/file/master/samples/mt/MT3DA.wav,db69d6201499b599907e3983924bf34096e8e52bac17f96d238d0b304ca389d3
mt/MT7D0.wav,audio,19356,0.218952,pcm_s16le,44101,1,audio/x-wav,https://raw.githubusercontent.com/ZBZFirst/file/master/samples/mt/MT7D0.wav,5bc55563bd8c5a4471aad688877b955789131f7ba27b3f1a8fa241951d508e47
mt/MT7D3.wav,audio,26828,0.303667,pcm_s16le,44101,1,audio/x-wav,https://raw.githubusercontent.com/ZBZFirst/file/master/samples/mt/MT7D3.wav,84cb60db678906b90224a0c9934a2562e3d4c4e609e42a9dd2ad49e595676078
mt/MT7D7.wav,audio,35564,0.402712,pcm_s16le,44101,1,audio/x-wav,https://raw.githubusercontent.com/ZBZFirst/file/master/samples/mt/MT7D7.wav,99508bfa8793d38505994dcb79669fe3caf231ccc72424f34f50fe446fe6d995
mt/MT7DA.wav,audio,41112,0.465613,pcm_s16le,44101,1,audio/x-wav,https://raw.githubusercontent.com/ZBZFirst/file/master/samples/mt/MT7DA.wav,cc008f228f4248730b101be127a3136d83a6981313107e0bfbcddc3e76b9edfe
mt/MTAD0.wav,audio,20382,0.230584,pcm_s16le,44101,1,audio/x-wav,https://raw.githubusercontent.com/ZBZFirst/file/master/samples/mt/MTAD0.wav,dd3f04e6af379a8e53c5c050233a674525d451282611e5ad51cda185fd0fb698
mt/MTAD3.wav,audio,25664,0.29047,pcm_s16le,44101,1,audio/x-wav,https://raw.githubusercontent.com/ZBZFirst/file/master/samples/mt/MTAD3.wav,baf30c6aeb538b082632227bbcdea62248f8d68e0a99f19c0d049a5690965bef
mt/MTAD7.wav,audio,38050,0.430897,pcm_s16le,44101,1,audio/x-wav,https://raw.githubusercontent.com/ZBZFirst/file/master/samples/mt/MTAD7.wav,5b76a2db94834b0a9bfe356b75bff08568ba8107b404c81c95ab99227822cbad
mt/MTADA.wav,audio,41420,0.469105,pcm_s16le,44101,1,audio/x-wav,https://raw.githubusercontent.com/ZBZFirst/file/master/samples/mt/MTADA.wav,d414dc35e20ecd503478a99ce4cf62ec1a11a14993645943e633489f088a7518
mute/000_FH A#2 SCF.wav,audio,56280,0.318776,pcm_s16le,44100,2,audio/x-wav,https://raw.githubusercontent.com/ZBZFirst/file/master/samples/mute/000_FH A#2 SCF.wav,0e12047e8bb0253cfd1bc42c4c02e1fe1bce72d173aa01fa53e5209eabdfcdb3
mute/001_FH A3 SCF.wav,audio,61048,0.345805,pcm_s16le,44100,2,audio/x-wav,https://raw.githubusercontent.com/ZBZFirst/file/master/samples/mute/001_FH A3 SCF.wav,e96eebb8a10c8a84f65ec01b93ed02b36cdbacf3dd1a1dac355582298428a575
mute/002_FH B3 SCF.wav,audio,67016,0.379637,pcm_s16le,44100,2,audio/x-wav,https://raw.githubusercontent.com/ZBZFirst/file/master/samples/mute/002_FH B3 SCF.wav,39b1fb4e9818f2aba50a5d715336710569d19cc7893f746eafc39ebbf0d13901
mute/003_FH B4 SC.wav,audio,62192,0.35229,pcm_s16le,44100,2,audio/x-wav,https://raw.githubusercontent.com/ZBZFirst/file/master/samples/mute/003_FH B4 SC.wav,1cc65ec809623163dfc8530f11fb47d4d95f104e9d9b0aa55c2d7791e189a3a9
mute/004_FH B4 SCF.wav,audio,54512,0.308753,pcm_s16le,44100,2,audio/x-wav,https://raw.githubusercontent.com/ZBZFirst/file/master/samples/mute/004_FH B4 SCF.wav,00b52052e8dfd6efb33272c69f5a672d44e9955cbb454a36a99791514791c3a7
mute/005_FH C#3 SC.wav,audio,65008,0.368254,pcm_s16le,44100,2,audio/x-wav,https://raw.githubusercontent.com/ZBZFirst/file/master/samples/mute/005_FH C#3 SC.wav,c8b8fb3281e15bfcf77e7cec0db68b7b32477c366aca52afcc8b663504007706
mute/006_FH C#3 SCF.wav,audio,59376,0.336327,pcm_s16le,44100,2,audio/x-wav,https://raw.githubusercontent.com/ZBZFirst/file/master/samples/mute/006_FH C#3 SCF.wav,c32170da110ef34e681c12c9590cbad5be3de3b0976d08c9604b028115fd1927
mute/007_FH C#5 SCF.wav,audio,41784,0.236599,pcm_s16le,44100,2,audio/x-wav,https://raw.githubusercontent.com/ZBZFirst/file/master/samples/mute/007_FH C#5 SCF.wav,54c6c63926346e9cecf693a795f8831c631421a2736af88f9bf625bcb545d98a
mute/008_FH C4 SCF.wav,audio,57560,0.326032,pcm_s16le,44100,2,audio/x-wav,https://raw.githubusercontent.com/ZBZFirst/file/master/samples/mute/008_FH C4 SCF.wav,6a14ba22c71861573f18d997be255874a21eb5a14661b73882a4d93e742b5b2e
mute/009_FH D#4 SCF.wav,audio,60040,0.340091,pcm_s16le,44100,2,audio/x-wav,https://raw.githubusercontent.com/ZBZFirst/file/master/samples/mute/009_FH D#4 SCF.wav,352c34fed05a850d44371eb4c5983f97efce98dda0e650abcb7787c12b95fdc4
mute/010_FH D#5 SCF.wav,audio,48448,0.274376,pcm_s16le,44100,2,audio/x-wav,https://raw.githubusercontent.com/ZBZFirst/file/master/samples/mute/010_FH D#5 SCF.wav,9c1922478de504fa3dc163532b3200c7b5206ebb61c52fdd9c62aed9cbcad950
mute/011_FH D3 SC.wav,audio,59712,0.338231,pcm_s16le,44100,2,audio/x-wav,https://raw.githubusercontent.com/ZBZFirst/file/master/samples/mute/011_FH D3 SC.wav,eb6f8518b5715c879f1b3ea2187dee25e1ff1fa29ff33baeb14c080249156638
mute/012_FH D3 SCF.wav,audio,53056,0.300499,pcm_s16le,44100,2,audio/x-wav,https://raw.githubusercontent.com/ZBZFirst/file/master/samples/mute/012_FH D3 SCF.wav,de2d0ce7718444e221f2e6767a48d91fb3725df2e38314b2f2335a6fcd7589a0
mute/013_FH E3 SC.wav,audio,67488,0.382313,pcm_s16le,44100,2,audio/x-wav,https://raw.githubusercontent.com/ZBZFirst/file/master/samples/mute/013_FH E3 SC.wav,ea95fb101c16fda1f14c68f2a52ecfa4b45b1f5a6c0bc3f01c14de67f727acb1
mute/014_FH E3 SCF.wav,audio,62880,0.35619,pcm_s16le,44100,2,audio/x-wav,https://raw.githubusercontent.com/ZBZFirst/file/master/samples/mute/014_FH E3 SCF.wav,1cd774cfad4c46ab518ee36974b3b163ac66ebb52f3b387efff0ca2b7df3f5d6
mute/015_FH F#4 SC.wav,audio,66776,0.378277,pcm_s16le,44100,2,audio/x-wav,https://raw.githubusercontent.com/ZBZFirst/file/master/samples/mute/015_FH F#4 SC.wav,dbca848e8d7f7bf00aaa60cecc931d650dc9afb919521343c2800276d63ed4a4
mute/016_FH F#4 SCF.wav,audio,59096,0.334739,pcm_s16le,44100,2,audio/x-wav,https://raw.githubusercontent.com/ZBZFirst/file/master/samples/mute/016_FH F#4 SCF.wav,93a1643096eee9ce1dd82a5638932b7564d085faa307bc04287c9e70f70ecd0c
mute/017_FH F3 SC.wav,audio,62736,0.355374,pcm_s16le,44100,2,audio/x-wav,https://raw.githubusercontent.com/ZBZFirst/file/master/samples/mute/017_FH F3 SC.wav,03eef5f6701ae09e9515c60ca01ddfa78809ab5a2905948c441ca9722c727180
mute/018_FH F3 SCF.wav,audio,56592,0.320544,pcm_s16le,44100,2,audio/x-wav,https://raw.githubusercontent.com/ZBZFirst/file/master/samples/mute/018_FH F3 SCF.wav,dae54b7d82b3e7301d237dde444974c27c3a2c4914542c411ecc0fd475e6c8bb
mute/019_FH F5 SCF.wav,audio,57016,0.322948,pcm_s16le,44100,2,audio/x-wav,https://raw.githubusercontent.com/ZBZFirst/file/master/samples/mute/019_FH F5 SCF.wav,4fb1ad803306fb378f3a1038c430eac70b86312423008da73545943de72ffdfe
mute/020_FH G#2 SC.wav,audio,75736,0.42907,pcm_s16le,44100,2,audio/x-wav,https://raw.githubusercontent.com/ZBZFirst/file/master/samples/mute/020_FH G#2 SC.wav,d128d15382afdfe9204226bce598e473726633cda622a5e554f8932b74c187b2
mute/021_FH G#2 SCF.wav,audio,69592,0.39424,pcm_s16le,44100,2,audio/x-wav,https://raw.githubusercontent.com/ZBZFirst/file/master/samples/mute/021_FH G#2 SCF.wav,a51082dc20367e3ecacfd0e07aa73b826360347218ce3f060a8954f52cece36f
mute/022_FH G#3 SC.wav,audio,73960,0.419002,pcm_s16le,44100,2,audio/x-wav,https://raw.githubusercontent.com/ZBZFirst/file/master/samples/mute/022_FH G#3 SC.wav,78dc5056105543e3e9727bdc8d3308f74da9248fb71526aafb9bd156ff605bfd
mute/023_FH G#3 SCF.wav,audio,67816,0.384172,pcm_s16le,44100,2,audio/x-wav,https://raw.githubusercontent.com/ZBZFirst/file/master/samples/mute/023_FH G#3 SCF.wav,43c502bcf34c81070eda96f5d14b56f7677da5583d80dc2f55a10211d163ae3a
mute/024_FH G#4 SC.wav,audio,72776,0.41229,pcm_s16le,44100,2,audio/x-wav,https://raw.githubusercontent.com/ZBZFirst/file/master/samples/mute/024_FH G#4 SC.wav,60ec9bb4a527a83fca363e01d9db7b9bdb540ffffae20693e1eb90bbab956e64
mute/025_FH G#4 SCF.wav,audio,65608,0.371655,pcm_s16le,44100,2,audio/x-wav,https://raw.githubusercontent.com/ZBZFirst/file/master/samples/mute/025_FH G#4 SCF.wav,8cc182962ca2b3dceb02d058575810249f268d1ab7056d69b616dfecd5fcb81e
mute/026_FH G2 SC.wav,audio,56920,0.322404,pcm_s16le,44100,2,audio/x-wav,https://raw.githubusercontent.com/ZBZFirst/file/master/samples/mute/026_FH G2 SC.wav,70a5d8f28a8f6356eb46ab02f99c7f03f8d89137f4f8f68b0ca3a2f7288ede85
mute/027_FH G2 SCF.wav,audio,50264,0.284671,pcm_s16le,44100,2,audio/x-wav,https://raw.githubusercontent.com/ZBZFirst/file/master/samples/mute/027_FH G2 SCF.wav,3981da603f6f8c8dcd97faaa3b5de30a05459d6a27f93d3ccf800d1b51acfc3b
newnotes/000_0.wav,audio,13514,0.152721,pcm_s16le,44100,1,audio/x-wav,https://raw.githubusercontent.com/ZBZFirst/file/master/samples/newnotes/000_0.wav,cb6da47156db2e587a4a71481bb981ef8606a1a77f5c1b146997cd78a8a12418
newnotes/001_1.wav,audio,10666,0.120431,pcm_s16le,44100,1,audio/x-wav,https://raw.githubusercontent.com/ZBZFirst/file/master/samples/newnotes/001_1.wav,9e300507778bd9bd43ba29686832d9a7daa4595b1910800a686a59b8ae76888f
newnotes/002_10.wav,audio,12028,0.135873,pcm_s16le,44100,1,audio/x-wav,https://raw.githubusercontent.com/ZBZFirst/file/master/samples/newnotes/002_10.wav,c5e93434caac4189fade047739b630ef4453a1af7f772ed59e634ebaa98d6e88
newnotes/003_11.wav,audio,13316,0.150476,pcm_s16le,44100,1,audio/x-wav,https://raw.githubusercontent.com/ZBZFirst/file/master/samples/newnotes/003_11.wav,b62f879c2609901fb31df9415e19fb052d7372bba5d0a11c69b00e3c10891d88
newnotes/004_12.wav,audio,12390,0.139977,pcm_s16le,44100,1,audio/x-wav,https://raw.githubusercontent.com/ZBZFirst/file/master/samples/newnotes/004_12.wav,128b461b1c13bc79fb570ff26d9fc01fcc0cc90d799c6833482433d067a9526e
newnotes/005_13.wav,audio,12906,0.145828,pcm_s16le,44100,1,audio/x-wav,https://raw.githubusercontent.com/ZBZFirst/file/master/samples/newnotes/005_13.wav,048f772065c408a5bd72b8576c6dc72e237951f1013bc23378aafe10d8748c21
newnotes/006_14.wav,audio,14250,0.161066,pcm_s16le,44100,1,audio/x-wav,https://raw.githubusercontent.com/ZBZFirst/file/master/samples/newnotes/006_14.wav,cc3ec1c909e4327d6c9664fc98d1069fb195dc7623dea68833484520643ba654
newnotes/007_2.wav,audio,9642,0.108821,pcm_s16le,44100,1,audio/x-wav,https://raw.githubusercontent.com/ZBZFirst/file/master/samples/newnotes/007_2.wav,aa3c4a23ceaae9d69e0639bf80c37b69717a712dbb791c5bbe99b3c9619cb448
newnotes/008_3.wav,audio,9746,0.11,pcm_s16le,44100,1,audio/x-wav,https://raw.githubusercontent.com/ZBZFirst/file/master/samples/newnotes/008_3.wav,a3ca5f2b221534e9fcc2cd9465e635534bbb64ce78d04938db5331499d40dfad
newnotes/009_4.wav,audio,11870,0.134082,pcm_s16le,44100,1,audio/x-wav,https://raw.githubusercontent.com/ZBZFirst/file/master/samples/newnotes/009_4.wav,04a5b19d3f580cda51bd0591769e4c16f737efcc4037aea66efa9fc782d5c611
newnotes/010_5.wav,audio,12486,0.141066,pcm_s16le,44100,1,audio/x-wav,https://raw.githubusercontent.com/ZBZFirst/file/master/samples/newnotes/010_5.wav,cd2ed31fd6afc027e6598711f41da43c5cb8bdb882779fc179aae4b13698ded8
newnotes/011_6.wav,audio,12268,0.138594,pcm_s16le,44100,1,audio/x-wav,https://raw.githubusercontent.com/ZBZFirst/file/master/samples/newnotes/011_6.wav,dc5f080b721d48c2b0e70118d3dac60d3d1ea5d8b6a9fc99c47fe7a2048155bb
newnotes/012_7.wav,audio,12226,0.138118,pcm_s16le,44100,1,audio/x-wav,https://raw.githubusercontent.com/ZBZFirst/file/master/samples/newnotes/012_7.wav,15dbd93fb89ec88e4eb1535d3d39a12c664bc0127f85d983d54cb908288e52df
newnotes/013_8.wav,audio,13542,0.153039,pcm_s16le,44100,1,audio/x-wav,https://raw.githubusercontent.com/ZBZFirst/file/master/samples/newnotes/013_8.wav,61a07ff51ffb50b9453737a86a81dfc7835740931e87702a32779b6335b5de63
newnotes/014_9.wav,audio,13476,0.15229,pcm_s16le,44100,1,audio/x-wav,https://raw.githubusercontent.com/ZBZFirst/file/master/samples/newnotes/014_9.wav,55092375433a0c4dc1334be0fc65b1ace7a778dedd142dfa54420365fe192f4e
noise/000_noise.wav,audio,2350,0.026145,pcm_s16le,44100,1,audio/x-wav,https://raw.githubusercontent.com/ZBZFirst/file/master/samples/noise/000_noise.wav,5e4e90ede9effbc213454925b2fe564979ccde0c43f61c23cfd9650a4b206d71
noise2/000_0.wav,audio,16024,0.181179,pcm_s16le,44100,1,audio/x-wav,https://raw.githubusercontent.com/ZBZFirst/file/master/samples/noise2/000_0.wav,b1ad1fd14eff6315925bfce743cfaca2c8ba9e0aba5fe95891de205b5027fe47
noise2/001_1.wav,audio,5496,0.061814,pcm_s16le,44100,1,audio/x-wav,https://raw.githubusercontent.com/ZBZFirst/file/master/samples/noise2/001_1.wav,640bbcac91d1477e8f1895553e5df832c6a23e911891d94d3eaebd588deb3409
noise2/002_2.wav,audio,4932,0.05542,pcm_s16le,44100,1,audio/x-wav,https://raw.githubusercontent.com/ZBZFirst/file/master/samples/noise2/002_2.wav,91d965d96b765d701160c74d55d1377f7cbc719939db0d1a94385a11a5927117
noise2/003_3.wav,audio,5044,0.056689,pcm_s16le,44100,1,audio/x-wav,https://raw.githubusercontent.com/ZBZFirst/file/master/samples/noise2/003_3.wav,ec950b8ae018b1aa18dfb81e6d6c89609a68da61242859864a97d6331ee5e274
noise2/004_4.wav,audio,3276,0.036644,pcm_s16le,44100,1,audio/x-wav,https://raw.githubusercontent.com/ZBZFirst/file/master/samples/noise2/004_4.wav,a5b46cc42446b69f29db33b3d5b1c6b5cf7bc2967f0af55232f7972a538fb29a
noise2/005_5.wav,audio,3786,0.042426,pcm_s16le,44100,1,audio/x-wav,https://raw.githubusercontent.com/ZBZFirst/file/master/samples/noise2/005_5.wav,3ec3099b6a263660d599bd7d58845b1dfdfd9cf0440ad263e267f49f15676dca
noise2/006_6.wav,audio,12362,0.13966,pcm_s16le,44100,1,audio/x-wav,https://raw.githubusercontent.com/ZBZFirst/file/master/samples/noise2/006_6.wav,bcab63518702922a4f4d250535d0a5ad84d044fc0e778d94ac54adb122f2b114
noise2/007_7.wav,audio,2350,0.026145,pcm_s16le,44100,1,audio/x-wav,https://raw.githubusercontent.com/ZBZFirst/file/master/samples/noise2/007_7.wav,5e4e90ede9effbc213454925b2fe564979ccde0c43f61c23cfd9650a4b206d71
notes/000_0.wav,audio,13702,0.152721,pcm_s16le,44100,1,audio/x-wav,https://raw.githubusercontent.com/ZBZFirst/file/master/samples/notes/000_0.wav,b88cc6dc69dd73e3067d497b04165898bebb056327d0639d14944c3e1aebd82a
notes/001_1.wav,audio,11082,0.120431,pcm_s16le,44100,1,audio/x-wav,https://raw.githubusercontent.com/ZBZFirst/file/master/samples/notes/001_1.wav,97b2a765560c695d6a2aa171470d78fd1afbc35ce26033988190c6dde9e2fc9d
notes/002_10.wav,audio,13130,0.135896,pcm_s16le,44100,1,audio/x-wav,https://raw.githubusercontent.com/ZBZFirst/file/master/samples/notes/002_10.wav,fde86c09f1f4b8ead4718bf7dc44dcae846cf54c285f29520821a60ae0793d96
notes/003_11.wav,audio,14492,0.150476,pcm_s16le,44100,1,audio/x-wav,https://raw.githubusercontent.com/ZBZFirst/file/master/samples/notes/003_11.wav,05ef0ce1b292232866f0aed8cfa0f68cbb77ed4992c38d11eff97f40edafaabe
notes/004_12.wav,audio,13766,0.141383,pcm_s16le,44100,1,audio/x-wav,https://raw.githubusercontent.com/ZBZFirst/file/master/samples/notes/004_12.wav,2d643414feb7bebf064c419908925f13eb7d6f0985f38e24caf47ef10004d28e
notes/005_13.wav,audio,12994,0.145828,pcm_s16le,44100,1,audio/x-wav,https://raw.githubusercontent.com/ZBZFirst/file/master/samples/notes/005_13.wav,34c3d10d3eb0b087b32e84b9133412546c29aeea40057b98b2a4dad67f1d5ecb
notes/006_14.wav,audio,15782,0.161066,pcm_s16le,44100,1,audio/x-wav,https://raw.githubusercontent.com/ZBZFirst/file/master/samples/notes/006_14.wav,8eace3f041a732625f266eb80b31dd5afc0c4036ee48b0cd8881dcabbd1f4dd8
notes/007_2.wav,audio,10134,0.108821,pcm_s16le,44100,1,audio/x-wav,https://raw.githubusercontent.com/ZBZFirst/file/master/samples/notes/007_2.wav,e49efebaaa512cdbc8040dd3b4b5070777adab2cbf0f22c6b7546ce401649354
notes/008_3.wav,audio,10242,0.109184,pcm_s16le,44100,1,audio/x-wav,https://raw.githubusercontent.com/ZBZFirst/file/master/samples/notes/008_3.wav,51ea091d438337c3954a80a10848db074d63a59c71b1cd2111446a1a6c01ba49
notes/009_4.wav,audio,12514,0.134082,pcm_s16le,44100,1,audio/x-wav,https://raw.githubusercontent.com/ZBZFirst/file/master/samples/notes/009_4.wav,acb16133cbcb3d7b3f4ecb75982981c87bc5981f37e6d85d81121839ddba9a7d
notes/010_5.wav,audio,13206,0.141066,pcm_s16le,44100,1,audio/x-wav,https://raw.githubusercontent.com/ZBZFirst/file/master/samples/notes/010_5.wav,8c9f3a52c4e5f696fb6525ad4cb0df575df1bb89203dbba0aa80ef34d72348a5
notes/011_6.wav,audio,13064,0.138594,pcm_s16le,44100,1,audio/x-wav,https://raw.githubusercontent.com/ZBZFirst/file/master/samples/notes/011_6.wav,1d8aea4f6bb5e626e109e0408a244d0f971d1604e517d677916e9bb67ce8df6f
notes/012_7.wav,audio,13098,0.138118,pcm_s16le,44100,1,audio/x-wav,https://raw.githubusercontent.com/ZBZFirst/file/master/samples/notes/012_7.wav,16c43185b2a1250571ae9ec79038f3813cc511643b02d5eed0d5605dcb0b1751
notes/013_8.wav,audio,14490,0.153039,pcm_s16le,44100,1,audio/x-wav,https://raw.githubusercontent.com/ZBZFirst/file/master/samples/notes/013_8.wav,a8960ba6dba7b6e56947fc6f62cdb4b81a3be58c1b7f14026b579b8028695f1f
notes/014_9.wav,audio,14500,0.15229,pcm_s16le,44100,1,audio/x-wav,https://raw.githubusercontent.com/ZBZFirst/file/master/samples/notes/014_9.wav,60486ec1203082aaec5304f76f20c47d24059812aac5f43a11c3783fbda1916c
num/00.wav,audio,117882,0.664354,pcm_s16le,44100,2,audio/x-wav,https://raw.githubusercontent.com/ZBZFirst/file/master/samples/num/00.wav,50b46c6d41b8db13da28c9cefce7585ff9b2842865cf9d297975e07fc2c95432
num/01.wav,audio,90614,0.509773,pcm_s16le,44100,2,audio/x-wav,https://raw.githubusercontent.com/ZBZFirst/file/master/samples/num/01.wav,7119c2cac9663db3faf90797dd797bb8ec872cea4ede320bff3753ec8f618684
num/02.wav,audio,94814,0.533583,pcm_s16le,44100,2,audio/x-wav,https://raw.githubusercontent.com/ZBZFirst/file/master/samples/num/02.wav,7ea611fdba9aa5a2667c97bbdd436242b2a41ea181fcc08a4a4e2e5fa237e746
num/03.wav,audio,102406,0.576621,pcm_s16le,44100,2,audio/x-wav,https://raw.githubusercontent.com/ZBZFirst/file/master/samples/num/03.wav,03a3472e4bdd902cdd2dc9c31b407f2b14fa9f1920428ee6e9f37d9ee5301254
num/04.wav,audio,99378,0.559456,pcm_s16le,44100,2,audio/x-wav,https://raw.githubusercontent.com/ZBZFirst/file/master/samples/num/04.wav,d73c9ed1cd94b377d2d4d0a004a03fa825152d26092fe8f37a1ac965ddeee089
num/05.wav,audio,156682,0.884308,pcm_s16le,44100,2,audio/x-wav,https://raw.githubusercontent.com/ZBZFirst/file/master/samples/num/05.wav,ffcecfef6ace8cfc01e2fa2f53445ddb9b4a825b47db7c6a6ac95efb20673a50
num/06.wav,audio,110738,0.623855,pcm_s16le,44100,2,audio/x-wav,https://raw.githubusercontent.com/ZBZFirst/file/master/samples/num/06.wav,9ab42d8d1fd3260bf29a18d0f1874ee5eaf42d6f11cf9dd9c024cb3a611c9329
num/07.wav,audio,101122,0.569342,pcm_s16le,44100,2,audio/x-wav,https://raw.githubusercontent.com/ZBZFirst/file/master/samples/num/07.wav,8465e46df4f2dd8fb47dac382f53a080726f8a76aab1834e347ac444567969d2
num/08.wav,audio,92574,0.520884,pcm_s16le,44100,2,audio/x-wav,https://raw.githubusercontent.com/ZBZFirst/file/master/samples/num/08.wav,dbeaa269d047de422816f5663d2596f03de9ab2b37cf9da99b08c8e10da57348
num/09.wav,audio,108602,0.611746,pcm_s16le,44100,2,audio/x-wav,https://raw.githubusercontent.com/ZBZFirst/file/master/samples/num/09.wav,dbd9cc76195677bc487a9516e88f205b55047c81b994fc2e255dec40c556e710
num/10.wav,audio,87278,0.490862,pcm_s16le,44100,2,audio/x-wav,https://raw.githubusercontent.com/ZBZFirst/file/master/samples/num/10.wav,ea8f74fe61743dc0041f9a5b9e09a770d1146e2a12c59e34f990ca1667a1b2d2
num/11.wav,audio,108734,0.612494,pcm_s16le,44100,2,audio/x-wav,https://raw.githubusercontent.com/ZBZFirst/file/master/samples/num/11.wav,c1589fb231c1699eaea771f1b0b9bf9846904ebfc6a4323a169612205f257fcf
num/12.wav,audio,114098,0.642902,pcm_s16le,44100,2,audio/x-wav,https://raw.githubusercontent.com/ZBZFirst/file/master/samples/num/12.wav,12c2e5de3eda0e9dc93282a9e472cc0b88b1d6fd9c74f15f1397391bc4c3a28e
num/13.wav,audio,130190,0.734127,pcm_s16le,44100,2,audio/x-wav,https://raw.githubusercontent.com/ZBZFirst/file/master/samples/num/13.wav,2b3f98e4b9b5c0e0a57d65d4c53fb5ccfef4692f604661803679b235bd265d5e
num/14.wav,audio,141302,0.79712,pcm_s16le,44100,2,audio/x-wav,https://raw.githubusercontent.com/ZBZFirst/file/master/samples/num/14.wav,ef0649d3f35256b66413573ed42a12a245780bcbad0cef83c45a4e45b0bb0f85
num/15.wav,audio,138238,0.779751,pcm_s16le,44100,2,audio/x-wav,https://raw.githubusercontent.com/ZBZFirst/file/master/samples/num/15.wav,b44f3deba09364f2b90cf1b0390fb6ec84c85e8035d68efaf543b5cae06fc0ce
num/16.wav,audio,160854,0.907959,pcm_s16le,44100,2,audio/x-wav,https://raw.githubusercontent.com/ZBZFirst/file/master/samples/num/16.wav,1699aa590424e6972f5364cc92ac83ee67b5c7404ac80725c84614589262b3df
num/17.wav,audio,163890,0.92517,pcm_s16le,44100,2,audio/x-wav,https://raw.githubusercontent.com/ZBZFirst/file/master/samples/num/17.wav,04e1f21cb4db602290a0ea5c719a010c2fb43e4676bf066cbf1e34029af6d058
num/18.wav,audio,161614,0.912268,pcm_s16le,44100,2,audio/x-wav,https://raw.githubusercontent.com/ZBZFirst/file/master/samples/num/18.wav,1842ea983465f6322fdb71643cc52de1fed8b4cf8f7420a9d7c37d804089e562
num/19.wav,audio,161614,0.912268,pcm_s16le,44100,2,audio/x-wav,https://raw.githubusercontent.com/ZBZFirst/file/master/samples/num/19.wav,9ae4e99a86624bc49848b3317e4be94aed812c7a891237784055d3074dad9459
num/20.wav,audio,106962,0.602449,pcm_s16le,44100,2,audio/x-wav,https://raw.githubusercontent.com/ZBZFirst/file/master/samples/num/20.wav,86d9ef7c40db3495bc60a8c0f5345105313d98349a32093002d3064811e409dc
num/_readme_and_license.txt,text,3235,,,,,text/plain,https://raw.githubusercontent.com/ZBZFirst/file/master/samples/num/_readme_and_license.txt,5a8e9ed59edee649bc5115bc99c774d6c76d010148c8eedfc30be6f9aa56cb02
numbers/0.wav,audio,178544,2.023311,pcm_s16le,44100,1,audio/x-wav,https://raw.githubusercontent.com/ZBZFirst/file/master/samples/numbers/0.wav,59bf0e05ee0e7eed7e2592e4a506b536b763be7dc56ccf0bd2a53b7cd19a55cc
numbers/1.wav,audio,210624,2.387029,pcm_s16le,44100,1,audio/x-wav,https://raw.githubusercontent.com/ZBZFirst/file/master/samples/numbers/1.wav,54ac5c9b56dd2c0cccdf7c9de67d6f7a6fb852bacd0f5762bf3bf364f08bba1e
numbers/2.wav,audio,178274,2.020249,pcm_s16le,44100,1,audio/x-wav,https://raw.githubusercontent.com/ZBZFirst/file/master/samples/numbers/2.wav,d3d10b7b04208d4a02320a368110f82c7d2f3fa16e03b8a9e5cd58395c741ab5
numbers/3.wav,audio,183066,2.07458,pcm_s16le,44100,1,audio/x-wav,https://raw.githubusercontent.com/ZBZFirst/file/master/samples/numbers/3.wav,fd568fa9e599efc76eca52fbdffb5abecf98cb4ab41c878480803f6be9c933fc
numbers/4.wav,audio,205914,2.333628,pcm_s16le,44100,1,audio/x-wav,https://raw.githubusercontent.com/ZBZFirst/file/master/samples/numbers/4.wav,ce4f86492695ce080b3964aa033357f61104be79c6ecfa36a4aae0e98f882586
numbers/5.wav,audio,201424,2.282721,pcm_s16le,44100,1,audio/x-wav,https://raw.githubusercontent.com/ZBZFirst/file/master/samples/numbers/5.wav,990f54521d1e2c22e68ef309626814143b7caac44d17cd92052dc4972c74ef7f
numbers/6.wav,audio,173992,1.971701,pcm_s16le,44100,1,audio/x-wav,https://raw.githubusercontent.com/ZBZFirst/file/master/samples/numbers/6.wav,fb088a0ee18bfb82bf1c2cbc19963bad3d349af747fe65eaf3f46ea716dfe816
numbers/7.wav,audio,219692,2.489841,pcm_s16le,44100,1,audio/x-wav,https://raw.githubusercontent.com/ZBZFirst/file/master/samples/numbers/7.wav,96e119b89dc9654c7e5925c2f7a621a800a88252d62bfe697b877564d239ecc7
numbers/8.wav,audio,169324,1.918776,pcm_s16le,44100,1,audio/x-wav,https://raw.githubusercontent.com/ZBZFirst/file/master/samples/numbers/8.wav,329e4b6353f855e532deb82d073f25d5e74295769bf9d94b94a78184a10b1aea
oc/OPCL1.wav,audio,35002,0.39634,pcm_s16le,44101,1,audio/x-wav,https://raw.githubusercontent.com/ZBZFirst/file/master/samples/oc/OPCL1.wav,c0898b34f5d999247c94ff1987ee4fe94ae0eca017114e6b478b607f1c18a63c
oc/OPCL2.wav,audio,26624,0.301354,pcm_s16le,44101,1,audio/x-wav,https://raw.githubusercontent.com/ZBZFirst/file/master/samples/oc/OPCL2.wav,1e13ac194292b223faa0b992f22da1c4340af2775893823ae7d0318cc6b99663
oc/OPCL3.wav,audio,20726,0.234484,pcm_s16le,44101,1,audio/x-wav,https://raw.githubusercontent.com/ZBZFirst/file/master/samples/oc/OPCL3.wav,bb9934c49b4fe083d6195e4f5efd9d116329ca94c6ba07f40345c6354fb2ca0d
oc/OPCL4.wav,audio,50432,0.57128,pcm_s16le,44101,1,audio/x-wav,https://raw.githubusercontent.com/ZBZFirst/file/master/samples/oc/OPCL4.wav,5e894cbaeed08722ac118a814f21032d876ae542bbc1eef6ec702ce48eb3c7a8
odx/000_Kick_1.wav,audio,18578,0.210136,pcm_s16le,44100,1,audio/x-wav,https://raw.githubusercontent.com/ZBZFirst/file/master/samples/odx/000_Kick_1.wav,b5cbdc8d786e6f4b840d1cc8290ab4cd65976b7353f9f5024b76a1902dc5e7ff
odx/001_DX_Snare_1.wav,audio,13634,0.154082,pcm_s16le,44100,1,audio/x-wav,https://raw.githubusercontent.com/ZBZFirst/file/master/samples/odx/001_DX_Snare_1.wav,e3fb0b05f92b0fb873e131a7382da30c2ec68a1b66e249f21d231ff5a9aff4c6
odx/002_DXShaker.wav,audio,12330,0.139297,pcm_s16le,44100,1,audio/x-wav,https://raw.githubusercontent.com/ZBZFirst/file/master/samples/odx/002_DXShaker.wav,5d0c7b5e3fd40d35eca434e465b97d945a3066ba564862ce3e05b958276ca94d
odx/003_DXRimshot.wav,audio,9798,0.11059,pcm_s16le,44100,1,audio/x-wav,https://raw.githubusercontent.com/ZBZFirst/file/master/samples/odx/003_DXRimshot.wav,e30fed847299a055df344ab87591a744ca7bb2b8bf3de2d99d3470080eacc367
odx/004_DXRide.wav,audio,78568,0.890295,pcm_s16le,44100,1,audio/x-wav,https://raw.githubusercontent.com/ZBZFirst/file/master/samples/odx/004_DXRide.wav,8d95183d0301132793b28f051dd9f8df1fefb7556ecb3dbe6219239c06f94b7e
odx/005_DX_Open_Hat.wav,audio,31284,0.354195,pcm_s16le,44100,1,audio/x-wav,https://raw.githubusercontent.com/ZBZFirst/file/master/samples/odx/005_DX_Open_Hat.wav,87842a75429e2f7f811f89485ffe24ff152a28d7e512a8edc596c83bebbceb3f
odx/006_DX_Mid_Tom.wav,audio,34364,0.389116,pcm_s16le,44100,1,audio/x-wav,https://raw.githubusercontent.com/ZBZFirst/file/master/samples/odx/006_DX_Mid_Tom.wav,100f8ce965ad259d3da64c2d270b4aed416c114b0cf4520bf0c4b503f9144b48
odx/007_DX_Med_Crash.wav,audio,100778,1.142109,pcm_s16le,44100,1,audio/x-wav,https://raw.githubusercontent.com/ZBZFirst/file/master/samples/odx/007_DX_Med_Crash.wav,6a94dbd1547ebaf06e3d37192e557283f961925a035034fe5f370153b529ac36
odx/008_DX_Low_Tom.wav,audio,34930,0.395533,pcm_s16le,44100,1,audio/x-wav,https://raw.githubusercontent.com/ZBZFirst/file/master/samples/odx/008_DX_Low_Tom.wav,b02a1e80e37a6dc13845dde4351ba5852da5abbdce72e03f416ae1dcdc7bb043
odx/009_DX_Lo_Crash.wav,audio,82854,0.938889,pcm_s16le,44100,1,audio/x-wav,https://raw.githubusercontent.com/ZBZFirst/file/master/samples/odx/009_DX_Lo_Crash.wav,e7b684f7418ad2c286d616e7c710596d1bcd4b166e172ff8b1e67c1713fc6f35
odx/010_DX_Hi_Tom.wav,audio,31398,0.355488,pcm_s16le,44100,1,audio/x-wav,https://raw.githubusercontent.com/ZBZFirst/file/master/samples/odx/010_DX_Hi_Tom.wav,739fdc0d046f9fa64f5cbe7581b571224a7d9d055eadb34805f4d0393a74026e
odx/011_DX_High_Crash.wav,audio,125410,1.421383,pcm_s16le,44100,1,audio/x-wav,https://raw.githubusercontent.com/ZBZFirst/file/master/samples/odx/011_DX_High_Crash.wav,61f6156b43169827fda5a8265c50b519539e3da782481ad9721ca65af6c5405f
odx/012_DX_Cl_Hat.wav,audio,21814,0.246825,pcm_s16le,44100,1,audio/x-wav,https://raw.githubusercontent.com/ZBZFirst/file/master/samples/odx/012_DX_Cl_Hat.wav,25f037aea4857c62411aae6fc16fa6433501251d08acee4e0696dc53a0c3319f
odx/013_DXClap.wav,audio,13258,0.149819,pcm_s16le,44100,1,audio/x-wav,https://raw.githubusercontent.com/ZBZFirst/file/master/samples/odx/013_DXClap.wav,ec5b7bde98f9b122fca900c019ebcf4875c683ff939d82a36c33d8ccbb5f6d82
odx/014_DX_Ax_Hat.wav,audio,21794,0.246599,pcm_s16le,44100,1,audio/x-wav,https://raw.githubusercontent.com/ZBZFirst/file/master/samples/odx/014_DX_Ax_Hat.wav,e0600c9756b54804ac4172bd0515a8455ef07b51fa0ea6c9d9e2d1824e56fa23
off/000_01.wav,audio,19884,0.224943,pcm_s16le,44100,1,audio/x-wav,https://raw.githubusercontent.com/ZBZFirst/file/master/samples/off/000_01.wav,0531f2825a677dcfa5b38730955baa6a88842c5232976377d4a79b79fabc1d10
outdoor/1.wav,audio,118032,0.668866,pcm_s16le,44100,2,audio/x-wav,https://raw.githubusercontent.com/ZBZFirst/file/master/samples/outdoor/1.wav,677e753c22823b2002d3ffb43814ba16024df7048eb314bb6da7b1b7e4964b66
outdoor/2.wav,audio,108896,0.617075,pcm_s16le,44100,2,audio/x-wav,https://raw.githubusercontent.com/ZBZFirst/file/master/samples/outdoor/2.wav,ec6eb6b3e600b7fc4b37ac5067b78f319ae63c42714f5fbbc9ea7309138a26f4
outdoor/3.wav,audio,352844,2.0,pcm_s16le,44100,2,audio/x-wav,https://raw.githubusercontent.com/ZBZFirst/file/master/samples/outdoor/3.wav,3d68574a85f0cebb279506321f5c7ad6145caefd18dea610be3fca56ce48bf47
outdoor/4.wav,audio,93448,0.529501,pcm_s16le,44100,2,audio/x-wav,https://raw.githubusercontent.com/ZBZFirst/file/master/samples/outdoor/4.wav,bf0b4126c8c43f1b76b67ea8c1727910e07e5c63699d42ab5ac56dba75c03c77
outdoor/5.wav,audio,169356,0.959819,pcm_s16le,44100,2,audio/x-wav,https://raw.githubusercontent.com/ZBZFirst/file/master/samples/outdoor/5.wav,d01513da465ae3880e9dfa7709a7b7abdaa9e9fe9234e117084e4def7ea66040
outdoor/6.wav,audio,188652,1.069206,pcm_s16le,44100,2,audio/x-wav,https://raw.githubusercontent.com/ZBZFirst/file/master/samples/outdoor/6.wav,2d2021507d245a9b834bdf391a1bcbda657ae2af37f1ed335675a747affcac05
pad/alien-monolith-pad.wav,audio,3175244,12.0,pcm_s24le,44100,2,audio/x-wav,https://raw.githubusercontent.com/ZBZFirst/file/master/samples/pad/alien-monolith-pad.wav,004df5f53a6c1beb8db758fd5ec09ca68055462041135b1fea3fba59188ca346
pad/angelpads.wav,audio,881994,4.999705,pcm_s16le,44100,2,audio/x-wav,https://raw.githubusercontent.com/ZBZFirst/file/master/samples/pad/angelpads.wav,d781a2bdc70f527e0102443862bb060625a120b4c444738a9ff732a9f43f0305
pad/bellpad-harmonics.wav,audio,564526,3.2,pcm_s16le,44100,2,audio/x-wav,https://raw.githubusercontent.com/ZBZFirst/file/master/samples/pad/bellpad-harmonics.wav,99a8412613bc1ad19c9a0dfb896d50e0617e6b17bf1bf93dea43489cfe7cd945
padlong/atmospheric-abduction.wav,audio,4571958,25.917868,pcm_s16le,44100,2,audio/x-wav,https://raw.githubusercontent.com/ZBZFirst/file/master/samples/padlong/atmospheric-abduction.wav,d77e947f11716028260361a5e03a4a00961b3e002dd83b4a1c3e10638fa4c80c
pebbles/90788__kmoon__pebbles-scrape-drag-foot.wav,audio,6452812,22.401542,pcm_s24le,48000,2,audio/x-wav,https://raw.githubusercontent.com/ZBZFirst/file/master/samples/pebbles/90788__kmoon__pebbles-scrape-drag-foot.wav,9366b43f05ecf90f5afb21b7a3357ee1e16fda2c594eff8a16b6fdad6ecababc
perc/000_perc0.wav,audio,34092,0.386032,pcm_s16le,44100,1,audio/x-wav,https://raw.githubusercontent.com/ZBZFirst/file/master/samples/perc/000_perc0.wav,073f0ace6deeb2a695cfd8996b050a8cbb4676bae1ccbe83de4e30bdb940c15d
perc/001_perc1.wav,audio,19756,0.223492,pcm_s16le,44100,1,audio/x-wav,https://raw.githubusercontent.com/ZBZFirst/file/master/samples/perc/001_perc1.wav,090e0feaa3b351962c0e134d52c5cf53407dc2cf4799fb008248500a825a9f27
perc/002_perc2.wav,audio,14508,0.163991,pcm_s16le,44100,1,audio/x-wav,https://raw.githubusercontent.com/ZBZFirst/file/master/samples/perc/002_perc2.wav,f0ea69544a01c7bf1ee66c5547226f5044d15021a98c41a4bc17c046d0c5913a
perc/003_perc3.wav,audio,494,0.005102,pcm_s16le,44100,1,audio/x-wav,https://raw.githubusercontent.com/ZBZFirst/file/master/samples/perc/003_perc3.wav,292a132bd35d45ca5797d483a129733b3517a273bb600d062f8046354daaddea
perc/004_perc4.wav,audio,39468,0.446984,pcm_s16le,44100,1,audio/x-wav,https://raw.githubusercontent.com/ZBZFirst/file/master/samples/perc/004_perc4.wav,0c8849dc1f71d7eb1363b7bb6ee4e13a284b2fa0f8f0dd2b3dcbc69451a9e3b2
perc/005_perc5.wav,audio,25516,0.288798,pcm_s16le,44100,1,audio/x-wav,https://raw.githubusercontent.com/ZBZFirst/file/master/samples/perc/005_perc5.wav,2a4d7262b5d642cb0c3f14582532da03c9b543dc8f7826958a640e069ceb26f1
peri/000_bd.wav,audio,75850,0.428571,pcm_s16le,44100,2,audio/x-wav,https://raw.githubusercontent.com/ZBZFirst/file/master/samples/peri/000_bd.wav,71b49ab6f63cf7314a546bba033672d6bab6b5b146cc55065a3c725eb573177a
peri/001_bd-rev.wav,audio,75850,0.428571,pcm_s16le,44100,2,audio/x-wav,https://raw.githubusercontent.com/ZBZFirst/file/master/samples/peri/001_bd-rev.wav,abb15e91e699a311283fdaf5e4bebb670f75ebace6fcb2ad2a6acfe206b87762
peri/002_hh2.wav,audio,75850,0.428571,pcm_s16le,44100,2,audio/x-wav,https://raw.githubusercontent.com/ZBZFirst/file/master/samples/peri/002_hh2.wav,efdbc0dc27c90e8244bf359eb3f422f21ac1598bdd498e18cfab5e5b1db91bd5
peri/003_hhx.wav,audio,75850,0.428571,pcm_s16le,44100,2,audio/x-wav,https://raw.githubusercontent.com/ZBZFirst/file/master/samples/peri/003_hhx.wav,5c53083bc7951ba91958f57ffaed82680cce05efdb22cd84d7ae156b74d0575c
peri/004_ksh.wav,audio,75850,0.428571,pcm_s16le,44100,2,audio/x-wav,https://raw.githubusercontent.com/ZBZFirst/file/master/samples/peri/004_ksh.wav,1b762be66e3adf2e4df87c364bc3c2e47cee0bab752f60979c13a6c65f7e37d3
peri/005_sd.wav,audio,75850,0.428571,pcm_s16le,44100,2,audio/x-wav,https://raw.githubusercontent.com/ZBZFirst/file/master/samples/peri/005_sd.wav,a39980791c20273972784e9e6838e4a8fda60370d19de1b8bcd3741cad93948a
peri/006_sd-rev.wav,audio,75850,0.428571,pcm_s16le,44100,2,audio/x-wav,https://raw.githubusercontent.com/ZBZFirst/file/master/samples/peri/006_sd-rev.wav,17d2d0c1cc340ec3246683cd1d4b447485fdeb3efa6f568a3c074e9d71968f64
peri/007_xbigclang.wav,audio,75850,0.428571,pcm_s16le,44100,2,audio/x-wav,https://raw.githubusercontent.com/ZBZFirst/file/master/samples/peri/007_xbigclang.wav,af08855ba9c4b282bf4df03d999f9be76a0de9e1b8281deff94331a7eb685209
peri/008_xbong.wav,audio,75850,0.428571,pcm_s16le,44100,2,audio/x-wav,https://raw.githubusercontent.com/ZBZFirst/file/master/samples/peri/008_xbong.wav,578e35b70a533a021699a46a3e42a7d205773b1a2e847aab04bea89da024e865
peri/009_xbusket.wav,audio,75850,0.428571,pcm_s16le,44100,2,audio/x-wav,https://raw.githubusercontent.com/ZBZFirst/file/master/samples/peri/009_xbusket.wav,7bec46a89ba9a317de1e85b629742a13ea1fc816a5b117c3a03bfc216c7f7cfe
peri/010_xchinga.wav,audio,75850,0.428571,pcm_s16le,44100,2,audio/x-wav,https://raw.githubusercontent.com/ZBZFirst/file/master/samples/peri/010_xchinga.wav,50d6dfdc4da042af14377c683ccc47db38507a9640a9be64746a83db53a1f92f
peri/011_xfx1.wav,audio,75850,0.428571,pcm_s16le,44100,2,audio/x-wav,https://raw.githubusercontent.com/ZBZFirst/file/master/samples/peri/011_xfx1.wav,ec19e53b16ffdd83bb6f63bc73203f8447c37ac1ae607c4ec9688d6548d4fba3
peri/012_xfx2.wav,audio,75850,0.428571,pcm_s16le,44100,2,audio/x-wav,https://raw.githubusercontent.com/ZBZFirst/file/master/samples/peri/012_xfx2.wav,9eccc936beadce8dc74c7e1a201ee16c626477ebdbc0d189a1f9ce2fc4db7813
peri/013_xfx3.wav,audio,75850,0.428571,pcm_s16le,44100,2,audio/x-wav,https://raw.githubusercontent.com/ZBZFirst/file/master/samples/peri/013_xfx3.wav,22fdb4ba6449c5890ed8bb8a69ec0812502e48c001e90f84c06ef5d7bbe2b993
peri/014_xgillclank.wav,audio,75850,0.428571,pcm_s16le,44100,2,audio/x-wav,https://raw.githubusercontent.com/ZBZFirst/file/master/samples/peri/014_xgillclank.wav,627f0295f4aacb0bf54d7a7ce8c03793a0e683a809498f25fae82629c3cc9f8e
pluck/BS A#2 PI.wav,audio,290544,1.646803,pcm_s16le,44100,2,audio/x-wav,https://raw.githubusercontent.com/ZBZFirst/file/master/samples/pluck/BS A#2 PI.wav,3e6c781694f0e0596670b26594185117459de5e7982296e47bb0621c2a080f13
pluck/BS A1 PI.wav,audio,331440,1.878639,pcm_s16le,44100,2,audio/x-wav,https://raw.githubusercontent.com/ZBZFirst/file/master/samples/pluck/BS A1 PI.wav,09ad52efd49c47e36435722286dbe8f39c45e77dd7c4eeca64e73d604798bb29
pluck/BS A3 PI.wav,audio,283696,1.607982,pcm_s16le,44100,2,audio/x-wav,https://raw.githubusercontent.com/ZBZFirst/file/master/samples/pluck/BS A3 PI.wav,fe319cc7ad05dde44c103665cb532f1bb61567627f768d130d8f36a7e30155a7
pluck/BS B1 PI.wav,audio,305352,1.730748,pcm_s16le,44100,2,audio/x-wav,https://raw.githubusercontent.com/ZBZFirst/file/master/samples/pluck/BS B1 PI.wav,30eab78b0d838fba418143e8f6b9ceedec887d486b0defa31778c6e405ea1248
pluck/BS B3 PI.wav,audio,162784,0.92254,pcm_s16le,44100,2,audio/x-wav,https://raw.githubusercontent.com/ZBZFirst/file/master/samples/pluck/BS B3 PI.wav,948dbe38d65ea424c79a7950b923cedf5a3ed14a1d1bdcd8e0aa6d71c370ea2d
pluck/BS C3 PI.wav,audio,308344,1.74771,pcm_s16le,44100,2,audio/x-wav,https://raw.githubusercontent.com/ZBZFirst/file/master/samples/pluck/BS C3 PI.wav,33436c6cf8606f7905ee2888ae5960904b5fdd25bf7a4511f00e854cce896425
pluck/BS D#3 PI.wav,audio,192560,1.091338,pcm_s16le,44100,2,audio/x-wav,https://raw.githubusercontent.com/ZBZFirst/file/master/samples/pluck/BS D#3 PI.wav,b386b1700e064cfbfff4f9598f34236ad7720067785d5ca166834810b3e7a8ca
pluck/BS D2 PI.wav,audio,330800,1.875011,pcm_s16le,44100,2,audio/x-wav,https://raw.githubusercontent.com/ZBZFirst/file/master/samples/pluck/BS D2 PI.wav,0b0381555e1d0d8954b6cb4a4123dcf9846d987f15e7882de7cf4004f6fd05f3
pluck/BS D4 PI.wav,audio,147248,0.834467,pcm_s16le,44100,2,audio/x-wav,https://raw.githubusercontent.com/ZBZFirst/file/master/samples/pluck/BS D4 PI.wav,d44e7478b8e9f4a090a0c6960c2a5c4a1368f09d7fb462c7e930fd48f498e034
pluck/BS E1 PI.wav,audio,376496,2.134059,pcm_s16le,44100,2,audio/x-wav,https://raw.githubusercontent.com/ZBZFirst/file/master/samples/pluck/BS E1 PI.wav,99b7c13609b9f5dc992e8c73583faa3de262e5cf3e181849b1d66670c6ee0bb0
pluck/BS E2 PI.wav,audio,332208,1.882993,pcm_s16le,44100,2,audio/x-wav,https://raw.githubusercontent.com/ZBZFirst/file/master/samples/pluck/BS E2 PI.wav,0b41482ea0404c1f50e0a4f6c2afc7babf0befe86c9ed179bd369cf933657c16
pluck/BS F1 PI.wav,audio,382400,2.167528,pcm_s16le,44100,2,audio/x-wav,https://raw.githubusercontent.com/ZBZFirst/file/master/samples/pluck/BS F1 PI.wav,1336032624eb1f52ca14e94140564d93e88223ccfbd695a59f33ec19da103c2e
pluck/BS F3 PI.wav,audio,223952,1.269297,pcm_s16le,44100,2,audio/x-wav,https://raw.githubusercontent.com/ZBZFirst/file/master/samples/pluck/BS F3 PI.wav,758b941bf0fb1623b49a8761601e0753b2158efcee9a0c7462acbfb2d525371a
pluck/BS G#2 PI.wav,audio,235120,1.332608,pcm_s16le,44100,2,audio/x-wav,https://raw.githubusercontent.com/ZBZFirst/file/master/samples/pluck/BS G#2 PI.wav,a1de258ecb073a3f5a1761e563877ea1e2f6354ad946372b962434eb8f847544
pluck/BS G1 PI.wav,audio,335408,1.901134,pcm_s16le,44100,2,audio/x-wav,https://raw.githubusercontent.com/ZBZFirst/file/master/samples/pluck/BS G1 PI.wav,0b31c25bb6d66f60004b56a3aec621318c322be32e53f6b51eb19d04a2002dd6
pluck/BS G2 PI.wav,audio,267920,1.518549,pcm_s16le,44100,2,audio/x-wav,https://raw.githubusercontent.com/ZBZFirst/file/master/samples/pluck/BS G2 PI.wav,b3e581ca6ea69887974396807d06f7312424365974f02e1b1c265854aa1d89be
pluck/BS G3 PI.wav,audio,251440,1.425125,pcm_s16le,44100,2,audio/x-wav,https://raw.githubusercontent.com/ZBZFirst/file/master/samples/pluck/BS G3 PI.wav,424bbc6e2a20eda6b16d9caded7e4e7666968a19d367d89f6fed935a4c23cbef
popkick/000_1.wav,audio,65096,0.368776,pcm_s16le,44100,2,audio/x-wav,https://raw.githubusercontent.com/ZBZFirst/file/master/samples/popkick/000_1.wav,dca824c68a74f6a41daebfaa179a865bc83002c047e1fc75781a9428403f301b
popkick/001_10.wav,audio,54260,0.307347,pcm_s16le,44100,2,audio/x-wav,https://raw.githubusercontent.com/ZBZFirst/file/master/samples/popkick/001_10.wav,4ab167301e1a8848cec0ab9fb661f86eb7958859c9947ee96b400b4cbf3d38fa
popkick/002_2.wav,audio,65096,0.368776,pcm_s16le,44100,2,audio/x-wav,https://raw.githubusercontent.com/ZBZFirst/file/master/samples/popkick/002_2.wav,919d1d0ad7c6629a057b44ed5647662c37c035b634965a710572a4f05633a57f
popkick/003_3.wav,audio,65096,0.368776,pcm_s16le,44100,2,audio/x-wav,https://raw.githubusercontent.com/ZBZFirst/file/master/samples/popkick/003_3.wav,e6aa331b57d55dd4cbe10d9f78c04cdcb86bfff6eaaa94bacbea96c443066890
popkick/004_4.wav,audio,86780,0.491701,pcm_s16le,44100,2,audio/x-wav,https://raw.githubusercontent.com/ZBZFirst/file/master/samples/popkick/004_4.wav,b2ecbd14713d4e8b8b29fb3c35e52a1122e8f5fce991f41eb86a419c16e97b1f
popkick/005_5.wav,audio,75944,0.430272,pcm_s16le,44100,2,audio/x-wav,https://raw.githubusercontent.com/ZBZFirst/file/master/samples/popkick/005_5.wav,749df9643ddc53d288f3319227f109736076d2e556cde17b2b17e23e12074b3d
popkick/006_6.wav,audio,54260,0.307347,pcm_s16le,44100,2,audio/x-wav,https://raw.githubusercontent.com/ZBZFirst/file/master/samples/popkick/006_6.wav,c35a9adef09fb29fab1458803d8c8227a3f8ffb4f7e8583d7892d32128ed8169
popkick/007_7.wav,audio,59676,0.33805,pcm_s16le,44100,2,audio/x-wav,https://raw.githubusercontent.com/ZBZFirst/file/master/samples/popkick/007_7.wav,745b64923432732d8533446177510477a218c2d0903446230ca36b49e85f5859
popkick/008_8.wav,audio,27152,0.153673,pcm_s16le,44100,2,audio/x-wav,https://raw.githubusercontent.com/ZBZFirst/file/master/samples/popkick/008_8.wav,989a813bf35ad710acdc613b783c38dd4adf870ccf3175df5d7d8fb7f83dbdb6
popkick/009_9.wav,audio,43416,0.245873,pcm_s16le,44100,2,audio/x-wav,https://raw.githubusercontent.com/ZBZFirst/file/master/samples/popkick/009_9.wav,c0b737d82137f8ee71b297fafc4a46a8ae07ab1b576206ab5b7b84cf14a30d85
print/000_0.wav,audio,105016,0.595079,pcm_s16le,44100,2,audio/x-wav,https://raw.githubusercontent.com/ZBZFirst/file/master/samples/print/000_0.wav,9872d949211ca1d4499772c1e18a618fc2c18e080b3f74ce3d7df0d724451cca
print/001_1.wav,audio,36972,0.209342,pcm_s16le,44100,2,audio/x-wav,https://raw.githubusercontent.com/ZBZFirst/file/master/samples/print/001_1.wav,4cb0d24c2f51ca171541fcbab40d7dbd5a692ccc417151762a91513dac7daa2d
print/002_10.wav,audio,33260,0.188299,pcm_s16le,44100,2,audio/x-wav,https://raw.githubusercontent.com/ZBZFirst/file/master/samples/print/002_10.wav,9183ae06c85e9133a34f49841772896d275e1aa1c39b4597d62bec6180451a72
print/003_2.wav,audio,177424,1.005556,pcm_s16le,44100,2,audio/x-wav,https://raw.githubusercontent.com/ZBZFirst/file/master/samples/print/003_2.wav,be0b7d3e686b46b494510d789870d3f030c1300ddb016a7e4daef3ec07c22898
print/004_3.wav,audio,81820,0.463583,pcm_s16le,44100,2,audio/x-wav,https://raw.githubusercontent.com/ZBZFirst/file/master/samples/print/004_3.wav,a4c17c0fd000bc027c0971e8ba3c6ed5b3fd36f1d7be912163ede55396f6965e
print/005_4.wav,audio,92992,0.526916,pcm_s16le,44100,2,audio/x-wav,https://raw.githubusercontent.com/ZBZFirst/file/master/samples/print/005_4.wav,706b5f5f581d60111177a234c6fec40058d347b118b0e528543dadd7ab485b1a
print/006_5.wav,audio,69128,0.391633,pcm_s16le,44100,2,audio/x-wav,https://raw.githubusercontent.com/ZBZFirst/file/master/samples/print/006_5.wav,31620c7e54f26d0435391919f68dd4d632eae25fa65a9f7a90a5316eb4670592
print/007_6.wav,audio,74124,0.419955,pcm_s16le,44100,2,audio/x-wav,https://raw.githubusercontent.com/ZBZFirst/file/master/samples/print/007_6.wav,915b12df98efc358d0d6117f89bd41d62c8f35fdd723b7b61cdf72fc8d4b0d7e
print/008_7.wav,audio,84700,0.479909,pcm_s16le,44100,2,audio/x-wav,https://raw.githubusercontent.com/ZBZFirst/file/master/samples/print/008_7.wav,cf7fb53a27a03d85fc80fb717ad0b6647eca50d565205f998241669d97d81449
print/009_8.wav,audio,161836,0.917188,pcm_s16le,44100,2,audio/x-wav,https://raw.githubusercontent.com/ZBZFirst/file/master/samples/print/009_8.wav,a21cda16de613b80a9b0894c587c5b9233ae5b5d658414364f7dd90eb7aed7d2
print/010_9.wav,audio,260408,1.475986,pcm_s16le,44100,2,audio/x-wav,https://raw.githubusercontent.com/ZBZFirst/file/master/samples/print/010_9.wav,d6e50f5718ad4f735526e816ce115359ca2fd1c97ff01fc329095e3902be4fb1
proc/000_2.wav,audio,104748,1.18712,pcm_s16le,44100,1,audio/x-wav,https://raw.githubusercontent.com/ZBZFirst/file/master/samples/proc/000_2.wav,a9171382d9bf45dd3f14df78bc07137a6bf660b3242a32552f58f209fe5bd566
proc/001_3.wav,audio,34766,0.393673,pcm_s16le,44100,1,audio/x-wav,https://raw.githubusercontent.com/ZBZFirst/file/master/samples/proc/001_3.wav,5dffeb18465ddc7f717e8b4d2c4068774f97961709b2ad937e76c4128dd43068
procshort/000_1.wav,audio,64016,0.725306,pcm_s16le,44100,1,audio/x-wav,https://raw.githubusercontent.com/ZBZFirst/file/master/samples/procshort/000_1.wav,30d17731ebc221572116062b413dc3622dd9644b91fcbb50156d9984a6269ebd
procshort/001_10.wav,audio,1628,0.017959,pcm_s16le,44100,1,audio/x-wav,https://raw.githubusercontent.com/ZBZFirst/file/master/samples/procshort/001_10.wav,cf6a0e76990afbfb06c260a119c39846763b397e6fa37b6c2f26e4d591fcd558
procshort/002_11.wav,audio,2284,0.025397,pcm_s16le,44100,1,audio/x-wav,https://raw.githubusercontent.com/ZBZFirst/file/master/samples/procshort/002_11.wav,618f983e09e6973b2fba25c721b04d0a1db08c13e8ee68084463651adfa1df79
procshort/003_4.wav,audio,22794,0.257937,pcm_s16le,44100,1,audio/x-wav,https://raw.githubusercontent.com/ZBZFirst/file/master/samples/procshort/003_4.wav,09e969c51b61acfd897ff7600a356bfbcfbe1cf82dff0ab29f43b9386b9a0ce9
procshort/004_5.wav,audio,988,0.010703,pcm_s16le,44100,1,audio/x-wav,https://raw.githubusercontent.com/ZBZFirst/file/master/samples/procshort/004_5.wav,31de7b616623c6bd1003008fe5fafd5e60d25765f3f44c0591f67a99e473a07d
procshort/005_7.wav,audio,1100,0.011973,pcm_s16le,44100,1,audio/x-wav,https://raw.githubusercontent.com/ZBZFirst/file/master/samples/procshort/005_7.wav,67edd35458af78b273a3493516b48e9363809a465260e4d8453d73209faaa164
procshort/006_8.wav,audio,2508,0.027937,pcm_s16le,44100,1,audio/x-wav,https://raw.githubusercontent.com/ZBZFirst/file/master/samples/procshort/006_8.wav,3253352dcd1e8351b783f40a5f049e333f8da2cf9d91c59041fd771b0cff01ba
procshort/007_9.wav,audio,2316,0.02576,pcm_s16le,44100,1,audio/x-wav,https://raw.githubusercontent.com/ZBZFirst/file/master/samples/procshort/007_9.wav,a6f3065f7abe0de831b768da464556780c2bbdcb184e6a0fe48e1564cdd48486
psr/000_01.wav,audio,51628,0.584853,pcm_s16le,44100,1,audio/x-wav,https://raw.githubusercontent.com/ZBZFirst/file/master/samples/psr/000_01.wav,9d843c527cec20afaacee421462530361e3ca0170818aff230fc928d6a8a28c9
psr/001_02.wav,audio,32748,0.370794,pcm_s16le,44100,1,audio/x-wav,https://raw.githubusercontent.com/ZBZFirst/file/master/samples/psr/001_02.wav,04c4bce36664a8c8e5accf64615d14bdaf934d10a60a52e64ed4516bb02ebf7f
psr/002_03.wav,audio,25772,0.291701,pcm_s16le,44100,1,audio/x-wav,https://raw.githubusercontent.com/ZBZFirst/file/master/samples/psr/002_03.wav,df21a511466c256bb6e908823bb9578a1af958fc4b0042ad1014f423d0a280eb
psr/003_04.wav,audio,33132,0.375147,pcm_s16le,44100,1,audio/x-wav,https://raw.githubusercontent.com/ZBZFirst/file/master/samples/psr/003_04.wav,4a71eb5862bc05e371790c139dd2692431e081c20db57b158737b6ef8ab99776
psr/004_05.wav,audio,26220,0.29678,pcm_s16le,44100,1,audio/x-wav,https://raw.githubusercontent.com/ZBZFirst/file/master/samples/psr/004_05.wav,18c947b23aaa2a0379e17c103fc3060a443474095e8a9fb234cc1311fd965eb7
psr/005_06.wav,audio,24620,0.278639,pcm_s16le,44100,1,audio/x-wav,https://raw.githubusercontent.com/ZBZFirst/file/master/samples/psr/005_06.wav,2888be6689d0760160b32059f849448f1e3f528e9d298d41366c506ba13199e6
psr/006_07.wav,audio,12236,0.138231,pcm_s16le,44100,1,audio/x-wav,https://raw.githubusercontent.com/ZBZFirst/file/master/samples/psr/006_07.wav,e61aa7ab366f12c32a29a7dda56a3042ecc19192fa90893649e3b4e93ecbdbdc
psr/007_08.wav,audio,15148,0.171247,pcm_s16le,44100,1,audio/x-wav,https://raw.githubusercontent.com/ZBZFirst/file/master/samples/psr/007_08.wav,319092ae530263b467129dac9610a66ad8b9fb7327cc6a3121f7aa89921a935d
psr/008_09.wav,audio,15212,0.171973,pcm_s16le,44100,1,audio/x-wav,https://raw.githubusercontent.com/ZBZFirst/file/master/samples/psr/008_09.wav,7b6e4d20bd17aa881b44ef0aa630a2ff82708a5c9f3737d6973cc4aa94bf4250
psr/009_10.wav,audio,15852,0.179229,pcm_s16le,44100,1,audio/x-wav,https://raw.githubusercontent.com/ZBZFirst/file/master/samples/psr/009_10.wav,5121e2181b9e654b67e2bcb6c00be0470386be4f4631cd0571943ece92336b1c
psr/010_11.wav,audio,2448,0.027256,pcm_s16le,44100,1,audio/x-wav,https://raw.githubusercontent.com/ZBZFirst/file/master/samples/psr/010_11.wav,0493fe6af636a28b1995b064b225f60c406bf88527edf893f3af05b4dc82d7b2
psr/011_12.wav,audio,12524,0.141497,pcm_s16le,44100,1,audio/x-wav,https://raw.githubusercontent.com/ZBZFirst/file/master/samples/psr/011_12.wav,9c00e9cd4ff97d8076bf2675e5b0ca18ca6c3af37b055cd234391992b68c1013
psr/012_13.wav,audio,6036,0.067937,pcm_s16le,44100,1,audio/x-wav,https://raw.githubusercontent.com/ZBZFirst/file/master/samples/psr/012_13.wav,2312f03d14bc3b427d749f5a390fd3a11184215049c47b06221ae2e3f4d94ffe
psr/013_14.wav,audio,14988,0.169433,pcm_s16le,44100,1,audio/x-wav,https://raw.githubusercontent.com/ZBZFirst/file/master/samples/psr/013_14.wav,1b0fb01506ef97ee98631e350a2f7a39501adbd1fdd8d54305051edf45e9d218
psr/014_15.wav,audio,9532,0.107574,pcm_s16le,44100,1,audio/x-wav,https://raw.githubusercontent.com/ZBZFirst/file/master/samples/psr/014_15.wav,e5c8355998773bf4d87f865702709281178e296b268d81ad2453d8c568220d39
psr/015_16.wav,audio,17452,0.19737,pcm_s16le,44100,1,audio/x-wav,https://raw.githubusercontent.com/ZBZFirst/file/master/samples/psr/015_16.wav,8a412c9590cd54597e3b825de0ba66b16840517223ebda7c369cfce039b4788c
psr/016_17.wav,audio,3572,0.04,pcm_s16le,44100,1,audio/x-wav,https://raw.githubusercontent.com/ZBZFirst/file/master/samples/psr/016_17.wav,6ca036c17404ad180dd4fd641ec7e27dd2ed392019316a2d285d5d165a671dc8
psr/017_18.wav,audio,8572,0.096689,pcm_s16le,44100,1,audio/x-wav,https://raw.githubusercontent.com/ZBZFirst/file/master/samples/psr/017_18.wav,f9adb8b62a1a048401002243fd6869858abbe1af21b594b142a4e9cf4c86bd7b
psr/018_19.wav,audio,13260,0.149841,pcm_s16le,44100,1,audio/x-wav,https://raw.githubusercontent.com/ZBZFirst/file/master/samples/psr/018_19.wav,aab08844e1acb79b6254ffc72f32928fe56cea05b12dbbd31b6da0880810bb94
psr/019_20.wav,audio,5076,0.057052,pcm_s16le,44100,1,audio/x-wav,https://raw.githubusercontent.com/ZBZFirst/file/master/samples/psr/019_20.wav,558c40b32d35c554447b33ae43a907b4aad05918ad10ab745c51ee211492d573
psr/020_21.wav,audio,12732,0.143855,pcm_s16le,44100,1,audio/x-wav,https://raw.githubusercontent.com/ZBZFirst/file/master/samples/psr/020_21.wav,d2144b0c7791896291037e18f6f10b90911ee6542ab67985ad9714cb53740052
psr/021_22.wav,audio,19116,0.216236,pcm_s16le,44100,1,audio/x-wav,https://raw.githubusercontent.com/ZBZFirst/file/master/samples/psr/021_22.wav,cc550a7a0ed1041e99e22652eff0e4faed3daad1737800786b1a005ec19e32e1
psr/022_23.wav,audio,202576,2.296281,pcm_s16le,44100,1,audio/x-wav,https://raw.githubusercontent.com/ZBZFirst/file/master/samples/psr/022_23.wav,72441e09c2c88b79fb7fbec6db405f6a14556502733b8f99321c18454b5a57c0
psr/023_24.wav,audio,276012,3.128889,pcm_s16le,44100,1,audio/x-wav,https://raw.githubusercontent.com/ZBZFirst/file/master/samples/psr/023_24.wav,ef236d38a4df8e496f738f1762ee524498b7d3cfb470d286dca3bb0733267f0d
psr/024_25.wav,audio,5420,0.060952,pcm_s16le,44100,1,audio/x-wav,https://raw.githubusercontent.com/ZBZFirst/file/master/samples/psr/024_25.wav,287d11152188389c820d36f42f91f331f6950eba382e62e2c61fff47103b9e62
psr/025_26.wav,audio,7468,0.084172,pcm_s16le,44100,1,audio/x-wav,https://raw.githubusercontent.com/ZBZFirst/file/master/samples/psr/025_26.wav,671bf00f616dcbf1a9590cd4ea227308f4b8c564eee81802557732c4759e4ef4
psr/026_27.wav,audio,317996,3.604898,pcm_s16le,44100,1,audio/x-wav,https://raw.githubusercontent.com/ZBZFirst/file/master/samples/psr/026_27.wav,1c39b295cbbd455feb2868e16122c105ecfd710303f688f61a4b451089b9b58e
psr/027_28.wav,audio,131116,1.486077,pcm_s16le,44100,1,audio/x-wav,https://raw.githubusercontent.com/ZBZFirst/file/master/samples/psr/027_28.wav,b0ba6981c4bbbe4e91ae1d1e9912d2d9357d31ccb2b89803cbbef39c2ccd79a4
psr/028_29.wav,audio,9996,0.112834,pcm_s16le,44100,1,audio/x-wav,https://raw.githubusercontent.com/ZBZFirst/file/master/samples/psr/028_29.wav,76655a6416a4e15332fa465bdd10b7757360c45acf795a7aa23f2dcc46f69e8b
psr/029_30.wav,audio,5260,0.059138,pcm_s16le,44100,1,audio/x-wav,https://raw.githubusercontent.com/ZBZFirst/file/master/samples/psr/029_30.wav,2a408cba4d35da095d4fcf7ab5376de31492b5301b39771322c6908571e9f05a
rave/AREUREADY.wav,audio,349700,1.982177,pcm_s16le,44100,2,audio/x-wav,https://raw.githubusercontent.com/ZBZFirst/file/master/samples/rave/AREUREADY.wav,6b0046a8190f386399967c63530039099af80ce1024ee5f5a229a337823017ad
rave/Babylon.wav,audio,616888,3.496848,pcm_s16le,44100,2,audio/x-wav,https://raw.githubusercontent.com/ZBZFirst/file/master/samples/rave/Babylon.wav,45392b71c8e12fe115c5d25115741a71ea6472591da3ffaed8c468e5d46ea972
rave/cut.wav,audio,82392,0.466825,pcm_s16le,44100,2,audio/x-wav,https://raw.githubusercontent.com/ZBZFirst/file/master/samples/rave/cut.wav,139f55226241518606ff4f799bede7308255378fe79124abad0095e12b6258a3
rave/doh.wav,audio,95928,0.54356,pcm_s16le,44100,2,audio/x-wav,https://raw.githubusercontent.com/ZBZFirst/file/master/samples/rave/doh.wav,68a96467e5f8f72849d0f0cb36d0ecc5feb87ede68863fbd972ae89f67126031
rave/giveit.wav,audio,217056,1.230227,pcm_s16le,44100,2,audio/x-wav,https://raw.githubusercontent.com/ZBZFirst/file/master/samples/rave/giveit.wav,59c41dab4c6b79939b118085eb049c6991089390f872b1330aa6fed09a9b076e
rave/ourcrew.wav,audio,293456,1.663333,pcm_s16le,44100,2,audio/x-wav,https://raw.githubusercontent.com/ZBZFirst/file/master/samples/rave/ourcrew.wav,8a8f4b28b5a289aa7b76d5d1064a35637ba5f8d8ab75c1e004f7ae66cb049229
rave/prodigyloop.wav,audio,191584,1.085828,pcm_s16le,44100,2,audio/x-wav,https://raw.githubusercontent.com/ZBZFirst/file/master/samples/rave/prodigyloop.wav,16dc0ea79a43a02fad9ac734a38f4dbdddd97ede0304ca1bf21d7a3df53a46e3
rave/stabah.wav,audio,271628,1.539592,pcm_s16le,44100,2,audio/x-wav,https://raw.githubusercontent.com/ZBZFirst/file/master/samples/rave/stabah.wav,06c7b739c8feec22d46581f6d7e14e3b92058ad556f40cba7b7c41b5f95cd29b
rave2/electric_ping01.ogg,audio,5352,0.126984,vorbis,44100,1,audio/ogg,https://raw.githubusercontent.com/ZBZFirst/file/master/samples/rave2/electric_ping01.ogg,4d501561afe4c5158a5ebdc4b501434ee53f5fb9b132cb35a906a66adbf77f07
rave2/rave_bass01.wav,audio,33100,0.187392,pcm_s16le,44100,2,audio/x-wav,https://raw.githubusercontent.com/ZBZFirst/file/master/samples/rave2/rave_bass01.wav,39a4fc052367068fdf3c2373f135156811e8e165c7a2547a49b96fefb248cca5
rave2/rave_bass02.wav,audio,60844,0.344671,pcm_s16le,44100,2,audio/x-wav,https://raw.githubusercontent.com/ZBZFirst/file/master/samples/rave2/rave_bass02.wav,7dac96e6ac0c57f2df8f07a9585d629b77e3403ce92accb4cf51614f04480efc
rave2/rave_bass03.wav,audio,29332,0.166032,pcm_s16le,44100,2,audio/x-wav,https://raw.githubusercontent.com/ZBZFirst/file/master/samples/rave2/rave_bass03.wav,c03b55c34f9554fd92d2fc3896b39b20781d99a398b6e7fee3ca7326d8f7ef15
rave2/rave_bass04.wav,audio,35244,0.199546,pcm_s16le,44100,2,audio/x-wav,https://raw.githubusercontent.com/ZBZFirst/file/master/samples/rave2/rave_bass04.wav,28f478beeaa08005e9052000a9290abcd0df063ed2e1c5af434f3dcf15c3f532
rave2/rave_choir01.ogg,audio,8730,0.422313,vorbis,44100,2,audio/ogg,https://raw.githubusercontent.com/ZBZFirst/file/master/samples/rave2/rave_choir01.ogg,c93d791162eab70d96f6edf6e611902d69f1a3316740733cd6604f0358a662b2
ravemono/Babylon.wav,audio,308466,3.496848,pcm_s16le,44100,1,audio/x-wav,https://raw.githubusercontent.com/ZBZFirst/file/master/samples/ravemono/Babylon.wav,a65b3a3372ba198a8c563ba2a246c33f43e21befc4654ff845e3a9c87e0aa7b4
ravemono/prodigyloop.wav,audio,95814,1.085828,pcm_s16le,44100,1,audio/x-wav,https://raw.githubusercontent.com/ZBZFirst/file/master/samples/ravemono/prodigyloop.wav,8cd90819c60f5f00227ecdcb29d31d7eefcdba6097a777ce4005e68fdffb5ecc
realclaps/1.wav,audio,47920,0.271406,pcm_s16le,44100,2,audio/x-wav,https://raw.githubusercontent.com/ZBZFirst/file/master/samples/realclaps/1.wav,6765ead85cdf5dfef1151cb0666de0507b21be853df5e0a0343d7146b0bb3a69
realclaps/2.wav,audio,66196,0.375011,pcm_s16le,44100,2,audio/x-wav,https://raw.githubusercontent.com/ZBZFirst/file/master/samples/realclaps/2.wav,b9403aa7931df3b431d489d42791553c272c05e75dc2a41af02c89e42cf16213
realclaps/3.wav,audio,66196,0.375011,pcm_s16le,44100,2,audio/x-wav,https://raw.githubusercontent.com/ZBZFirst/file/master/samples/realclaps/3.wav,b3c9de3794c98b12216fb15587b47632d645d12eb22804ecaa7d4c30c6c608b4
realclaps/4.wav,audio,66196,0.375011,pcm_s16le,44100,2,audio/x-wav,https://raw.githubusercontent.com/ZBZFirst/file/master/samples/realclaps/4.wav,70499d77f8aef2a7752687e3b27cf30825e569a5e9d14e8b84b16375bd6a0106
reverbkick/1.wav,audio,220544,1.25,pcm_s16le,44100,2,audio/x-wav,https://raw.githubusercontent.com/ZBZFirst/file/master/samples/reverbkick/1.wav,a897e9a07ed498bf4477c4b09b1b663a28f006f3519c9f6f99c8e5539f0db67e
rm/RIM0.wav,audio,3582,0.040113,pcm_s16le,44100,1,audio/x-wav,https://raw.githubusercontent.com/ZBZFirst/file/master/samples/rm/RIM0.wav,62a5ace55386968dd565b3ea30e331c7e7cebb81125b5b798cda69698a233e1c
rm/RIMA.wav,audio,3538,0.039614,pcm_s16le,44101,1,audio/x-wav,https://raw.githubusercontent.com/ZBZFirst/file/master/samples/rm/RIMA.wav,5114c149c1adea3b716f7df864764c8b8c295a2231b270b70321fd8973d64ed0
rs/rytm-rs.wav,audio,18014,0.050408,pcm_f32le,44100,2,audio/x-wav,https://raw.githubusercontent.com/ZBZFirst/file/master/samples/rs/rytm-rs.wav,56736245dd6f98859c0e08545926729c3aec0709caa0d2f0b94a41e0007eabb4
sax/000_notes121a.wav,audio,392404,4.447347,pcm_s16le,44100,1,audio/x-wav,https://raw.githubusercontent.com/ZBZFirst/file/master/samples/sax/000_notes121a.wav,64201b21ab1179a7d12005eca462d684b946bebb11513296e0d07ffad52d7c93
sax/001_notes121a2.wav,audio,397460,4.504671,pcm_s16le,44100,1,audio/x-wav,https://raw.githubusercontent.com/ZBZFirst/file/master/samples/sax/001_notes121a2.wav,8f2f77af0078b24f7e2701d488dab0ad21a0244397e74e2c2ba759b1736ab17c
sax/002_notes121b.wav,audio,364052,4.125896,pcm_s16le,44100,1,audio/x-wav,https://raw.githubusercontent.com/ZBZFirst/file/master/samples/sax/002_notes121b.wav,639fce26252215e2bf2fc5b4b65785dbd69f443a89fd5be2bc4ac9078b7e0c57
sax/003_notes121bflat.wav,audio,380470,4.312041,pcm_s16le,44100,1,audio/x-wav,https://raw.githubusercontent.com/ZBZFirst/file/master/samples/sax/003_notes121bflat.wav,f19855c97c9141ed723e79d7a158d8e88f31e9696f1d1b6d1fb767f659756dc8
sax/004_notes121bflat2.wav,audio,404628,4.585941,pcm_s16le,44100,1,audio/x-wav,https://raw.githubusercontent.com/ZBZFirst/file/master/samples/sax/004_notes121bflat2.wav,5082c2f09b138d3aa3b29766813ce5e2ef0c1766d1b83e056307361536086917
sax/005_notes121c.wav,audio,390548,4.426304,pcm_s16le,44100,1,audio/x-wav,https://raw.githubusercontent.com/ZBZFirst/file/master/samples/sax/005_notes121c.wav,76406156dd1410fabb635fd2b3e0871d7f23d5b2d74f366faba7ebefc782711c
sax/006_notes121c2.wav,audio,370772,4.202086,pcm_s16le,44100,1,audio/x-wav,https://raw.githubusercontent.com/ZBZFirst/file/master/samples/sax/006_notes121c2.wav,6e27070be8574ec965ddc65d3d0856863668a3cbd34f47eafd18c0f14c515a80
sax/007_notes121csharp.wav,audio,358914,4.067642,pcm_s16le,44100,1,audio/x-wav,https://raw.githubusercontent.com/ZBZFirst/file/master/samples/sax/007_notes121csharp.wav,11288aee977b152a7a4b22c13b9e5324797b787e4354b9f3fbc81f43d1d6a026
sax/008_notes121csharp2.wav,audio,357492,4.051519,pcm_s16le,44100,1,audio/x-wav,https://raw.githubusercontent.com/ZBZFirst/file/master/samples/sax/008_notes121csharp2.wav,20494d9b05b2fd86646ff0cacd1b090da34dd2f72f3a7cfb982e97961861e959
sax/009_notes121d.wav,audio,375956,4.260862,pcm_s16le,44100,1,audio/x-wav,https://raw.githubusercontent.com/ZBZFirst/file/master/samples/sax/009_notes121d.wav,75ba2d5da3020da555a8191f2084098a9a25d118f4e9ba731c2c193d0c828189
sax/010_notes121e.wav,audio,359572,4.075102,pcm_s16le,44100,1,audio/x-wav,https://raw.githubusercontent.com/ZBZFirst/file/master/samples/sax/010_notes121e.wav,9075b7bc9192ae72ea628662dd9845fc4b81da9e62a97c3c49dcff675f2083e1
sax/011_notes121e2.wav,audio,366740,4.156372,pcm_s16le,44100,1,audio/x-wav,https://raw.githubusercontent.com/ZBZFirst/file/master/samples/sax/011_notes121e2.wav,a645530813f5e182bc7e7768034f1a39bed59e2d5339b0dde9ae739815ee9ba9
sax/012_notes121eflat.wav,audio,356756,4.043175,pcm_s16le,44100,1,audio/x-wav,https://raw.githubusercontent.com/ZBZFirst/file/master/samples/sax/012_notes121eflat.wav,bc32874abcc3ddc5473daadc5e43a0a7a1d6017eefa4123515fee9579180cd82
sax/013_notes121eflat2.wav,audio,430356,4.877642,pcm_s16le,44100,1,audio/x-wav,https://raw.githubusercontent.com/ZBZFirst/file/master/samples/sax/013_notes121eflat2.wav,e5e249024a3a97229e0b18554e202b156ae667ec1e98995899a6f130bacbd7ed
sax/014_notes121f.wav,audio,365156,4.138413,pcm_s16le,44100,1,audio/x-wav,https://raw.githubusercontent.com/ZBZFirst/file/master/samples/sax/014_notes121f.wav,4bb94be5a917df0bed9a7a20243da5d81edaad0e504f08ac0b76324f6ebdfbf7
sax/015_notes121f2.wav,audio,379028,4.295692,pcm_s16le,44100,1,audio/x-wav,https://raw.githubusercontent.com/ZBZFirst/file/master/samples/sax/015_notes121f2.wav,0e6b3a70e60024beebbacc8a00c25778718a24bf49fd10ac33bc14fda606a743
sax/016_notes121fsharp.wav,audio,368212,4.173061,pcm_s16le,44100,1,audio/x-wav,https://raw.githubusercontent.com/ZBZFirst/file/master/samples/sax/016_notes121fsharp.wav,f107a557b86e73c4338f13a08b2b8a9453ca7e08ae3e06a4fc439e2e79f7f4c4
sax/017_notes121fsharp2.wav,audio,380050,4.307279,pcm_s16le,44100,1,audio/x-wav,https://raw.githubusercontent.com/ZBZFirst/file/master/samples/sax/017_notes121fsharp2.wav,802d3b4fd77e162f35dbb352b7de9cb126ff7df841c1ae8a74497a2fe8190a16
sax/018_notes121g.wav,audio,371668,4.212245,pcm_s16le,44100,1,audio/x-wav,https://raw.githubusercontent.com/ZBZFirst/file/master/samples/sax/018_notes121g.wav,246fed4a331af748b551ddd82b56e49c03898c9d7b7e0fe5cbbd26cce36c4088
sax/019_notes121g2.wav,audio,370836,4.202812,pcm_s16le,44100,1,audio/x-wav,https://raw.githubusercontent.com/ZBZFirst/file/master/samples/sax/019_notes121g2.wav,2fa92aca40497ed8422712b76c66b2a952350ae7301ed8f6903871c2f8818291
sax/020_notes121gsharp.wav,audio,389316,4.412336,pcm_s16le,44100,1,audio/x-wav,https://raw.githubusercontent.com/ZBZFirst/file/master/samples/sax/020_notes121gsharp.wav,c389bc703e153b5f4c87b46493e8af298af4980ab102094e2e8176786f1f1a15
sax/021_notes121gsharp2.wav,audio,375956,4.260862,pcm_s16le,44100,1,audio/x-wav,https://raw.githubusercontent.com/ZBZFirst/file/master/samples/sax/021_notes121gsharp2.wav,57a5cd576db93797279d799e892173ea6f1139f4f47dae4d9c126b081f3761ea
sd/rytm-00-hard.wav,audio,81070,0.229138,pcm_f32le,44100,2,audio/x-wav,https://raw.githubusercontent.com/ZBZFirst/file/master/samples/sd/rytm-00-hard.wav,9e1c38cd174cb6c8bffbf8bc238033333c8f99aa5b8aabca4ebeff5abe4189f6
sd/rytm-01-classic.wav,audio,93342,0.263923,pcm_f32le,44100,2,audio/x-wav,https://raw.githubusercontent.com/ZBZFirst/file/master/samples/sd/rytm-01-classic.wav,bf580807a690252b73a1a9558b9416c317b6afb94057c6659e27a4e899ea57ae
seawolf/000_minehit.wav,audio,308342,3.494603,pcm_s16le,44100,1,audio/x-wav,https://raw.githubusercontent.com/ZBZFirst/file/master/samples/seawolf/000_minehit.wav,f1db7721abe6bee16c85be412fbd9db5be267a2efaa4607744782e38d45cf04b
seawolf/001_shiphit.wav,audio,431222,4.8878,pcm_s16le,44100,1,audio/x-wav,https://raw.githubusercontent.com/ZBZFirst/file/master/samples/seawolf/001_shiphit.wav,ae8b565c118677a57ddf1576fef70c9a9801bc03ace732df066524c265561376
seawolf/002_torpedo.wav,audio,534646,6.060408,pcm_s16le,44100,1,audio/x-wav,https://raw.githubusercontent.com/ZBZFirst/file/master/samples/seawolf/002_torpedo.wav,c6c69704322db57fd8f5be3323bf27a14e27357de13e653dc7789f5855492e01
sequential/000_Tom Clap.wav,audio,11166,0.124966,pcm_s16le,44100,1,audio/x-wav,https://raw.githubusercontent.com/ZBZFirst/file/master/samples/sequential/000_Tom Clap.wav,3916070202f4831ae0588e922c016eb05b0f4ce57287325b2c4b135c3d182602
sequential/001_Tom Crash.wav,audio,108090,1.223878,pcm_s16le,44100,1,audio/x-wav,https://raw.githubusercontent.com/ZBZFirst/file/master/samples/sequential/001_Tom Crash.wav,f25155b49ef4c6d6e6d82d19670e63d5be4be1586bbc7447d2c0b18e26e22a2c
sequential/002_Tom Hat Closed.wav,audio,8098,0.090181,pcm_s16le,44100,1,audio/x-wav,https://raw.githubusercontent.com/ZBZFirst/file/master/samples/sequential/002_Tom Hat Closed.wav,57374e13a48742390e6331c5f73688885bf63bbf98c035ab2d64e6eb404cc4ad
sequential/003_Tom Kick.wav,audio,6006,0.066463,pcm_s16le,44100,1,audio/x-wav,https://raw.githubusercontent.com/ZBZFirst/file/master/samples/sequential/003_Tom Kick.wav,f786e319f776f0fbed405d3dc719866457c432839f8aadc90bbfcc51ebc7557d
sequential/004_Tom Openhat.wav,audio,36988,0.417732,pcm_s16le,44100,1,audio/x-wav,https://raw.githubusercontent.com/ZBZFirst/file/master/samples/sequential/004_Tom Openhat.wav,b38ea7d901903f3f52008f318d6fa2748628d7d91bc6ebba88bac80bcae230c5
sequential/005_Tom Snare.wav,audio,11886,0.133129,pcm_s16le,44100,1,audio/x-wav,https://raw.githubusercontent.com/ZBZFirst/file/master/samples/sequential/005_Tom Snare.wav,6319fb2b690a201c90c5e34501a6b164f86ec89c866bcdcb39762f0bdea66457
sequential/006_Tom Tom1.wav,audio,26284,0.296372,pcm_s16le,44100,1,audio/x-wav,https://raw.githubusercontent.com/ZBZFirst/file/master/samples/sequential/006_Tom Tom1.wav,0b164e2cdbd9faf74952ebbccbe494b66bb66fd6a69dd6692030ee1a4fc848ba
sequential/007_Tom Tom2.wav,audio,26138,0.294717,pcm_s16le,44100,1,audio/x-wav,https://raw.githubusercontent.com/ZBZFirst/file/master/samples/sequential/007_Tom Tom2.wav,6caa559f2436536216917f1e4080bda6a9f38cadef0f54893d2c69ae415f16e1
sf/000_bass.wav,audio,36908,0.417959,pcm_s16le,44100,1,audio/x-wav,https://raw.githubusercontent.com/ZBZFirst/file/master/samples/sf/000_bass.wav,3ee5f7c56dc3437f8ec9190b6571b5400d5f7b56d02cc4c17005dc0c0b944d0f
sf/001_1.wav,audio,38700,0.438277,pcm_s16le,44100,1,audio/x-wav,https://raw.githubusercontent.com/ZBZFirst/file/master/samples/sf/001_1.wav,2b905f4c53f58db1d4bb02175529aec9fe84682e1fc30c79c995eb1c07483822
sf/002_10.wav,audio,19116,0.216236,pcm_s16le,44100,1,audio/x-wav,https://raw.githubusercontent.com/ZBZFirst/file/master/samples/sf/002_10.wav,b9398350ab131739aa9dc2269e9302a86e6aa2ef080a5a7a1b5398ff43838d37
sf/003_11.wav,audio,9740,0.109932,pcm_s16le,44100,1,audio/x-wav,https://raw.githubusercontent.com/ZBZFirst/file/master/samples/sf/003_11.wav,a1fa70884080e062393bcaacb8830ad30c36ee1b2c10942393f6f2c7b77d1089
sf/004_12.wav,audio,6956,0.078367,pcm_s16le,44100,1,audio/x-wav,https://raw.githubusercontent.com/ZBZFirst/file/master/samples/sf/004_12.wav,895de041fb07c742e06ef09b04a936e8cd969bc0d6fcb2c45ecee1950307cfc9
sf/005_13.wav,audio,30604,0.346485,pcm_s16le,44100,1,audio/x-wav,https://raw.githubusercontent.com/ZBZFirst/file/master/samples/sf/005_13.wav,30074010309eb566005ddf4ea0248e1f175b85ae6fe9082c5d6e1b1cb34b159c
sf/006_14.wav,audio,24716,0.279728,pcm_s16le,44100,1,audio/x-wav,https://raw.githubusercontent.com/ZBZFirst/file/master/samples/sf/006_14.wav,868bd2c3449ae9fcd3631704eaf24791f5af79d4d93a0646863c6de9a0bde699
sf/007_15.wav,audio,27436,0.310567,pcm_s16le,44100,1,audio/x-wav,https://raw.githubusercontent.com/ZBZFirst/file/master/samples/sf/007_15.wav,003f3ddfd0e310d094575ed4566cbeaa4b95ca4453a4f301a7d8a52c20241c21
sf/008_16.wav,audio,16556,0.187211,pcm_s16le,44100,1,audio/x-wav,https://raw.githubusercontent.com/ZBZFirst/file/master/samples/sf/008_16.wav,35d84a29359ce00ca97c2ac9554650fdb78d7d9a480b12839ba4634e31815ae2
sf/009_17.wav,audio,77868,0.882358,pcm_s16le,44100,1,audio/x-wav,https://raw.githubusercontent.com/ZBZFirst/file/master/samples/sf/009_17.wav,0dd7c3a604d4dc78c2c1926cdeddc9d42fb8d00f4fa39d03edfa54a3511203c2
sf/010_2.wav,audio,38700,0.438277,pcm_s16le,44100,1,audio/x-wav,https://raw.githubusercontent.com/ZBZFirst/file/master/samples/sf/010_2.wav,edb6279eb9d07f1d63deee256fc0b92df8abed48cb4f89b41f8d44d29c7a4a92
sf/011_3.wav,audio,33644,0.380952,pcm_s16le,44100,1,audio/x-wav,https://raw.githubusercontent.com/ZBZFirst/file/master/samples/sf/011_3.wav,b16c9d6acbc8a9015244242e2ce3f3bf4ebed759af4540ade9429f33c8629b51
sf/012_4.wav,audio,11500,0.129887,pcm_s16le,44100,1,audio/x-wav,https://raw.githubusercontent.com/ZBZFirst/file/master/samples/sf/012_4.wav,407f4faa5ffe5324cb67e0a041aab23e863aa6cc4426be45060010a457a532e6
sf/013_5.wav,audio,16108,0.182132,pcm_s16le,44100,1,audio/x-wav,https://raw.githubusercontent.com/ZBZFirst/file/master/samples/sf/013_5.wav,83c8576d385459c313b301f5612d0f0cf91438678e248ede13c9d925ef3029b0
sf/014_6.wav,audio,10508,0.118639,pcm_s16le,44100,1,audio/x-wav,https://raw.githubusercontent.com/ZBZFirst/file/master/samples/sf/014_6.wav,f82046aeea61015c38bec40230f9e4589b4a9a795d40eebfa9fa5c543b0aa8f1
sf/015_7.wav,audio,1740,0.019229,pcm_s16le,44100,1,audio/x-wav,https://raw.githubusercontent.com/ZBZFirst/file/master/samples/sf/015_7.wav,9cea9a93ea0ff94b15c5f0eda098088db10cc45d34869ad856e6ff077611a0a5
sf/016_8.wav,audio,17548,0.198458,pcm_s16le,44100,1,audio/x-wav,https://raw.githubusercontent.com/ZBZFirst/file/master/samples/sf/016_8.wav,32009583b6e9dd779e9700627c802b29c2ddbda5b347474585db27e8ff72058a
sf/017_9.wav,audio,22444,0.253968,pcm_s16le,44100,1,audio/x-wav,https://raw.githubusercontent.com/ZBZFirst/file/master/samples/sf/017_9.wav,a1757988ece53c5dee52e2d045845fa9e264110698226ccf2ceb8e417cf12fda
sheffield/jakeinsects.wav,audio,3375684,19.136281,pcm_s16le,44100,2,audio/x-wav,https://raw.githubusercontent.com/ZBZFirst/file/master/samples/sheffield/jakeinsects.wav,d8fa6e51b873090c66d023e66102e2b9dda2cbaf39e5cbb0eca76c348e758d4c
short/sampleoftheday-gtt-fx-synth-009.wav,audio,13862,0.077823,pcm_s16le,44100,2,audio/x-wav,https://raw.githubusercontent.com/ZBZFirst/file/master/samples/short/sampleoftheday-gtt-fx-synth-009.wav,f245f850620c58f3d145c5df67614ef14e35d6f2e77439982f78d72a836209fa
short/sampleoftheday-gtt-snare-drum-010.wav,audio,49648,0.281202,pcm_s16le,44100,2,audio/x-wav,https://raw.githubusercontent.com/ZBZFirst/file/master/samples/short/sampleoftheday-gtt-snare-drum-010.wav,a1ab50692bca4506fac090efe87050ef5561d09edca58cf12fec447c630cf619
short/sampleoftheday-gtt-snare-drum-012.wav,audio,37548,0.212608,pcm_s16le,44100,2,audio/x-wav,https://raw.githubusercontent.com/ZBZFirst/file/master/samples/short/sampleoftheday-gtt-snare-drum-012.wav,2db727e40541e15d8f0f038248dfde1d323bd364e558fe4d596344c4d4732169
short/sampleoftheday-gtt-snare-drum-020.wav,audio,15340,0.086712,pcm_s16le,44100,2,audio/x-wav,https://raw.githubusercontent.com/ZBZFirst/file/master/samples/short/sampleoftheday-gtt-snare-drum-020.wav,b2d1bcdec5ca9a5d2d73151ee2c79f22dd05c43e3f56cc6feb61191e08b37c01
short/sampleoftheday-gtt-snare-drum-021.wav,audio,11244,0.063492,pcm_s16le,44100,2,audio/x-wav,https://raw.githubusercontent.com/ZBZFirst/file/master/samples/short/sampleoftheday-gtt-snare-drum-021.wav,ca32d81bd3c796ee034516433af9c1ce162a9996edc361c3754b3cbfc2950cd7
sid/000_bas2.wav,audio,43564,0.493424,pcm_s16le,44100,1,audio/x-wav,https://raw.githubusercontent.com/ZBZFirst/file/master/samples/sid/000_bas2.wav,6671f0c39641a26360a19697853e698b3e8d73c4bf4aec69ae773a79e2fdef45
sid/001_bas.wav,audio,9420,0.106304,pcm_s16le,44100,1,audio/x-wav,https://raw.githubusercontent.com/ZBZFirst/file/master/samples/sid/001_bas.wav,8ea1bada51f82768e4acf2b97622c277ffe9b7197008c0f1a8bb6b45a9062615
sid/002_basd.wav,audio,36908,0.417959,pcm_s16le,44100,1,audio/x-wav,https://raw.githubusercontent.com/ZBZFirst/file/master/samples/sid/002_basd.wav,209a7ae41024a13abb148abee2015a5a9dbcbdf3d91ef45b3caa62b5f31793eb
sid/003_blipp01.wav,audio,15916,0.179955,pcm_s16le,44100,1,audio/x-wav,https://raw.githubusercontent.com/ZBZFirst/file/master/samples/sid/003_blipp01.wav,d13f4ab11df4fa8f09d8eda6159fbb8fecf0d79583e3cba999e0761347a8ce54
sid/004_blipp02.wav,audio,15916,0.179955,pcm_s16le,44100,1,audio/x-wav,https://raw.githubusercontent.com/ZBZFirst/file/master/samples/sid/004_blipp02.wav,8cf066d7065b4a622f2d16b49c6fdcf92ef98e3d5448bee270a0bf8ea77c6ca2
sid/005_high.wav,audio,9708,0.109569,pcm_s16le,44100,1,audio/x-wav,https://raw.githubusercontent.com/ZBZFirst/file/master/samples/sid/005_high.wav,906a60bddb0469e9e6103a0f0daffc13b22681a9a68de10145bad693436945bf
sid/006_high2.wav,audio,9580,0.108118,pcm_s16le,44100,1,audio/x-wav,https://raw.githubusercontent.com/ZBZFirst/file/master/samples/sid/006_high2.wav,d403376c0df212d8db9af0e83726032062b2bfd76600434059de7f5b24c4f92a
sid/007_hihat01.wav,audio,35308,0.399819,pcm_s16le,44100,1,audio/x-wav,https://raw.githubusercontent.com/ZBZFirst/file/master/samples/sid/007_hihat01.wav,4e54f85a2709065e74c54221af6a128a46f1aaed12ac624bd27ba83cb02611a1
sid/008_hihat02.wav,audio,4652,0.052245,pcm_s16le,44100,1,audio/x-wav,https://raw.githubusercontent.com/ZBZFirst/file/master/samples/sid/008_hihat02.wav,ef929b486600266bc3a72c65c6cf828299c0200a31cb5f38e503e48d417f69d1
sid/009_lofidrums.wav,audio,17964,0.203175,pcm_s16le,44100,1,audio/x-wav,https://raw.githubusercontent.com/ZBZFirst/file/master/samples/sid/009_lofidrums.wav,39c66c8761e8deb9a583674ea09934eb69bc4b1cfc3caec961347ee0f3ee98d9
sid/010_sidsnares.wav,audio,29868,0.338141,pcm_s16le,44100,1,audio/x-wav,https://raw.githubusercontent.com/ZBZFirst/file/master/samples/sid/010_sidsnares.wav,cd19b55db60e2e78c9a1372e713d340ccd4e51639ba575a463c75d88ab011725
sid/011_tdrum.wav,audio,9388,0.105941,pcm_s16le,44100,1,audio/x-wav,https://raw.githubusercontent.com/ZBZFirst/file/master/samples/sid/011_tdrum.wav,3096514db99becf286ed938fb50af1929a81211ce93b6b4b9c90ac3d7d5a7121
simplesine/000_sine.wav,audio,26504,0.2,pcm_s24le,44100,1,audio/x-wav,https://raw.githubusercontent.com/ZBZFirst/file/master/samples/simplesine/000_sine.wav,2da9c84177b8782cb27a1199e89290fde78f55f064e3aecea780db9d0b49ddc0
simplesine/001_sine2.wav,audio,26504,0.2,pcm_s24le,44100,1,audio/x-wav,https://raw.githubusercontent.com/ZBZFirst/file/master/samples/simplesine/001_sine2.wav,27a926e48d150dd544fe15fb67239f7d87c7d5eefce1c8013abd710b95502a3c
simplesine/002_sine3.wav,audio,26504,0.2,pcm_s24le,44100,1,audio/x-wav,https://raw.githubusercontent.com/ZBZFirst/file/master/samples/simplesine/002_sine3.wav,a7879d895c3bf9d23b6bdd48736a5a90dd88cf2370197e3ee7631f2d812343b9
simplesine/003_sine4.wav,audio,1070,0.011633,pcm_s16le,44100,1,audio/x-wav,https://raw.githubusercontent.com/ZBZFirst/file/master/samples/simplesine/003_sine4.wav,1c96f7045b768f2a1e57578ec40304abce36f55ebeec3f0957e2c46bdbc02820
simplesine/004_sine5.wav,audio,2096,0.023265,pcm_s16le,44100,1,audio/x-wav,https://raw.githubusercontent.com/ZBZFirst/file/master/samples/simplesine/004_sine5.wav,7227487e5dc662e4a5813c613736d0968a32726c21845e90fd253634239d67e5
simplesine/005_sine6.wav,audio,2248,0.024989,pcm_s16le,44100,1,audio/x-wav,https://raw.githubusercontent.com/ZBZFirst/file/master/samples/simplesine/005_sine6.wav,b7d353f382e7ebd2cda34f400be4a6014541a25a5f9f6cbf3271b8082fc32081
sitar/000_d_maj_sitar_chorda.wav,audio,694712,7.874875,pcm_s16le,44100,1,audio/x-wav,https://raw.githubusercontent.com/ZBZFirst/file/master/samples/sitar/000_d_maj_sitar_chorda.wav,9a73f2660bfbb1b526c56a894fea6b7799c1e35792ca0e3657118bc109c9777a
sitar/001_d_maj_sitar_chordb.wav,audio,349418,3.959977,pcm_s16le,44100,1,audio/x-wav,https://raw.githubusercontent.com/ZBZFirst/file/master/samples/sitar/001_d_maj_sitar_chordb.wav,70032e67d0fa0b8645d4e3d32067983a887640ef161541064022babfaa06d6bc
sitar/002_d_maj_sitar_chordc.wav,audio,624394,7.077619,pcm_s16le,44100,1,audio/x-wav,https://raw.githubusercontent.com/ZBZFirst/file/master/samples/sitar/002_d_maj_sitar_chordc.wav,790f4b7309224ebcfb71ad9ae21261a152f9eb6c26179d6a37e29f77517b9baf
sitar/003_d_maj_sitar_chordd.wav,audio,575578,6.52415,pcm_s16le,44100,1,audio/x-wav,https://raw.githubusercontent.com/ZBZFirst/file/master/samples/sitar/003_d_maj_sitar_chordd.wav,ed0b4f4dca8e66059d514f4b4b9271d0fee7b25fd1cda2399808a6ddb61b48a3
sitar/004_d_maj_sitar_chorde.wav,audio,537614,6.093719,pcm_s16le,44100,1,audio/x-wav,https://raw.githubusercontent.com/ZBZFirst/file/master/samples/sitar/004_d_maj_sitar_chorde.wav,e00f451e63f87f45fa8e8fc75cca14dfae93fff122cb2a0b73c55d12d6c472d3
sitar/005_d_minor_sitar_chorda.wav,audio,674456,7.645215,pcm_s16le,44100,1,audio/x-wav,https://raw.githubusercontent.com/ZBZFirst/file/master/samples/sitar/005_d_minor_sitar_chorda.wav,810d906cd8e2969e835fccbe70de89e1dec5ffd4957bbe03de710f14b8ef94f7
sitar/006_d_minor_sitar_chordb.wav,audio,526664,5.969569,pcm_s16le,44100,1,audio/x-wav,https://raw.githubusercontent.com/ZBZFirst/file/master/samples/sitar/006_d_minor_sitar_chordb.wav,8f31f70b3f86990d9e81dd0dcf216ea5b5070717523bb3edd2dbd73656192b7a
sitar/007_d_minor_sitar_chordc.wav,audio,778028,8.819501,pcm_s16le,44100,1,audio/x-wav,https://raw.githubusercontent.com/ZBZFirst/file/master/samples/sitar/007_d_minor_sitar_chordc.wav,1b628d2d82e04419d48dcd996add0296efef973c391daa074ab0672b352c5475
sn/ST0T0S0.wav,audio,15738,0.177937,pcm_s16le,44100,1,audio/x-wav,https://raw.githubusercontent.com/ZBZFirst/file/master/samples/sn/ST0T0S0.wav,6bde89dd77c6a3a6fcc2d1af050e271eece311c330b8ae57a9c68d0402f4963e
sn/ST0T0S3.wav,audio,13452,0.152015,pcm_s16le,44101,1,audio/x-wav,https://raw.githubusercontent.com/ZBZFirst/file/master/samples/sn/ST0T0S3.wav,883e9f11be656c9b9db92d870f1949704de8f3fb1d3faf3f30898e92f5bc6457
sn/ST0T0S7.wav,audio,13764,0.155552,pcm_s16le,44101,1,audio/x-wav,https://raw.githubusercontent.com/ZBZFirst/file/master/samples/sn/ST0T0S7.wav,8ed65ea718b26aa898d904dccb0087a339f98d223cb99b4415484d5a5adc3ee0
sn/ST0T0SA.wav,audio,13504,0.152604,pcm_s16le,44101,1,audio/x-wav,https://raw.githubusercontent.com/ZBZFirst/file/master/samples/sn/ST0T0SA.wav,0b1c4885731818ce3bf4fdc93a6b17fb6d9992244b70d931d35a3e88ced95987
sn/ST0T3S3.wav,audio,15678,0.177252,pcm_s16le,44101,1,audio/x-wav,https://raw.githubusercontent.com/ZBZFirst/file/master/samples/sn/ST0T3S3.wav,1ff71bf440866561c1e550ab12ec2ca92ce74aae161bbfafc59cda279f3f42fc
sn/ST0T3S7.wav,audio,15922,0.180019,pcm_s16le,44101,1,audio/x-wav,https://raw.githubusercontent.com/ZBZFirst/file/master/samples/sn/ST0T3S7.wav,8b006508dadd79540fc4879422d6a8f6b9fff5aeb0077fac5bbc083b69558b9e
sn/ST0T3SA.wav,audio,16012,0.181043,pcm_s16le,44100,1,audio/x-wav,https://raw.githubusercontent.com/ZBZFirst/file/master/samples/sn/ST0T3SA.wav,5facaf0571e6a1624f76225b04bd9f4b6ee52b302c3ffe518d2db1138a7bcb5b
sn/ST0T7S3.wav,audio,21374,0.241831,pcm_s16le,44101,1,audio/x-wav,https://raw.githubusercontent.com/ZBZFirst/file/master/samples/sn/ST0T7S3.wav,832013d39a10fa46b2c4156ade6c371ef39dd7c06dae57b38053f3bf69347f05
sn/ST0T7S7.wav,audio,22850,0.258566,pcm_s16le,44101,1,audio/x-wav,https://raw.githubusercontent.com/ZBZFirst/file/master/samples/sn/ST0T7S7.wav,2c75738fcde117ca82c43984e62596b5e8901e820597a49dbcafd23dec6b7d45
sn/ST0T7SA.wav,audio,23490,0.265822,pcm_s16le,44101,1,audio/x-wav,https://raw.githubusercontent.com/ZBZFirst/file/master/samples/sn/ST0T7SA.wav,68a00c7c2bc5b242d8504dc2220ffec7e0084a443d9914d4fa5b26470c75b75d
sn/ST0TAS3.wav,audio,22792,0.257908,pcm_s16le,44101,1,audio/x-wav,https://raw.githubusercontent.com/ZBZFirst/file/master/samples/sn/ST0TAS3.wav,bb3ce0199d94469f32aa00d27fa86e82a70ee4657b86e1841f652502e23fd2f4
sn/ST0TAS7.wav,audio,25020,0.283168,pcm_s16le,44101,1,audio/x-wav,https://raw.githubusercontent.com/ZBZFirst/file/master/samples/sn/ST0TAS7.wav,d0c75259f9fd9f8c6db83d738f6644ff5371616ffb5a751ef489ebd0182a96fb
sn/ST0TASA.wav,audio,25592,0.289653,pcm_s16le,44101,1,audio/x-wav,https://raw.githubusercontent.com/ZBZFirst/file/master/samples/sn/ST0TASA.wav,079faad6bef9c5ced45a107680e23a5335981bfa37f2915ab164562d8304e682
sn/ST3T0S0.wav,audio,13982,0.158024,pcm_s16le,44101,1,audio/x-wav,https://raw.githubusercontent.com/ZBZFirst/file/master/samples/sn/ST3T0S0.wav,18f7e9edf955a5bde1f8eb41a5dfd841b5fb60282a9eb32e007dd5e9ef63f6cb
sn/ST3T0S3.wav,audio,14124,0.159634,pcm_s16le,44101,1,audio/x-wav,https://raw.githubusercontent.com/ZBZFirst/file/master/samples/sn/ST3T0S3.wav,4911f72d172fdfa4adae53ae782a77a1e45682f447c61ae632016acb3ed588ec
sn/ST3T0S7.wav,audio,13472,0.152241,pcm_s16le,44101,1,audio/x-wav,https://raw.githubusercontent.com/ZBZFirst/file/master/samples/sn/ST3T0S7.wav,cacf847f5148d262b1a392927b9b24ae6e19fa3f7e292453d097e76495d9cef7
sn/ST3T0SA.wav,audio,14730,0.166504,pcm_s16le,44101,1,audio/x-wav,https://raw.githubusercontent.com/ZBZFirst/file/master/samples/sn/ST3T0SA.wav,1ddeeefc11a811ce645a40fbcf4a938b0ad0a06f38ec85371c9d66a5027860aa
sn/ST3T3S3.wav,audio,15544,0.175733,pcm_s16le,44101,1,audio/x-wav,https://raw.githubusercontent.com/ZBZFirst/file/master/samples/sn/ST3T3S3.wav,a5b42f943b82f4d2919d3290a7758372abecac5e1cb333cdd642268e4820dc9f
sn/ST3T3S7.wav,audio,15930,0.180109,pcm_s16le,44101,1,audio/x-wav,https://raw.githubusercontent.com/ZBZFirst/file/master/samples/sn/ST3T3S7.wav,10adbb73deec79c9998873a66b347ed6d51075c5837f4b011fbda03ede092f86
sn/ST3T3SA.wav,audio,15902,0.179792,pcm_s16le,44101,1,audio/x-wav,https://raw.githubusercontent.com/ZBZFirst/file/master/samples/sn/ST3T3SA.wav,c31b80f35368c3c91daf8403f8560c1bf1165dd5eeec0d3ffcecc13c6ab96202
sn/ST3T7S3.wav,audio,21118,0.238929,pcm_s16le,44101,1,audio/x-wav,https://raw.githubusercontent.com/ZBZFirst/file/master/samples/sn/ST3T7S3.wav,f15434cd50ac7ffd7e47815aa0cd5f74816bd2ae0db5c5c0fe96733d553833a5
sn/ST3T7S7.wav,audio,22696,0.25682,pcm_s16le,44101,1,audio/x-wav,https://raw.githubusercontent.com/ZBZFirst/file/master/samples/sn/ST3T7S7.wav,adc75e82bcc43973cf534b0d292f69f64367aca7a084dd1e0fd231912274d2af
sn/ST3T7SA.wav,audio,23488,0.265799,pcm_s16le,44101,1,audio/x-wav,https://raw.githubusercontent.com/ZBZFirst/file/master/samples/sn/ST3T7SA.wav,44322c303f6685629f55047903d1d8eb2e9f78eb1f972d6a96e01e7a8ae86b96
sn/ST3TAS3.wav,audio,22846,0.25852,pcm_s16le,44101,1,audio/x-wav,https://raw.githubusercontent.com/ZBZFirst/file/master/samples/sn/ST3TAS3.wav,5e19381fcebe2d5144baf899c43fa45bb4455dd78ea44408fe7fde8a369604cb
sn/ST3TAS7.wav,audio,25148,0.284619,pcm_s16le,44101,1,audio/x-wav,https://raw.githubusercontent.com/ZBZFirst/file/master/samples/sn/ST3TAS7.wav,85cef7822eec1049f9a3508aeeb00ada2b283b452b99672b7dc4d6adbf0ecc16
sn/ST3TASA.wav,audio,25662,0.290447,pcm_s16le,44101,1,audio/x-wav,https://raw.githubusercontent.com/ZBZFirst/file/master/samples/sn/ST3TASA.wav,fec56e4a0954648f376fcbc0686349e27bf1f4e76ede1fd05c990c3adfb85693
sn/ST7T0S0.wav,audio,14032,0.158591,pcm_s16le,44101,1,audio/x-wav,https://raw.githubusercontent.com/ZBZFirst/file/master/samples/sn/ST7T0S0.wav,8b6422cd1029ec21a33a1f8afbc2d71f2a9468536b282ed2cdd54de08dc98f14
sn/ST7T0S3.wav,audio,13962,0.157797,pcm_s16le,44101,1,audio/x-wav,https://raw.githubusercontent.com/ZBZFirst/file/master/samples/sn/ST7T0S3.wav,a8d3afbfd637e23af30a87f5b72979d05aadd4907dd213fbc2bebea3846fb595
sn/ST7T0S7.wav,audio,14402,0.162785,pcm_s16le,44101,1,audio/x-wav,https://raw.githubusercontent.com/ZBZFirst/file/master/samples/sn/ST7T0S7.wav,5c3ef4fbcd10f1672841412ae0f3bd9579331e2b538d8cf6eaa8b01409ff74fb
sn/ST7T0SA.wav,audio,14594,0.164962,pcm_s16le,44101,1,audio/x-wav,https://raw.githubusercontent.com/ZBZFirst/file/master/samples/sn/ST7T0SA.wav,95404ba0b49bd30a5352589df3e3edb17292e92ccd184f4fca7b1fb7656ae0fe
sn/ST7T3S3.wav,audio,15718,0.177706,pcm_s16le,44101,1,audio/x-wav,https://raw.githubusercontent.com/ZBZFirst/file/master/samples/sn/ST7T3S3.wav,9633143e150afeb2361b5b9014decc35f2afb21a734b77bc70b81324b68bcc2a
sn/ST7T3S7.wav,audio,15924,0.180041,pcm_s16le,44101,1,audio/x-wav,https://raw.githubusercontent.com/ZBZFirst/file/master/samples/sn/ST7T3S7.wav,ff39af3b093d54465e714dbf2e04e03c3bbcd33c75a95f3b70d35c6bc0cdbfd6
sn/ST7T3SA.wav,audio,16296,0.184259,pcm_s16le,44101,1,audio/x-wav,https://raw.githubusercontent.com/ZBZFirst/file/master/samples/sn/ST7T3SA.wav,35d4164e32a9e78af7b01a80d4dbf13639d8807bdd4925d940aa733d79691328
sn/ST7T7S3.wav,audio,20928,0.236775,pcm_s16le,44101,1,audio/x-wav,https://raw.githubusercontent.com/ZBZFirst/file/master/samples/sn/ST7T7S3.wav,da7de2fefe8ddd5b6b756106cf052f6546661ff1ea1064e61d45a2b8752b1c51
sn/ST7T7S7.wav,audio,23612,0.267205,pcm_s16le,44101,1,audio/x-wav,https://raw.githubusercontent.com/ZBZFirst/file/master/samples/sn/ST7T7S7.wav,6ebba2f352f93ccbbc151313b298542545af90d37d03cead84b6fd3c8d4b8e0f
sn/ST7T7SA.wav,audio,23610,0.267182,pcm_s16le,44101,1,audio/x-wav,https://raw.githubusercontent.com/ZBZFirst/file/master/samples/sn/ST7T7SA.wav,f1003d6032438add06feebb236b39f5bf94e32d204746aafee62d7b298c5ad07
sn/ST7TAS3.wav,audio,22720,0.257092,pcm_s16le,44101,1,audio/x-wav,https://raw.githubusercontent.com/ZBZFirst/file/master/samples/sn/ST7TAS3.wav,b8f9e225fded43411e23e82795b3308cfc00c169fbc8df3bb454e401ef3dfdba
sn/ST7TAS7.wav,audio,25658,0.290402,pcm_s16le,44101,1,audio/x-wav,https://raw.githubusercontent.com/ZBZFirst/file/master/samples/sn/ST7TAS7.wav,7bccdeea9345ed68f1a368135974ffc2f5d8547d74c7a7ebaf75c9c89a55eca3
sn/ST7TASA.wav,audio,25854,0.292624,pcm_s16le,44101,1,audio/x-wav,https://raw.githubusercontent.com/ZBZFirst/file/master/samples/sn/ST7TASA.wav,70bf0131f69a7382c6342e948c733983cc100322af79bcf46873cfc26195264c
sn/STAT0S0.wav,audio,14218,0.160699,pcm_s16le,44101,1,audio/x-wav,https://raw.githubusercontent.com/ZBZFirst/file/master/samples/sn/STAT0S0.wav,38d793b8d04ca9434617bf3058850a7aa180809d4689109d8122fbb4edec3005
sn/STAT0S3.wav,audio,14594,0.164962,pcm_s16le,44101,1,audio/x-wav,https://raw.githubusercontent.com/ZBZFirst/file/master/samples/sn/STAT0S3.wav,8d4db35d819f86cd60b1b01671777679adfa22bcc25ad5379c3cb715f8d6771a
sn/STAT0S7.wav,audio,14592,0.16494,pcm_s16le,44101,1,audio/x-wav,https://raw.githubusercontent.com/ZBZFirst/file/master/samples/sn/STAT0S7.wav,a805423a784ae18571826b40432449fa182cd926acbc344208aea50a15e78223
sn/STAT0SA.wav,audio,14264,0.161221,pcm_s16le,44101,1,audio/x-wav,https://raw.githubusercontent.com/ZBZFirst/file/master/samples/sn/STAT0SA.wav,9318d86762307d52aa952d5a42dd56d7545fa1426b3618a221fa453f929cefe4
sn/STAT3S3.wav,audio,16044,0.181402,pcm_s16le,44101,1,audio/x-wav,https://raw.githubusercontent.com/ZBZFirst/file/master/samples/sn/STAT3S3.wav,0dae8aa716431af3c99791e9cba933f57aa588684dd892a632811c9ad3c8be6a
sn/STAT3S7.wav,audio,16492,0.186481,pcm_s16le,44101,1,audio/x-wav,https://raw.githubusercontent.com/ZBZFirst/file/master/samples/sn/STAT3S7.wav,362278e4688b7617888f41caef9c773f779e6d50abb5de6c6a95edac70e486d4
sn/STAT3SA.wav,audio,16688,0.188703,pcm_s16le,44101,1,audio/x-wav,https://raw.githubusercontent.com/ZBZFirst/file/master/samples/sn/STAT3SA.wav,918e313dc6053ddcbaa66345e225cf14559d78b4531a7ce7970b3dc012325001
sn/STAT7S3.wav,audio,20800,0.235323,pcm_s16le,44101,1,audio/x-wav,https://raw.githubusercontent.com/ZBZFirst/file/master/samples/sn/STAT7S3.wav,0714cad33caae84e9b868049cf90a5aa59231327754bcfd33484862db07fb378
sn/STAT7S7.wav,audio,23408,0.264892,pcm_s16le,44101,1,audio/x-wav,https://raw.githubusercontent.com/ZBZFirst/file/master/samples/sn/STAT7S7.wav,0186fd84d385c490851ca220bb0eff5d3b84cc9f784992ea1a772640e4afb636
sn/STAT7SA.wav,audio,23360,0.264348,pcm_s16le,44101,1,audio/x-wav,https://raw.githubusercontent.com/ZBZFirst/file/master/samples/sn/STAT7SA.wav,81e113a6aaf3933f6d9c8a946ae75448889c8cb2b3e438e1cd8c5ae50db97bef
sn/STATAS3.wav,audio,22908,0.259223,pcm_s16le,44101,1,audio/x-wav,https://raw.githubusercontent.com/ZBZFirst/file/master/samples/sn/STATAS3.wav,ccd2d9d42fdf86244f63e7b0c59d98982447abedf80ae3ac66e1277d68b470ea
sn/STATAS7.wav,audio,25978,0.29403,pcm_s16le,44101,1,audio/x-wav,https://raw.githubusercontent.com/ZBZFirst/file/master/samples/sn/STATAS7.wav,c343cf11121507129768eeeb11c534163f2b58e456e22162d8ea36b2c50ee3f3
sn/STATASA.wav,audio,25664,0.29047,pcm_s16le,44101,1,audio/x-wav,https://raw.githubusercontent.com/ZBZFirst/file/master/samples/sn/STATASA.wav,5881a542d688156454cb7defe2300ba637e78f8f9d362fc2dbc69243a525eb17
space/000_0.wav,audio,14100,0.159365,pcm_s16le,44100,1,audio/x-wav,https://raw.githubusercontent.com/ZBZFirst/file/master/samples/space/000_0.wav,75ab70736c1d6548d513f83859695b3687cae3716e72ce60f184b576b4f44acf
space/001_1.wav,audio,26148,0.295964,pcm_s16le,44100,1,audio/x-wav,https://raw.githubusercontent.com/ZBZFirst/file/master/samples/space/001_1.wav,fb090bde915f23b5b43143126d5047fcacc15fb57cdc82c0251614ca0104f076
space/002_11.wav,audio,13296,0.150249,pcm_s16le,44100,1,audio/x-wav,https://raw.githubusercontent.com/ZBZFirst/file/master/samples/space/002_11.wav,eac1d4f787bff50b7bde61b40e3f82ca58ce11c59e2dfa255fcaebf04d049a7b
space/003_12.wav,audio,107588,1.21932,pcm_s16le,44100,1,audio/x-wav,https://raw.githubusercontent.com/ZBZFirst/file/master/samples/space/003_12.wav,85d4a26aba7175c349426a7600754bd559640e2513bd1866de6a964dbfdcd256
space/004_13.wav,audio,28078,0.317846,pcm_s16le,44100,1,audio/x-wav,https://raw.githubusercontent.com/ZBZFirst/file/master/samples/space/004_13.wav,ba09c2823f7bf4ec71f8d52655ad47cd890ac38a806f0fb9c0f4f253aff7aa28
space/005_14.wav,audio,6516,0.073379,pcm_s16le,44100,1,audio/x-wav,https://raw.githubusercontent.com/ZBZFirst/file/master/samples/space/005_14.wav,f2a2f84aa5245757b751358d9d55ff764898016b27efc2099242c4420e87d640
space/006_15.wav,audio,5844,0.06576,pcm_s16le,44100,1,audio/x-wav,https://raw.githubusercontent.com/ZBZFirst/file/master/samples/space/006_15.wav,f2d433d841db74929ffb0ab4b44b768e6e4768e31562ee713df2be035653ff12
space/007_16.wav,audio,6148,0.069206,pcm_s16le,44100,1,audio/x-wav,https://raw.githubusercontent.com/ZBZFirst/file/master/samples/space/007_16.wav,d96d37b6931102aa6772e19b49bdafe3262bb9720aae4a534e38a44f52750d61
space/008_17.wav,audio,6588,0.074195,pcm_s16le,44100,1,audio/x-wav,https://raw.githubusercontent.com/ZBZFirst/file/master/samples/space/008_17.wav,98613eee1769f6f2d7201964251125ec7a29614dc1cee1ba2296bfadb5ba127f
space/009_18.wav,audio,96276,1.091066,pcm_s16le,44100,1,audio/x-wav,https://raw.githubusercontent.com/ZBZFirst/file/master/samples/space/009_18.wav,1e275bbd185f4e47af48da2c03a05c376799d8ad7120d5ac7ee1eb0d5d0ef5aa
space/010_2.wav,audio,62068,0.70322,pcm_s16le,44100,1,audio/x-wav,https://raw.githubusercontent.com/ZBZFirst/file/master/samples/space/010_2.wav,88891fc1c096a1c70fcbe99bdbb0acc01dcdcea53e2de7de9542cdd4e422ece0
space/011_3.wav,audio,30996,0.35093,pcm_s16le,44100,1,audio/x-wav,https://raw.githubusercontent.com/ZBZFirst/file/master/samples/space/011_3.wav,ae38d51ee8acb569a45c0fbae5aff3e798e40b03dcc2008ca22a3341fda72d41
space/012_4.wav,audio,6516,0.073379,pcm_s16le,44100,1,audio/x-wav,https://raw.githubusercontent.com/ZBZFirst/file/master/samples/space/012_4.wav,f2a2f84aa5245757b751358d9d55ff764898016b27efc2099242c4420e87d640
space/013_5.wav,audio,5844,0.06576,pcm_s16le,44100,1,audio/x-wav,https://raw.githubusercontent.com/ZBZFirst/file/master/samples/space/013_5.wav,f2d433d841db74929ffb0ab4b44b768e6e4768e31562ee713df2be035653ff12
space/014_6.wav,audio,6148,0.069206,pcm_s16le,44100,1,audio/x-wav,https://raw.githubusercontent.com/ZBZFirst/file/master/samples/space/014_6.wav,d96d37b6931102aa6772e19b49bdafe3262bb9720aae4a534e38a44f52750d61
space/015_7.wav,audio,6588,0.074195,pcm_s16le,44100,1,audio/x-wav,https://raw.githubusercontent.com/ZBZFirst/file/master/samples/space/015_7.wav,98613eee1769f6f2d7201964251125ec7a29614dc1cee1ba2296bfadb5ba127f
space/016_8.wav,audio,199028,2.256054,pcm_s16le,44100,1,audio/x-wav,https://raw.githubusercontent.com/ZBZFirst/file/master/samples/space/016_8.wav,5931b6a166612a8c837224f37ac5616233044da2a224d64e27576495a59b176d
space/017_9.wav,audio,43696,0.494921,pcm_s16le,44100,1,audio/x-wav,https://raw.githubusercontent.com/ZBZFirst/file/master/samples/space/017_9.wav,121ea6020a09030fb0f3c33feca75840d7a0a5ac6cd4472fd15b1e1e050ba230
speakspell/000_1.wav,audio,28576,0.161746,pcm_s16le,44100,2,audio/x-wav,https://raw.githubusercontent.com/ZBZFirst/file/master/samples/speakspell/000_1.wav,ff4edd0db7226d5fa0045127a303e4b99692c735ae6b7f0a7de29ddf63ee18ae
speakspell/001_10.wav,audio,28576,0.161746,pcm_s16le,44100,2,audio/x-wav,https://raw.githubusercontent.com/ZBZFirst/file/master/samples/speakspell/001_10.wav,fefd0c2ba8dcd715d3ca790de21a449bbba73effd509950f72b9779c29179bce
speakspell/002_11.wav,audio,28576,0.161746,pcm_s16le,44100,2,audio/x-wav,https://raw.githubusercontent.com/ZBZFirst/file/master/samples/speakspell/002_11.wav,555acc5f3ace91c9d1e841dc9177c1e27d6bbf45353c043a701301c429053361
speakspell/003_12.wav,audio,28576,0.161746,pcm_s16le,44100,2,audio/x-wav,https://raw.githubusercontent.com/ZBZFirst/file/master/samples/speakspell/003_12.wav,7ef0c05c9819807c1b129a1a8d9b656a7373a92c029065f34bf77774ec831b7b
speakspell/004_2.wav,audio,28576,0.161746,pcm_s16le,44100,2,audio/x-wav,https://raw.githubusercontent.com/ZBZFirst/file/master/samples/speakspell/004_2.wav,1640e6ba9eadf665a4ba32dff6108cbc5b3c9dd3624ce6d06d1835f5a7efcdb8
speakspell/005_3.wav,audio,28576,0.161746,pcm_s16le,44100,2,audio/x-wav,https://raw.githubusercontent.com/ZBZFirst/file/master/samples/speakspell/005_3.wav,e2a24fe7737776e34270d870545c1572fa2b8cd947b90555db9163640bdba7e6
speakspell/006_4.wav,audio,28576,0.161746,pcm_s16le,44100,2,audio/x-wav,https://raw.githubusercontent.com/ZBZFirst/file/master/samples/speakspell/006_4.wav,44d5f34549c149b48aec40aaeb27fa340ae7014510d6aa03d44b57ca58221b5a
speakspell/007_5.wav,audio,28576,0.161746,pcm_s16le,44100,2,audio/x-wav,https://raw.githubusercontent.com/ZBZFirst/file/master/samples/speakspell/007_5.wav,9f906c6d4adc2a9528cded81e6cd0ff962a23c5b772751674b9855e1acd9c23f
speakspell/008_6.wav,audio,28576,0.161746,pcm_s16le,44100,2,audio/x-wav,https://raw.githubusercontent.com/ZBZFirst/file/master/samples/speakspell/008_6.wav,354ad9d1f42cbe29d748e9f2408e38133a31106a63749483a106ce5cf6985d57
speakspell/009_7.wav,audio,28576,0.161746,pcm_s16le,44100,2,audio/x-wav,https://raw.githubusercontent.com/ZBZFirst/file/master/samples/speakspell/009_7.wav,a8304463612fd8737df87c63ff79da393c8bf75019836465e42bb3d8612ffa94
speakspell/010_8.wav,audio,28576,0.161746,pcm_s16le,44100,2,audio/x-wav,https://raw.githubusercontent.com/ZBZFirst/file/master/samples/speakspell/010_8.wav,a54a59b8783560dffb9dfb8e1d0391f19ff92039e1544c534abe0c5bcc78a9ed
speakspell/011_9.wav,audio,28576,0.161746,pcm_s16le,44100,2,audio/x-wav,https://raw.githubusercontent.com/ZBZFirst/file/master/samples/speakspell/011_9.wav,eb1108dbd025bc0062ab2c6a0c9f2292e7d83ff1dc77acef119974c7531f97c1
speech/000_Sound10.wav,audio,23878,0.269229,pcm_s16le,44100,1,audio/x-wav,https://raw.githubusercontent.com/ZBZFirst/file/master/samples/speech/000_Sound10.wav,9c379f77e85f123ed27d8066f6cf50c67d8948abf672c3f133be7d37e6f80e67
speech/001_Sound4.wav,audio,29958,0.338163,pcm_s16le,44100,1,audio/x-wav,https://raw.githubusercontent.com/ZBZFirst/file/master/samples/speech/001_Sound4.wav,feae8d228d4c56cb0a8cff2595733a3b4c39e08e075514851e8ca7859a1d65d8
speech/002_Sound5.wav,audio,19270,0.216984,pcm_s16le,44100,1,audio/x-wav,https://raw.githubusercontent.com/ZBZFirst/file/master/samples/speech/002_Sound5.wav,7a99b40f9ad53bae08c50cb1ffef594e5b71c84a619e62d23b1d65259159e7ee
speech/003_Sound6.wav,audio,16518,0.185782,pcm_s16le,44100,1,audio/x-wav,https://raw.githubusercontent.com/ZBZFirst/file/master/samples/speech/003_Sound6.wav,0a4921c9d0b2bfd435f011371b9d0d445531f1ae6db6b8305cb9601997e94609
speech/004_Sound7.wav,audio,4102,0.045011,pcm_s16le,44100,1,audio/x-wav,https://raw.githubusercontent.com/ZBZFirst/file/master/samples/speech/004_Sound7.wav,ff089b437dd0eb0f3cc4e23400da7edf9875f8aeb84ba444c5dc0b1a023dc6ef
speech/005_Sound8.wav,audio,39688,0.22424,pcm_s16le,44100,2,audio/x-wav,https://raw.githubusercontent.com/ZBZFirst/file/master/samples/speech/005_Sound8.wav,14382d617cb165c7cf9f65d9d5fe34fe22c24a65129d9ed4c56941bbd9aee8f0
speech/006_Sound9.wav,audio,24710,0.278662,pcm_s16le,44100,1,audio/x-wav,https://raw.githubusercontent.com/ZBZFirst/file/master/samples/speech/006_Sound9.wav,7ce78fc7eb40eaf9a458fddbe69e60429cc35ff7f238d8eb5e71dedb0a8e81bf
speechless/000_a.wav,audio,16654,0.519062,pcm_s16le,16000,1,audio/x-wav,https://raw.githubusercontent.com/ZBZFirst/file/master/samples/speechless/000_a.wav,cad3e540d8be916412c9d9aceb729401171c0abb86c60f64b97606a28cc05d9d
speechless/001_pe.wav,audio,18722,0.583688,pcm_s16le,16000,1,audio/x-wav,https://raw.githubusercontent.com/ZBZFirst/file/master/samples/speechless/001_pe.wav,81a006e46cfbc7fc3b76c1a3eb29a0363354ec5242ba9cf7176ca4a273e0be59
speechless/002_pepepe.wav,audio,33980,1.0605,pcm_s16le,16000,1,audio/x-wav,https://raw.githubusercontent.com/ZBZFirst/file/master/samples/speechless/002_pepepe.wav,87ffddd76b4409701523320febb2442406db2d60b6d6a029080be6caa8be66c0
speechless/003_pepepepepe.wav,audio,42814,1.336563,pcm_s16le,16000,1,audio/x-wav,https://raw.githubusercontent.com/ZBZFirst/file/master/samples/speechless/003_pepepepepe.wav,76964ae12c67fb58d33a7407144a9d90359038d708ab371e6b3e8eea2bb49e19
speechless/004_pepper.wav,audio,28072,0.875875,pcm_s16le,16000,1,audio/x-wav,https://raw.githubusercontent.com/ZBZFirst/file/master/samples/speechless/004_pepper.wav,9587144a1ef2eb4d817b2303b4e7bdec08ca6452dd55805a10369d48bad37dc3
speechless/005_pepperpot.wav,audio,38352,1.197125,pcm_s16le,16000,1,audio/x-wav,https://raw.githubusercontent.com/ZBZFirst/file/master/samples/speechless/005_pepperpot.wav,60ebc8f5f16ce13082da2cc8d91a2f4e3ed22bdeeb39863d5e6bf010aced95ee
speechless/006_pick.wav,audio,26240,0.818625,pcm_s16le,16000,1,audio/x-wav,https://raw.githubusercontent.com/ZBZFirst/file/master/samples/speechless/006_pick.wav,934e0449daff674c3aae70cac56db63a0bed7a9f3816c09cdc4616a059bfc10c
speechless/007_pickle.wav,audio,28484,0.88875,pcm_s16le,16000,1,audio/x-wav,https://raw.githubusercontent.com/ZBZFirst/file/master/samples/speechless/007_pickle.wav,1cb0bb80df0a373d8cd4ea2e4c450aae159fcc6021212ed9dc55d24aaf8d97c9
speechless/008_po.wav,audio,25810,0.805188,pcm_s16le,16000,1,audio/x-wav,https://raw.githubusercontent.com/ZBZFirst/file/master/samples/speechless/008_po.wav,bdb6e195be22ac02386e475cb7ef4d9356cfbc1b691c6fdc6e5dd0322999c732
speechless/009_te.wav,audio,23616,0.736625,pcm_s16le,16000,1,audio/x-wav,https://raw.githubusercontent.com/ZBZFirst/file/master/samples/speechless/009_te.wav,2bf7a41b9393e064a562c3de00b91f60cfb1c7d791d1784927ed591968e8e36d
speedupdown/000_Sound20.wav,audio,16516,0.18576,pcm_s16le,44100,1,audio/x-wav,https://raw.githubusercontent.com/ZBZFirst/file/master/samples/speedupdown/000_Sound20.wav,833a6ecb9f95aa5b7ddfc7f70a8fab65c542d2a30c30a8e0e10f9051326a8693
speedupdown/001_Sound21.wav,audio,16516,0.18576,pcm_s16le,44100,1,audio/x-wav,https://raw.githubusercontent.com/ZBZFirst/file/master/samples/speedupdown/001_Sound21.wav,6563f510f87f34abac155abe822db32ed1032b5c08895514b50b848fb07458d7
speedupdown/002_Sound22.wav,audio,12420,0.13932,pcm_s16le,44100,1,audio/x-wav,https://raw.githubusercontent.com/ZBZFirst/file/master/samples/speedupdown/002_Sound22.wav,b02e617e2e43e10fb2a32c3ef5915d9f31d81d22e3bdaddf62856d305ee4e9fa
speedupdown/003_Sound23.wav,audio,12420,0.13932,pcm_s16le,44100,1,audio/x-wav,https://raw.githubusercontent.com/ZBZFirst/file/master/samples/speedupdown/003_Sound23.wav,2ec8b808f8663a6cf069b31ab1b82a453428eba9866e08cb965850a4c2330b94
speedupdown/004_Sound24.wav,audio,12420,0.13932,pcm_s16le,44100,1,audio/x-wav,https://raw.githubusercontent.com/ZBZFirst/file/master/samples/speedupdown/004_Sound24.wav,6738c9bebe5e92fb99f221baf47952e57123b86f18077e91e2039f5c2f33fa10
speedupdown/005_Sound25.wav,audio,16516,0.18576,pcm_s16le,44100,1,audio/x-wav,https://raw.githubusercontent.com/ZBZFirst/file/master/samples/speedupdown/005_Sound25.wav,de2db75bc96a187221633974d6e1a0e67695bcddbf47e6a964c7169e772b7b66
speedupdown/006_Sound26.wav,audio,11622,0.130272,pcm_s16le,44100,1,audio/x-wav,https://raw.githubusercontent.com/ZBZFirst/file/master/samples/speedupdown/006_Sound26.wav,04dead1485ced74fcc36d93e123f7c54060111159c18e94b6a688625b6459cf1
speedupdown/007_Sound27.wav,audio,8324,0.09288,pcm_s16le,44100,1,audio/x-wav,https://raw.githubusercontent.com/ZBZFirst/file/master/samples/speedupdown/007_Sound27.wav,e83fa9b894a28ea38e3c3d56052705a1c3575cf970b2c14991baf34f2628d004
speedupdown/008_Sound28.wav,audio,1350,0.01381,pcm_s16le,44100,1,audio/x-wav,https://raw.githubusercontent.com/ZBZFirst/file/master/samples/speedupdown/008_Sound28.wav,5d5aaeed4be43f3af175193a5cc7b39ec780e3d8d9467daf1e5a4467846a86bf
stab/000_stab1.wav,audio,72554,0.819977,pcm_s16le,44100,1,audio/x-wav,https://raw.githubusercontent.com/ZBZFirst/file/master/samples/stab/000_stab1.wav,74c6f857076bddedbff3543ed05b66e81b35c3306bea2e2b6b92022a5a6bf076
stab/001_stab10.wav,audio,46162,0.512132,pcm_s16le,44100,1,audio/x-wav,https://raw.githubusercontent.com/ZBZFirst/file/master/samples/stab/001_stab10.wav,5e619bcbb7161873b41ccddac57642f95b8233f110616854649fff501d2023fb
stab/002_stab11.wav,audio,46162,0.512132,pcm_s16le,44100,1,audio/x-wav,https://raw.githubusercontent.com/ZBZFirst/file/master/samples/stab/002_stab11.wav,8c0760c36f73f3a3ba0066b6c539dd7fec25984b63c652fd36157cbc83e1d2d7
stab/003_stab12.wav,audio,47600,0.526712,pcm_s16le,44100,1,audio/x-wav,https://raw.githubusercontent.com/ZBZFirst/file/master/samples/stab/003_stab12.wav,7a7aca90d85d0fe10f65a136eb815e2b9e4ea1f167a4a2e146e823c9a8e0480f
stab/004_stab13.wav,audio,48586,0.537029,pcm_s16le,44100,1,audio/x-wav,https://raw.githubusercontent.com/ZBZFirst/file/master/samples/stab/004_stab13.wav,33ecbd3798ab8479a0b77b58dcc7515029ef7a4b40e312f22ae3feea8796651d
stab/005_stab14.wav,audio,48006,0.529592,pcm_s16le,44100,1,audio/x-wav,https://raw.githubusercontent.com/ZBZFirst/file/master/samples/stab/005_stab14.wav,9a078a65b6d4da09a765269742f024df9f968ec86d1c74c6ef904a3ad0bac45f
stab/006_stab15.wav,audio,49818,0.549274,pcm_s16le,44100,1,audio/x-wav,https://raw.githubusercontent.com/ZBZFirst/file/master/samples/stab/006_stab15.wav,21bbe248b639f0a8f828a0cc8bd7d7940fb6cce57caa6dfefc9e04f62b060f92
stab/007_stab16.wav,audio,51696,0.569705,pcm_s16le,44100,1,audio/x-wav,https://raw.githubusercontent.com/ZBZFirst/file/master/samples/stab/007_stab16.wav,1a776c0dff1fbb0fae216211a33db2d570a1c9324893bebdae1d813130ca9a89
stab/008_stab17.wav,audio,51696,0.569705,pcm_s16le,44100,1,audio/x-wav,https://raw.githubusercontent.com/ZBZFirst/file/master/samples/stab/008_stab17.wav,1a776c0dff1fbb0fae216211a33db2d570a1c9324893bebdae1d813130ca9a89
stab/009_stab18.wav,audio,59130,0.652268,pcm_s16le,44100,1,audio/x-wav,https://raw.githubusercontent.com/ZBZFirst/file/master/samples/stab/009_stab18.wav,33069f9c6641ca54b19df5ab20c3b0cded056cbe8df234c2f7d4ca12456e7a7c
stab/010_stab19.wav,audio,58634,0.645782,pcm_s16le,44100,1,audio/x-wav,https://raw.githubusercontent.com/ZBZFirst/file/master/samples/stab/010_stab19.wav,647bb7ad2ad8916b296133433dd9028a186d48fe8247e1207b75d80af1b14ae8
stab/011_stab2.wav,audio,78332,0.884626,pcm_s16le,44100,1,audio/x-wav,https://raw.githubusercontent.com/ZBZFirst/file/master/samples/stab/011_stab2.wav,0d1090f05c0a6f9c8d9ed607878d5b4fd355b495c9f8eb744e8e8ac87b490af8
stab/012_stab20.wav,audio,75352,0.834467,pcm_s16le,44100,1,audio/x-wav,https://raw.githubusercontent.com/ZBZFirst/file/master/samples/stab/012_stab20.wav,405a124ee43bd3f75788a705df9afefb5823b3738c85d8b2e3a5632e511cfbbd
stab/013_stab21.wav,audio,59092,0.649252,pcm_s16le,44100,1,audio/x-wav,https://raw.githubusercontent.com/ZBZFirst/file/master/samples/stab/013_stab21.wav,db84670188abe180c71c438596488fdd9c63fa588b4c3c179fa0465ddd17bc04
stab/014_stab22.wav,audio,47872,0.520317,pcm_s16le,44100,1,audio/x-wav,https://raw.githubusercontent.com/ZBZFirst/file/master/samples/stab/014_stab22.wav,27ceaa08a66aa1fcef8556e4181ba99c1d9fe04e28fb05adc023dd28620e8705
stab/015_stab23.wav,audio,46470,0.50356,pcm_s16le,44100,1,audio/x-wav,https://raw.githubusercontent.com/ZBZFirst/file/master/samples/stab/015_stab23.wav,b92bb8ac0be04fca94e2cd7ce6786a39c4031c7ad3114deed8662defa541995f
stab/016_stab3.wav,audio,82062,0.926054,pcm_s16le,44100,1,audio/x-wav,https://raw.githubusercontent.com/ZBZFirst/file/master/samples/stab/016_stab3.wav,73ebd5618626f68c0e1d33adfa2d0aea2c75342a69d1a2d61f36525ff3294b8a
stab/017_stab4.wav,audio,87084,0.982132,pcm_s16le,44100,1,audio/x-wav,https://raw.githubusercontent.com/ZBZFirst/file/master/samples/stab/017_stab4.wav,7bff22dc3f6875d079c085a25c69fabff874e1da60c6164171c16ada7896e83b
stab/018_stab5.wav,audio,68918,0.775306,pcm_s16le,44100,1,audio/x-wav,https://raw.githubusercontent.com/ZBZFirst/file/master/samples/stab/018_stab5.wav,4911ea85099653c6876298251c7fefafddf4283bd1d16670bd504a02f68be796
stab/019_stab6.wav,audio,79162,0.889728,pcm_s16le,44100,1,audio/x-wav,https://raw.githubusercontent.com/ZBZFirst/file/master/samples/stab/019_stab6.wav,34a9098457ce796a6b4b339a29668eca5ef0ed465075597d5146d11a3e41aeac
stab/020_stab7.wav,audio,66524,0.745578,pcm_s16le,44100,1,audio/x-wav,https://raw.githubusercontent.com/ZBZFirst/file/master/samples/stab/020_stab7.wav,0e2db14850446a92ccda7928d9ced549b29f07c4840e30e144e13e27d9db257d
stab/021_stab8.wav,audio,66534,0.74483,pcm_s16le,44100,1,audio/x-wav,https://raw.githubusercontent.com/ZBZFirst/file/master/samples/stab/021_stab8.wav,fb5980cc0d4e3952a28499031d0ea51c1baed4a66d83d161268b21ff841664ea
stab/022_stab9.wav,audio,56836,0.634014,pcm_s16le,44100,1,audio/x-wav,https://raw.githubusercontent.com/ZBZFirst/file/master/samples/stab/022_stab9.wav,c4183029920d693b6a2290cb7562b4da7cb86d0e4356997b9d3de67f0fb56902
stomp/000_0.wav,audio,8866,0.2,pcm_s16le,22050,1,audio/x-wav,https://raw.githubusercontent.com/ZBZFirst/file/master/samples/stomp/000_0.wav,a28b80fb411fc832940ee81ea02575799ec41222a781ce8ac00e233db2d64587
stomp/001_0_2.wav,audio,8866,0.100227,pcm_s16le,44000,1,audio/x-wav,https://raw.githubusercontent.com/ZBZFirst/file/master/samples/stomp/001_0_2.wav,df13bc0f868b767d85378fc1e3a11f23afca24dd2cabc1943eb7a80abd9d3fc3
stomp/002_1.wav,audio,8866,0.2,pcm_s16le,22050,1,audio/x-wav,https://raw.githubusercontent.com/ZBZFirst/file/master/samples/stomp/002_1.wav,70f31f60b68f0cef6bacfb2c5d454dcdc0339df3c5bff83e04b257b7042cd6a5
stomp/003_2.wav,audio,8866,0.2,pcm_s16le,22050,1,audio/x-wav,https://raw.githubusercontent.com/ZBZFirst/file/master/samples/stomp/003_2.wav,3a7356e443b913e15ffe59648441bb5da464e035bb1717b487249ec10afd16ed
stomp/004_3.wav,audio,8936,0.201587,pcm_s16le,22050,1,audio/x-wav,https://raw.githubusercontent.com/ZBZFirst/file/master/samples/stomp/004_3.wav,e99104255f23346087310fef0d3c9fda74e61a558956e44d262c11c651cb8f44
stomp/005_5.wav,audio,8866,0.2,pcm_s16le,22050,1,audio/x-wav,https://raw.githubusercontent.com/ZBZFirst/file/master/samples/stomp/005_5.wav,7ba9132abd8c324cf0fb81d53336b68c114266db02092d923eee8b017d24dcaa
stomp/006_6.wav,audio,8866,0.2,pcm_s16le,22050,1,audio/x-wav,https://raw.githubusercontent.com/ZBZFirst/file/master/samples/stomp/006_6.wav,a07374d241be791d146fa562199bc0c03e5aa6cc2092c8f43c18013cdf3e769d
stomp/007_7.wav,audio,8866,0.2,pcm_s16le,22050,1,audio/x-wav,https://raw.githubusercontent.com/ZBZFirst/file/master/samples/stomp/007_7.wav,316ff2646c8ebc5e77db63546cd27ab81d1f18378c0a6cc7ba4c238fe3b4be86
stomp/008_8.wav,audio,8866,0.2,pcm_s16le,22050,1,audio/x-wav,https://raw.githubusercontent.com/ZBZFirst/file/master/samples/stomp/008_8.wav,e0076b14d6265c202f114fe90c04f6095ff13f57ac06ec736d9ac07d58aabe3a
stomp/009_9.wav,audio,850,0.018231,pcm_s16le,22050,1,audio/x-wav,https://raw.githubusercontent.com/ZBZFirst/file/master/samples/stomp/009_9.wav,6c9789e18a46db696aafaef3962632523c2234ff86beb000be8edcfec0116170
strudel.json,text,47637,,,,,application/json,https://raw.githubusercontent.com/ZBZFirst/file/master/samples/strudel.json,5b832eca4e3cbc9db2105097c2dd5e0c071ef56f1267a211069c10fd84fbc346
subroc3d/000_01.wav,audio,87478,0.991315,pcm_s16le,44100,1,audio/x-wav,https://raw.githubusercontent.com/ZBZFirst/file/master/samples/subroc3d/000_01.wav,c48fb792a2eba3dfb0ac880e580fe0f54c39d1e097eafd4011d1b8167082b61d
subroc3d/001_02.wav,audio,81530,0.923878,pcm_s16le,44100,1,audio/x-wav,https://raw.githubusercontent.com/ZBZFirst/file/master/samples/subroc3d/001_02.wav,9cee5c0d230bf35c8cc5a1e382e820aa2844d822cd9e21080be9b82bad6ed437
subroc3d/002_03.wav,audio,89124,1.009977,pcm_s16le,44100,1,audio/x-wav,https://raw.githubusercontent.com/ZBZFirst/file/master/samples/subroc3d/002_03.wav,71e1fd6120ce7be6e2cf5061536ad7b1c261fc01ecfb9a6905496454ffaaeba5
subroc3d/003_04.wav,audio,87454,0.991043,pcm_s16le,44100,1,audio/x-wav,https://raw.githubusercontent.com/ZBZFirst/file/master/samples/subroc3d/003_04.wav,038395b61a7e6f67a39b4fec99739f004866cb5610124255904de1b7dce7f422
subroc3d/004_05.wav,audio,87962,0.996803,pcm_s16le,44100,1,audio/x-wav,https://raw.githubusercontent.com/ZBZFirst/file/master/samples/subroc3d/004_05.wav,c61d2b378bf23a5a8726b75b6a629ccaf0385ec1acefbca387dbffd3743a5c10
subroc3d/005_06.wav,audio,70338,0.796984,pcm_s16le,44100,1,audio/x-wav,https://raw.githubusercontent.com/ZBZFirst/file/master/samples/subroc3d/005_06.wav,5590a29882e5831545fbe23f0a01b3e05f117412951c93a7729f4fdeba886bc7
subroc3d/006_07.wav,audio,85936,0.973832,pcm_s16le,44100,1,audio/x-wav,https://raw.githubusercontent.com/ZBZFirst/file/master/samples/subroc3d/006_07.wav,c72a37245c6391a41b2f6b19870c5d7c585ff5294d8f2f9d0d3ecf550f72abec
subroc3d/007_08.wav,audio,34940,0.394807,pcm_s16le,44100,1,audio/x-wav,https://raw.githubusercontent.com/ZBZFirst/file/master/samples/subroc3d/007_08.wav,9d1093ad83c5006a9b04dd4a4d19b750ca72be0e76f477e94a7446ccb875bd76
subroc3d/008_09.wav,audio,820214,9.29898,pcm_s16le,44100,1,audio/x-wav,https://raw.githubusercontent.com/ZBZFirst/file/master/samples/subroc3d/008_09.wav,a4bf7a05947dd685306eda60afc032d942103c657a8bbb2b5d42a69923231ca0
subroc3d/009_11.wav,audio,6496,0.073152,pcm_s16le,44100,1,audio/x-wav,https://raw.githubusercontent.com/ZBZFirst/file/master/samples/subroc3d/009_11.wav,36d5308472acf06975660929ac679404c6fd08ef7ce06b29e2f1f30da779ab49
subroc3d/010_12.wav,audio,13964,0.157823,pcm_s16le,44100,1,audio/x-wav,https://raw.githubusercontent.com/ZBZFirst/file/master/samples/subroc3d/010_12.wav,537fd274d6719af0b010ea6d1e28313d8c018bc3519662013756f81de8abe0f7
sugar/000_bark.wav,audio,444668,2.520544,pcm_s16le,44100,2,audio/x-wav,https://raw.githubusercontent.com/ZBZFirst/file/master/samples/sugar/000_bark.wav,eb57e49c98ff052c7110460d52ec360f0f01054da7c68e4f4057159d56bbb1e3
sugar/001_crab.wav,audio,189434,17.178231,pcm_u8,11025,1,audio/x-wav,https://raw.githubusercontent.com/ZBZFirst/file/master/samples/sugar/001_crab.wav,1e97ece41f9ca0f533bd3ddf265b5daa37e948749b8edc692d07bde4fe2185e0
sundance/000_bong.wav,audio,118646,1.343855,pcm_s16le,44100,1,audio/x-wav,https://raw.githubusercontent.com/ZBZFirst/file/master/samples/sundance/000_bong.wav,0becc8c3a192108df4e7875b42c737bb32798f5109ecac072ca06fb9543acc8b
sundance/001_explsion.wav,audio,293014,3.320816,pcm_s16le,44100,1,audio/x-wav,https://raw.githubusercontent.com/ZBZFirst/file/master/samples/sundance/001_explsion.wav,ab01cca2f70d4896b361f5bbe53ccaa772359dca64966d6a522d8941e1a85e0d
sundance/002_hatch.wav,audio,50182,0.567619,pcm_s16le,44100,1,audio/x-wav,https://raw.githubusercontent.com/ZBZFirst/file/master/samples/sundance/002_hatch.wav,34d9f2e529a107fda46189f0250be350d130b68694e7bc145ee0be6583fcee91
sundance/003_ping1.wav,audio,39716,0.448957,pcm_s16le,44100,1,audio/x-wav,https://raw.githubusercontent.com/ZBZFirst/file/master/samples/sundance/003_ping1.wav,ae2cae3cd7880de86d5ceca28fbd3ad1d7234122d96b6a80bba56b538d7c55e2
sundance/004_ping2.wav,audio,33986,0.383991,pcm_s16le,44100,1,audio/x-wav,https://raw.githubusercontent.com/ZBZFirst/file/master/samples/sundance/004_ping2.wav,7839c0285a781692595909e3cbec31bcc77524107f8e8de0b215caf00ba4f21e
sundance/005_whoosh.wav,audio,93046,1.053605,pcm_s16le,44100,1,audio/x-wav,https://raw.githubusercontent.com/ZBZFirst/file/master/samples/sundance/005_whoosh.wav,8d8fadda1fffedb483c85996ff043f1dadb1c5f795f7d18c9ec98212565d5286
tabla/000_bass_flick1.wav,audio,244972,1.388481,pcm_s16le,44100,2,audio/x-wav,https://raw.githubusercontent.com/ZBZFirst/file/master/samples/tabla/000_bass_flick1.wav,f71e0a450b9ce36a9b261b27795369f1693627617385a2457970c70b6a9b25c4
tabla/001_bass_flick2.wav,audio,431780,2.447483,pcm_s16le,44100,2,audio/x-wav,https://raw.githubusercontent.com/ZBZFirst/file/master/samples/tabla/001_bass_flick2.wav,03946120811c3c7588cc0ed363c710a1412c824376dc68d1da06a3a65e18d053
tabla/002_bass_lick1.wav,audio,538264,3.051134,pcm_s16le,44100,2,audio/x-wav,https://raw.githubusercontent.com/ZBZFirst/file/master/samples/tabla/002_bass_lick1.wav,5c3a572ceae7ef9630513b0956b3d89247839d471685874d6e871e7b8c559cbe
tabla/003_dead_hit1.wav,audio,30304,0.171542,pcm_s16le,44100,2,audio/x-wav,https://raw.githubusercontent.com/ZBZFirst/file/master/samples/tabla/003_dead_hit1.wav,eb3bec511281f19a5cbd0e26e3123dfeff4566fea7d43c7968e39a049186acc4
tabla/004_dead_hit2.wav,audio,198108,1.122812,pcm_s16le,44100,2,audio/x-wav,https://raw.githubusercontent.com/ZBZFirst/file/master/samples/tabla/004_dead_hit2.wav,38830d1b22b1ab0a2aa9b17ed82997dde992705b7d69089a5d9d511591dea778
tabla/005_dead_hit3.wav,audio,160332,0.908662,pcm_s16le,44100,2,audio/x-wav,https://raw.githubusercontent.com/ZBZFirst/file/master/samples/tabla/005_dead_hit3.wav,48d4a837506b9c3db9589a7648579c0a46de6fe06b350afb3ad12d9763efa68c
tabla/006_d_sharp_hit.wav,audio,446484,2.530839,pcm_s16le,44100,2,audio/x-wav,https://raw.githubusercontent.com/ZBZFirst/file/master/samples/tabla/006_d_sharp_hit.wav,246b7413f56dddf1f484d6023e983840595dfbdfa7d7cf1cfbb10d26a2db893d
tabla/007_hi_flick1.wav,audio,446324,2.529932,pcm_s16le,44100,2,audio/x-wav,https://raw.githubusercontent.com/ZBZFirst/file/master/samples/tabla/007_hi_flick1.wav,1b326c882b6a8d8cfefcbe3bc03f8bb3faf37e7e48fbfbbae2b29da0fcad06fb
tabla/008_hi_flick2.wav,audio,196648,1.114535,pcm_s16le,44100,2,audio/x-wav,https://raw.githubusercontent.com/ZBZFirst/file/master/samples/tabla/008_hi_flick2.wav,6315da5270839dcdef5024d1ad3420bd7fc4e43ebf4f931c8f4eb29741de7948
tabla/009_hi_hit1.wav,audio,28200,0.159615,pcm_s16le,44100,2,audio/x-wav,https://raw.githubusercontent.com/ZBZFirst/file/master/samples/tabla/009_hi_hit1.wav,e5a9b816805366b400e7e6fcc0b72c3c0a951156632fa08403e0529c4614222d
tabla/010_hi_hit10.wav,audio,79564,0.450794,pcm_s16le,44100,2,audio/x-wav,https://raw.githubusercontent.com/ZBZFirst/file/master/samples/tabla/010_hi_hit10.wav,8cda0ab96e6beea57332c752c13b643c0c6e7cd22b22495316ddffe0a0ada134
tabla/011_hi_hit2.wav,audio,32180,0.182177,pcm_s16le,44100,2,audio/x-wav,https://raw.githubusercontent.com/ZBZFirst/file/master/samples/tabla/011_hi_hit2.wav,cc8cddcc48a85ffcde8c7177fc39342f8d6d28d7aec2a88c3f5626d5cd6b16fe
tabla/012_hi_hit3.wav,audio,427044,2.420635,pcm_s16le,44100,2,audio/x-wav,https://raw.githubusercontent.com/ZBZFirst/file/master/samples/tabla/012_hi_hit3.wav,4317de68ad99b8e65213cf657b79245109afce10a4f83a288fb3d5c6b2531eb0
tabla/013_hi_hit4.wav,audio,95784,0.542744,pcm_s16le,44100,2,audio/x-wav,https://raw.githubusercontent.com/ZBZFirst/file/master/samples/tabla/013_hi_hit4.wav,78ea42383ed6b3ff30555ab80db32079d1321fd30052604c838758b291917d5c
tabla/014_hi_hit5.wav,audio,318192,1.80356,pcm_s16le,44100,2,audio/x-wav,https://raw.githubusercontent.com/ZBZFirst/file/master/samples/tabla/014_hi_hit5.wav,d02783706de2feefc8bf2abb07f9263c95e927dabb9799673972bf47d5a58410
tabla/015_hi_hit6.wav,audio,104240,0.59068,pcm_s16le,44100,2,audio/x-wav,https://raw.githubusercontent.com/ZBZFirst/file/master/samples/tabla/015_hi_hit6.wav,27067c9428075a3d56c89f7aac51619e56ee52c344deac65ccb7c5be9988d3b7
tabla/016_hi_hit7.wav,audio,292324,1.656916,pcm_s16le,44100,2,audio/x-wav,https://raw.githubusercontent.com/ZBZFirst/file/master/samples/tabla/016_hi_hit7.wav,714a967c6efea50304882f3126f3feaaa9c3c0e9e1d4fe52b18b8f6b0fac89b6
tabla/017_hi_hit8.wav,audio,289516,1.640998,pcm_s16le,44100,2,audio/x-wav,https://raw.githubusercontent.com/ZBZFirst/file/master/samples/tabla/017_hi_hit8.wav,2f09522fe0396c2930e308886147d7720233f9d94a3643b4804f2cc2395d630b
tabla/018_hi_hit9.wav,audio,32168,0.182109,pcm_s16le,44100,2,audio/x-wav,https://raw.githubusercontent.com/ZBZFirst/file/master/samples/tabla/018_hi_hit9.wav,593bbfd427772585376f397d3d884f8853ad234ffaf8093fae3598a8e3ab03e8
tabla/019_lower1_hit.wav,audio,423900,2.402812,pcm_s16le,44100,2,audio/x-wav,https://raw.githubusercontent.com/ZBZFirst/file/master/samples/tabla/019_lower1_hit.wav,fb2593c96c7f8de137ff3ec0f94d5b780edc731ddab88dea018ea05b62df6a7f
tabla/020_lower2_hit.wav,audio,375632,2.129184,pcm_s16le,44100,2,audio/x-wav,https://raw.githubusercontent.com/ZBZFirst/file/master/samples/tabla/020_lower2_hit.wav,5cc1614bdf38ae599a9f749c5b7a363cd35bb4d483a9493422479bde3582439c
tabla/021_lower3_hit.wav,audio,348100,1.973107,pcm_s16le,44100,2,audio/x-wav,https://raw.githubusercontent.com/ZBZFirst/file/master/samples/tabla/021_lower3_hit.wav,acbfeb3c110803e914d745d073f28a5c73182ff88d5943cde7cd76c798d08de1
tabla/022_lower4_hit.wav,audio,242248,1.373039,pcm_s16le,44100,2,audio/x-wav,https://raw.githubusercontent.com/ZBZFirst/file/master/samples/tabla/022_lower4_hit.wav,12c4e72b4595cb99adeae0beed6f47bbf6813d25d6ac4e8835d0bb87b3584a05
tabla/023_lower5_hit.wav,audio,280176,1.58805,pcm_s16le,44100,2,audio/x-wav,https://raw.githubusercontent.com/ZBZFirst/file/master/samples/tabla/023_lower5_hit.wav,f32dbf63d715bf77db77d1b8b54bb460f076b9cc0e46d71c2df1054c6e8c8811
tabla/024_lower6_hit.wav,audio,29240,0.16551,pcm_s16le,44100,2,audio/x-wav,https://raw.githubusercontent.com/ZBZFirst/file/master/samples/tabla/024_lower6_hit.wav,7c0af0a3a57d566a7587718d1d3e84ca804cdb6431550af9777039e4e22cb7ed
tabla/025_lower_hits_descending.wav,audio,790236,4.479546,pcm_s16le,44100,2,audio/x-wav,https://raw.githubusercontent.com/ZBZFirst/file/master/samples/tabla/025_lower_hits_descending.wav,0079015e4a477dc85afb96e4c5cc8f4014e69c8cab2f57dd63588d8ac98a4c68
tabla2/23645_loofa_A_001.wav,audio,208410,2.362426,pcm_s16le,44100,1,audio/x-wav,https://raw.githubusercontent.com/ZBZFirst/file/master/samples/tabla2/23645_loofa_A_001.wav,07424a2f2150297c5aacac50995dddd6ef1b5a16cc3658d370fb87d68dd79d63
tabla2/23646_loofa_A_002.wav,audio,112430,1.274218,pcm_s16le,44100,1,audio/x-wav,https://raw.githubusercontent.com/ZBZFirst/file/master/samples/tabla2/23646_loofa_A_002.wav,7cf089c7165405b9633faf5ad50529fc375debb11c69a3347aca322f772bae33
tabla2/23647_loofa_A_003.wav,audio,132158,1.497891,pcm_s16le,44100,1,audio/x-wav,https://raw.githubusercontent.com/ZBZFirst/file/master/samples/tabla2/23647_loofa_A_003.wav,e7b15486052b9ed26aaf0e171494f337c794d13afb4c3de14b12424589e56956
tabla2/23648_loofa_A_004.wav,audio,156736,1.776553,pcm_s16le,44100,1,audio/x-wav,https://raw.githubusercontent.com/ZBZFirst/file/master/samples/tabla2/23648_loofa_A_004.wav,cedb379561f7ec2bf3d62a53fec0906b78fa0c1625836c78a9bf690b7ffba7dd
tabla2/23649_loofa_A_005.wav,audio,221640,2.512426,pcm_s16le,44100,1,audio/x-wav,https://raw.githubusercontent.com/ZBZFirst/file/master/samples/tabla2/23649_loofa_A_005.wav,506b7b7eb0d24b9771dba50f8073cd32f9e9258806b5800e6cceefeafe2f908b
tabla2/23650_loofa_A_006.wav,audio,194720,2.207211,pcm_s16le,44100,1,audio/x-wav,https://raw.githubusercontent.com/ZBZFirst/file/master/samples/tabla2/23650_loofa_A_006.wav,33a4456ab2de553fad61baf0a072ec32da5b7450f5a097f2fbbdfc6871df43e7
tabla2/23651_loofa_A_007.wav,audio,218698,2.47907,pcm_s16le,44100,1,audio/x-wav,https://raw.githubusercontent.com/ZBZFirst/file/master/samples/tabla2/23651_loofa_A_007.wav,3f66f5d831fd2169bb013006b0d489beb8b4e628a4449f4acf041645f80d7cfc
tabla2/23652_loofa_A_008.wav,audio,281296,3.188798,pcm_s16le,44100,1,audio/x-wav,https://raw.githubusercontent.com/ZBZFirst/file/master/samples/tabla2/23652_loofa_A_008.wav,de6267c611cec78ec3af90315cb8b873b1593dad425d45a6f349bac4b4466e29
tabla2/23653_loofa_A_009.wav,audio,85444,0.968254,pcm_s16le,44100,1,audio/x-wav,https://raw.githubusercontent.com/ZBZFirst/file/master/samples/tabla2/23653_loofa_A_009.wav,26f3ef799e69d3bcfeaa68425fcc7e39a51924a77241b48bec570bc927448b7c
tabla2/23654_loofa_A_010.wav,audio,95694,1.084467,pcm_s16le,44100,1,audio/x-wav,https://raw.githubusercontent.com/ZBZFirst/file/master/samples/tabla2/23654_loofa_A_010.wav,151f784fce1cebc0e73b2552d67918458caf266959330adff4c1cdbbfa9203aa
tabla2/23655_loofa_A_011.wav,audio,90026,1.020204,pcm_s16le,44100,1,audio/x-wav,https://raw.githubusercontent.com/ZBZFirst/file/master/samples/tabla2/23655_loofa_A_011.wav,e64abe24bc66c2b5e997d3d2bb70943217cf7e65e278463530368d548b6ca2c5
tabla2/23656_loofa_A_012.wav,audio,111136,1.259546,pcm_s16le,44100,1,audio/x-wav,https://raw.githubusercontent.com/ZBZFirst/file/master/samples/tabla2/23656_loofa_A_012.wav,6054573d269ed2932eb59b013b15327de8241db90f22b98a2ac34ee57971f65b
tabla2/23657_loofa_A_013.wav,audio,27334,0.30941,pcm_s16le,44100,1,audio/x-wav,https://raw.githubusercontent.com/ZBZFirst/file/master/samples/tabla2/23657_loofa_A_013.wav,5216430b532a7f6d60bf0f4b68065201478a7eaeac167a9f1df2beed4e5a0f56
tabla2/23658_loofa_A_014.wav,audio,73726,0.835397,pcm_s16le,44100,1,audio/x-wav,https://raw.githubusercontent.com/ZBZFirst/file/master/samples/tabla2/23658_loofa_A_014.wav,ab0693fb8c1e7e859310322f26e8f2442585c0ee24c8f5265079e5c43bea537a
tabla2/23659_loofa_A_015.wav,audio,96644,1.095238,pcm_s16le,44100,1,audio/x-wav,https://raw.githubusercontent.com/ZBZFirst/file/master/samples/tabla2/23659_loofa_A_015.wav,8a801232b7b58e828cd3376c2d6a16aa8bb7676ab56bb81c0afac7b42d59db79
tabla2/23660_loofa_A_016.wav,audio,31356,0.355011,pcm_s16le,44100,1,audio/x-wav,https://raw.githubusercontent.com/ZBZFirst/file/master/samples/tabla2/23660_loofa_A_016.wav,2b9933dfbd433d5611031388744bec6f36620ba428f4235e75d95470d7cc1b38
tabla2/23661_loofa_A_017.wav,audio,97984,1.110431,pcm_s16le,44100,1,audio/x-wav,https://raw.githubusercontent.com/ZBZFirst/file/master/samples/tabla2/23661_loofa_A_017.wav,2db40531d4fab37c5a6c14d7259ce38b53b7a6fb945035d62743f6b902e20cdd
tabla2/23662_loofa_A_018.wav,audio,94700,1.073197,pcm_s16le,44100,1,audio/x-wav,https://raw.githubusercontent.com/ZBZFirst/file/master/samples/tabla2/23662_loofa_A_018.wav,e20e0b3430208b25269214538bcd095ca5c8e1c2a914be8a920672d0021b163d
tabla2/23663_loofa_A_019.wav,audio,246630,2.79576,pcm_s16le,44100,1,audio/x-wav,https://raw.githubusercontent.com/ZBZFirst/file/master/samples/tabla2/23663_loofa_A_019.wav,2860ae97198512dbb1efc29ade97e7d24188ba02e163f75ee2feca38d688a817
tabla2/23664_loofa_A_020.wav,audio,306286,3.472132,pcm_s16le,44100,1,audio/x-wav,https://raw.githubusercontent.com/ZBZFirst/file/master/samples/tabla2/23664_loofa_A_020.wav,7815e1cad1838c84c5d61b72313be243494e125cb24b4d035d30628334d348b5
tabla2/23665_loofa_A_021.wav,audio,204000,2.312426,pcm_s16le,44100,1,audio/x-wav,https://raw.githubusercontent.com/ZBZFirst/file/master/samples/tabla2/23665_loofa_A_021.wav,9cb07da9e24050e25efd5778d9594e7c21e5537f56e2c203234971ff6798b493
tabla2/23666_loofa_A_022.wav,audio,157414,1.78424,pcm_s16le,44100,1,audio/x-wav,https://raw.githubusercontent.com/ZBZFirst/file/master/samples/tabla2/23666_loofa_A_022.wav,8303fe189fec3f9ecf94217ac7bd44df4cdb034c741d4998f29a624f5f00d442
tabla2/23667_loofa_A_023.wav,audio,166394,1.886054,pcm_s16le,44100,1,audio/x-wav,https://raw.githubusercontent.com/ZBZFirst/file/master/samples/tabla2/23667_loofa_A_023.wav,d5cdb0eaadd0b5bf5424805219661f36c5dd48f4bafc003df5516a79980ed236
tabla2/23668_loofa_A_024.wav,audio,103712,1.175374,pcm_s16le,44100,1,audio/x-wav,https://raw.githubusercontent.com/ZBZFirst/file/master/samples/tabla2/23668_loofa_A_024.wav,279ea335f0196c2662c98db0fc180961d84a300e0a6fd6ee9ec04d060c2aaadb
tabla2/23669_loofa_A_025.wav,audio,112618,1.276349,pcm_s16le,44100,1,audio/x-wav,https://raw.githubusercontent.com/ZBZFirst/file/master/samples/tabla2/23669_loofa_A_025.wav,c936c0e1f120df6666eee1ae310ad3392d12a96bed6d552c21a436549f4c530a
tabla2/23670_loofa_A_026.wav,audio,102328,1.159683,pcm_s16le,44100,1,audio/x-wav,https://raw.githubusercontent.com/ZBZFirst/file/master/samples/tabla2/23670_loofa_A_026.wav,587b62e8ecbc1b7526db0d87b80cb5a22ee417a469ae7a9c178156f2df1ad466
tabla2/23671_loofa_A_027.wav,audio,99388,1.126349,pcm_s16le,44100,1,audio/x-wav,https://raw.githubusercontent.com/ZBZFirst/file/master/samples/tabla2/23671_loofa_A_027.wav,8e1668d7006e950f9bc871af8fc3cbc0af7e8602d22a6a2f05ef8c697fcd1e80
tabla2/23672_loofa_A_028.wav,audio,72928,0.826349,pcm_s16le,44100,1,audio/x-wav,https://raw.githubusercontent.com/ZBZFirst/file/master/samples/tabla2/23672_loofa_A_028.wav,df190082c6ff5b75bff6154e9cd7934ee8ed90ab6a49ba28d35819a36757436f
tabla2/23673_loofa_bahia001.wav,audio,437786,4.963061,pcm_s16le,44100,1,audio/x-wav,https://raw.githubusercontent.com/ZBZFirst/file/master/samples/tabla2/23673_loofa_bahia001.wav,8cb4d8ba99f3f7a2d85cdce411e4e5ef83270f2a9a2cd07b0a672b30f66767b9
tabla2/23674_loofa_bahia002.wav,audio,445154,5.046599,pcm_s16le,44100,1,audio/x-wav,https://raw.githubusercontent.com/ZBZFirst/file/master/samples/tabla2/23674_loofa_bahia002.wav,44b599d282c04450efd9fd16b7fbb0492a106384f62e0c0c44a7592888558cc2
tabla2/23675_loofa_bahia003.wav,audio,80188,0.908662,pcm_s16le,44100,1,audio/x-wav,https://raw.githubusercontent.com/ZBZFirst/file/master/samples/tabla2/23675_loofa_bahia003.wav,d5db2ff4dc8b0fd6163ad5b60248fe1158093d165a39ff6e0e4112a00f5f9131
tabla2/23676_loofa_bahia004.wav,audio,102912,1.166304,pcm_s16le,44100,1,audio/x-wav,https://raw.githubusercontent.com/ZBZFirst/file/master/samples/tabla2/23676_loofa_bahia004.wav,d57f9ac711a0c61a7430b17e96e906a2604da0df08ca523ecbdec8f445bb9d20
tabla2/23677_loofa_bahia005.wav,audio,89886,1.018617,pcm_s16le,44100,1,audio/x-wav,https://raw.githubusercontent.com/ZBZFirst/file/master/samples/tabla2/23677_loofa_bahia005.wav,0013b97ede690f7b71246756f037270d3144f333e16c98c4ac1de322005b03e7
tabla2/23678_loofa_bahia006.wav,audio,69050,0.782381,pcm_s16le,44100,1,audio/x-wav,https://raw.githubusercontent.com/ZBZFirst/file/master/samples/tabla2/23678_loofa_bahia006.wav,e1f66ef4876a64a76feb35b16f26c168de7706f4937daa445b6966b583044f0e
tabla2/23679_loofa_bahia007.wav,audio,341006,3.865782,pcm_s16le,44100,1,audio/x-wav,https://raw.githubusercontent.com/ZBZFirst/file/master/samples/tabla2/23679_loofa_bahia007.wav,88783eb4f744085e37ccdd52c83603ffbc37e0a5b5a5f157a71afd81c5d2704a
tabla2/23680_loofa_bahia008.wav,audio,68842,0.780023,pcm_s16le,44100,1,audio/x-wav,https://raw.githubusercontent.com/ZBZFirst/file/master/samples/tabla2/23680_loofa_bahia008.wav,6576c6ea2390d13b90a583d338503977e1453e68e31ca4ac1f1a1332ef543061
tabla2/23681_loofa_bahia009.wav,audio,253018,2.868186,pcm_s16le,44100,1,audio/x-wav,https://raw.githubusercontent.com/ZBZFirst/file/master/samples/tabla2/23681_loofa_bahia009.wav,f997412b8b5bbaebb3566c45f19b9d2ac3df3835be693fd5f5a3700a73cfcb3b
tabla2/23682_loofa_bahia010.wav,audio,38468,0.435646,pcm_s16le,44100,1,audio/x-wav,https://raw.githubusercontent.com/ZBZFirst/file/master/samples/tabla2/23682_loofa_bahia010.wav,62addc8a95847c49bd1207825ea036514f348a81dbef78493cbe7e338ac33b99
tabla2/23683_loofa_bahia011.wav,audio,68138,0.772041,pcm_s16le,44100,1,audio/x-wav,https://raw.githubusercontent.com/ZBZFirst/file/master/samples/tabla2/23683_loofa_bahia011.wav,e900c10841b7ff042c1a670a168b59cf4fa7e1c98873e15dc18e589781a04575
tabla2/23684_loofa_bahia012.wav,audio,326564,3.702041,pcm_s16le,44100,1,audio/x-wav,https://raw.githubusercontent.com/ZBZFirst/file/master/samples/tabla2/23684_loofa_bahia012.wav,fd8f20d18cd8336dd8a2b5eb07aad88ff1da786ebf398fa700278428d854af17
tabla2/23685_loofa_bahia013.wav,audio,20916,0.236644,pcm_s16le,44100,1,audio/x-wav,https://raw.githubusercontent.com/ZBZFirst/file/master/samples/tabla2/23685_loofa_bahia013.wav,dd874970d0fea899a18b8a8689fb5720a4e2a845ed7201c0742e81001922f013
tabla2/23686_loofa_bahia014.wav,audio,388566,4.405011,pcm_s16le,44100,1,audio/x-wav,https://raw.githubusercontent.com/ZBZFirst/file/master/samples/tabla2/23686_loofa_bahia014.wav,5114fc5dd77bc283f3b31525b1f38a3277c3096bd9172e857108a498e2419907
tabla2/23687_loofa_bahia015.wav,audio,68068,0.771247,pcm_s16le,44100,1,audio/x-wav,https://raw.githubusercontent.com/ZBZFirst/file/master/samples/tabla2/23687_loofa_bahia015.wav,e9735803c76f1ae4ad89fc62be3ce9268b9475275de34b63151b7d1b8f7cd4d7
tabla2/23688_loofa_bahia016.wav,audio,68126,0.771905,pcm_s16le,44100,1,audio/x-wav,https://raw.githubusercontent.com/ZBZFirst/file/master/samples/tabla2/23688_loofa_bahia016.wav,d556e332c53fcfe37ec1dc8f9a4eaa7117fe4036bb411540af4321bc8ef026d0
tabla2/23689_loofa_bahia017.wav,audio,53556,0.606712,pcm_s16le,44100,1,audio/x-wav,https://raw.githubusercontent.com/ZBZFirst/file/master/samples/tabla2/23689_loofa_bahia017.wav,650c28f7fa99b5822b4162294eb5a5ca325a23cf4b87722f945431129e9c1173
tabla2/23690_loofa_bahia018.wav,audio,61458,0.696304,pcm_s16le,44100,1,audio/x-wav,https://raw.githubusercontent.com/ZBZFirst/file/master/samples/tabla2/23690_loofa_bahia018.wav,91e8ca83843a1dc50147e980f7b100ad1e31d1da2b58898a809c7b849380fe90
tabla2/__details_and_attribution.txt,text,16272,,,,,text/plain,https://raw.githubusercontent.com/ZBZFirst/file/master/samples/tabla2/__details_and_attribution.txt,d914637edf384107ffed470ed2ec00c252603c94aa128146e4a8845a76ab2650
tabla2/__license.txt,text,304,,,,,text/plain,https://raw.githubusercontent.com/ZBZFirst/file/master/samples/tabla2/__license.txt,d42c8f3b9c95e2c0be4491c50fbda884a65c9fb572571d5b9e9850803039c554
tablex/0.wav,audio,45958,1.434813,pcm_s16le,16000,1,audio/x-wav,https://raw.githubusercontent.com/ZBZFirst/file/master/samples/tablex/0.wav,0d44eebd23916a47047401784da19676ea37a962e08ff302359014b2e9f978a6
tablex/1.wav,audio,90904,2.839375,pcm_s16le,16000,1,audio/x-wav,https://raw.githubusercontent.com/ZBZFirst/file/master/samples/tablex/1.wav,23ab5ae8f9134046a066cfd94e6215d4d25f5b3e0eb6d1bc2fcf69c83b8b695b
tablex/fuckable.wav,audio,59082,1.844938,pcm_s16le,16000,1,audio/x-wav,https://raw.githubusercontent.com/ZBZFirst/file/master/samples/tablex/fuckable.wav,f611fc54d0388d3a28cc0754eea277081c691dea5b4734dcb768d2d17a8b22eb
tacscan/000_01.wav,audio,504902,5.724014,pcm_s16le,44100,1,audio/x-wav,https://raw.githubusercontent.com/ZBZFirst/file/master/samples/tacscan/000_01.wav,af9f70691ca01a73562c187a7619832395e7aa553f52b5ac3c1825e137820836
tacscan/001_02.wav,audio,110206,1.249002,pcm_s16le,44100,1,audio/x-wav,https://raw.githubusercontent.com/ZBZFirst/file/master/samples/tacscan/001_02.wav,19506e84222cc0627983fc8f6f7327fa536a2541f7e7262cfc06b760d50b1014
tacscan/002_03.wav,audio,132396,1.50059,pcm_s16le,44100,1,audio/x-wav,https://raw.githubusercontent.com/ZBZFirst/file/master/samples/tacscan/002_03.wav,c042a820c519cf4a54257e42cc063d3224c77d5170640405687a2f6d138c6865
tacscan/003_1up.wav,audio,91704,1.039229,pcm_s16le,44100,1,audio/x-wav,https://raw.githubusercontent.com/ZBZFirst/file/master/samples/tacscan/003_1up.wav,8b62355726bb1e371e6bf6b41093db39fd4daa4b63b91b53a413fdc71f2ad5d5
tacscan/004_credit.wav,audio,91704,1.039229,pcm_s16le,44100,1,audio/x-wav,https://raw.githubusercontent.com/ZBZFirst/file/master/samples/tacscan/004_credit.wav,8b62355726bb1e371e6bf6b41093db39fd4daa4b63b91b53a413fdc71f2ad5d5
tacscan/005_eexpl.wav,audio,75062,0.850544,pcm_s16le,44100,1,audio/x-wav,https://raw.githubusercontent.com/ZBZFirst/file/master/samples/tacscan/005_eexpl.wav,581e154e5a6bfe1d322a0dac2651370da3bb43504c7eada9c1dc247f58a0e49e
tacscan/006_eshot.wav,audio,34104,0.386168,pcm_s16le,44100,1,audio/x-wav,https://raw.githubusercontent.com/ZBZFirst/file/master/samples/tacscan/006_eshot.wav,90757fda802cc992ff8c88e2540fd6392c95327f268a0598016038d29a5852bf
tacscan/007_flight1.wav,audio,210454,2.385601,pcm_s16le,44100,1,audio/x-wav,https://raw.githubusercontent.com/ZBZFirst/file/master/samples/tacscan/007_flight1.wav,3a4c54b12b8d8f320751f113e140abce53598d8df3c8f640d4066c51f1be99ce
tacscan/008_flight2.wav,audio,184426,2.090499,pcm_s16le,44100,1,audio/x-wav,https://raw.githubusercontent.com/ZBZFirst/file/master/samples/tacscan/008_flight2.wav,21f2ee8ea018a9cb4f2bb2b40c43d6f4fdc3f39c523a13f9647f5b1122aab7cc
tacscan/009_flight3.wav,audio,218336,2.474966,pcm_s16le,44100,1,audio/x-wav,https://raw.githubusercontent.com/ZBZFirst/file/master/samples/tacscan/009_flight3.wav,7ab7f0d5eae3317dbba44e066a6481f2365fe166700a5cb1fdc0d88475450642
tacscan/010_flight4.wav,audio,179336,2.032789,pcm_s16le,44100,1,audio/x-wav,https://raw.githubusercontent.com/ZBZFirst/file/master/samples/tacscan/010_flight4.wav,9ce52bc9226ab8adcfffb4c8f9fd837696ff7cd7be61d3bd02433a13e327b1b5
tacscan/011_flight5.wav,audio,202470,2.295079,pcm_s16le,44100,1,audio/x-wav,https://raw.githubusercontent.com/ZBZFirst/file/master/samples/tacscan/011_flight5.wav,4deba631ba0bf18530cdaaa716b94f53eb31398915b1cd7b6900a86fa78fe714
tacscan/012_formatn.wav,audio,150464,1.705442,pcm_s16le,44100,1,audio/x-wav,https://raw.githubusercontent.com/ZBZFirst/file/master/samples/tacscan/012_formatn.wav,6238f01ab2994f178378afb62d22622346d2e4648075833e6f5eccffab35c4e2
tacscan/013_pexpl.wav,audio,33574,0.380159,pcm_s16le,44100,1,audio/x-wav,https://raw.githubusercontent.com/ZBZFirst/file/master/samples/tacscan/013_pexpl.wav,28d3af5f516f4ce2ad0e6d9faf9ed67a796a566652545fcc21d634d19febf1aa
tacscan/014_plaser.wav,audio,49544,0.561224,pcm_s16le,44100,1,audio/x-wav,https://raw.githubusercontent.com/ZBZFirst/file/master/samples/tacscan/014_plaser.wav,582e9eb03a9af87290044b6db4fadaa1b89f0fba8e6f1dc332f338a07ddca1d2
tacscan/015_pship.wav,audio,48598,0.550499,pcm_s16le,44100,1,audio/x-wav,https://raw.githubusercontent.com/ZBZFirst/file/master/samples/tacscan/015_pship.wav,1de34cdfe7b6f4267ecbca104600d582a55c4670cbc1ab592b923550f0ccc489
tacscan/016_sexpl.wav,audio,167538,1.899025,pcm_s16le,44100,1,audio/x-wav,https://raw.githubusercontent.com/ZBZFirst/file/master/samples/tacscan/016_sexpl.wav,4b3b569613d741c94ac93ac48ecc0eb3a83822eec2636509faa1d1ad26398d11
tacscan/017_slaser.wav,audio,199968,2.266712,pcm_s16le,44100,1,audio/x-wav,https://raw.githubusercontent.com/ZBZFirst/file/master/samples/tacscan/017_slaser.wav,186e3683e867f6df10cae032c943f900e3a7b4b0c0cb28f25941293a5996cea9
tacscan/018_sthrust.wav,audio,400190,4.536803,pcm_s16le,44100,1,audio/x-wav,https://raw.githubusercontent.com/ZBZFirst/file/master/samples/tacscan/018_sthrust.wav,fcc1d8d230892e1fbf2cc102c7558982ececffadd815702c51bf447da49a78f3
tacscan/019_tunnelh.wav,audio,15792,0.178549,pcm_s16le,44100,1,audio/x-wav,https://raw.githubusercontent.com/ZBZFirst/file/master/samples/tacscan/019_tunnelh.wav,3333e4a52cc6fa5fc42e467e5e26c7a9757e86e23233955f73720b7fe82b1371
tacscan/020_tunnelw.wav,audio,43108,0.488254,pcm_s16le,44100,1,audio/x-wav,https://raw.githubusercontent.com/ZBZFirst/file/master/samples/tacscan/020_tunnelw.wav,2b1e5e2fc6a9933a3af1f6ba1567fb229a1dd241d7f1d806713414e4cdac3687
tacscan/021_warp.wav,audio,492716,5.58585,pcm_s16le,44100,1,audio/x-wav,https://raw.githubusercontent.com/ZBZFirst/file/master/samples/tacscan/021_warp.wav,26adeebf485a745e1d794e6215a11dfcd02f5599ea00cf459879d8865ace783b
tech/tn1closedhh.wav,audio,8896,0.049705,pcm_s16le,44100,2,audio/x-wav,https://raw.githubusercontent.com/ZBZFirst/file/master/samples/tech/tn1closedhh.wav,688e617be411763eb493db26e679603e455b1f114fa0931ed310f74b0a68cb59
tech/tn1crash.wav,audio,109696,0.621134,pcm_s16le,44100,2,audio/x-wav,https://raw.githubusercontent.com/ZBZFirst/file/master/samples/tech/tn1crash.wav,0e8a0fd2674f8ffb6b6d31ff175d86e88541b6400dc962391b5b4171d869f4b4
tech/tn1hit1.wav,audio,56576,0.32,pcm_s16le,44100,2,audio/x-wav,https://raw.githubusercontent.com/ZBZFirst/file/master/samples/tech/tn1hit1.wav,424390d310df4ed1ced0214167879645fdcdbd03f532a3ad50e6f3017a98c23f
tech/tn1hit2.wav,audio,316552,1.793787,pcm_s16le,44100,2,audio/x-wav,https://raw.githubusercontent.com/ZBZFirst/file/master/samples/tech/tn1hit2.wav,6cd25fb8691e2260527680350e05fe55bb908cd40ff98e341ac27709f9b69a6c
tech/tn1hit3.wav,audio,18852,0.106145,pcm_s16le,44100,2,audio/x-wav,https://raw.githubusercontent.com/ZBZFirst/file/master/samples/tech/tn1hit3.wav,b0e44cbe41998a68b6d5ef3016eccd85415802b908105432a22d5164b5210c88
tech/tn1kick1.wav,audio,40500,0.228866,pcm_s16le,44100,2,audio/x-wav,https://raw.githubusercontent.com/ZBZFirst/file/master/samples/tech/tn1kick1.wav,f9634b0048b80bb0f419d63ba4a24c80c17d1c266b18be71ded6f328202de926
tech/tn1kick2.wav,audio,69516,0.393356,pcm_s16le,44100,2,audio/x-wav,https://raw.githubusercontent.com/ZBZFirst/file/master/samples/tech/tn1kick2.wav,454f1a14b1350218b6df0a88293f096a0abd8b5b858a5878fdf05bec100cc3f8
tech/tn1openhh.wav,audio,57472,0.325079,pcm_s16le,44100,2,audio/x-wav,https://raw.githubusercontent.com/ZBZFirst/file/master/samples/tech/tn1openhh.wav,0d90c823fc18c467ba718da98820ca0a74a2b165da6306d3ca072d481b7a3cd6
tech/tn1perc1.wav,audio,59904,0.338866,pcm_s16le,44100,2,audio/x-wav,https://raw.githubusercontent.com/ZBZFirst/file/master/samples/tech/tn1perc1.wav,620934102858ec740771580732e917457803c1910c8472fff4c01b4d1806708f
tech/tn1perc2.wav,audio,125824,0.712562,pcm_s16le,44100,2,audio/x-wav,https://raw.githubusercontent.com/ZBZFirst/file/master/samples/tech/tn1perc2.wav,a2adf8b794bbadf8f6a93e42541196163656ecb75af3a5731374d5c8626dd819
tech/tn1ride.wav,audio,107904,0.610975,pcm_s16le,44100,2,audio/x-wav,https://raw.githubusercontent.com/ZBZFirst/file/master/samples/tech/tn1ride.wav,f606d1ed99f5e9e76587b8aed4cd66ff98c07668e5cc3bce9702441014d16f3c
tech/tn1snare1.wav,audio,138204,0.782744,pcm_s16le,44100,2,audio/x-wav,https://raw.githubusercontent.com/ZBZFirst/file/master/samples/tech/tn1snare1.wav,dc34cd27dc60f7df7a65f9ee7f8a32349e4680672d93931c56e3eefbb9a1a074
tech/tn1snare2.wav,audio,10892,0.06102,pcm_s16le,44100,2,audio/x-wav,https://raw.githubusercontent.com/ZBZFirst/file/master/samples/tech/tn1snare2.wav,a3e067e85c3f55eafcc208df34b1c8f95228e95b351af54639e941f11394ff85
techno/000_0.wav,audio,20910,0.236576,pcm_s16le,44100,1,audio/x-wav,https://raw.githubusercontent.com/ZBZFirst/file/master/samples/techno/000_0.wav,633633be182bb371cf968fedefe1c0ae022e12b48ae95f30f1ed8eb0869b24e5
techno/001_1.wav,audio,36908,0.417959,pcm_s16le,44100,1,audio/x-wav,https://raw.githubusercontent.com/ZBZFirst/file/master/samples/techno/001_1.wav,209a7ae41024a13abb148abee2015a5a9dbcbdf3d91ef45b3caa62b5f31793eb
techno/002_3.wav,audio,8060,0.181769,pcm_s16le,22050,1,audio/x-wav,https://raw.githubusercontent.com/ZBZFirst/file/master/samples/techno/002_3.wav,38b2c147c24fcab1fa0d477991747d8ce3d4356a76c49fde4ed3ef5a6b3934b2
techno/003_4.wav,audio,5764,0.129705,pcm_s16le,22050,1,audio/x-wav,https://raw.githubusercontent.com/ZBZFirst/file/master/samples/techno/003_4.wav,16131966a341c2fccb77a70ceb9b8f1d8f296d8571a3f48f1456a91e62ad659b
techno/004_5.wav,audio,29200,0.330567,pcm_s16le,44100,1,audio/x-wav,https://raw.githubusercontent.com/ZBZFirst/file/master/samples/techno/004_5.wav,5b9f9b0e93267330b5137d80364bdf06031253dabebd692d51eff74d22fcfc2d
techno/005_6.wav,audio,70246,0.795102,pcm_s16le,44100,1,audio/x-wav,https://raw.githubusercontent.com/ZBZFirst/file/master/samples/techno/005_6.wav,99057fa3f6f6d8f09dcbbcdca4ccbda57e4a9dac9a533397b34d7a9b8b00452f
techno/006_7.wav,audio,36908,0.417959,pcm_s16le,44100,1,audio/x-wav,https://raw.githubusercontent.com/ZBZFirst/file/master/samples/techno/006_7.wav,e4b29ee2924a189983027ba2d82f1b218d90da8d2c3b935b5f403a51fe272f47
tink/000_tink1.wav,audio,95908,1.085896,pcm_s16le,44100,1,audio/x-wav,https://raw.githubusercontent.com/ZBZFirst/file/master/samples/tink/000_tink1.wav,6894363a66122b4ef0dbb2143e71734d33afe2adcceb99859bc9e5648e48c69c
tink/001_tink2.wav,audio,90068,1.019683,pcm_s16le,44100,1,audio/x-wav,https://raw.githubusercontent.com/ZBZFirst/file/master/samples/tink/001_tink2.wav,0510c6584f149c22cf42aa4bcdf8e9b9ff87dad748fdd7adbd10972b8d021f79
tink/002_tink3.wav,audio,111648,1.264354,pcm_s16le,44100,1,audio/x-wav,https://raw.githubusercontent.com/ZBZFirst/file/master/samples/tink/002_tink3.wav,9b22cb77177a2f41f6bdee08588b8860f23138139c6926ad2f226cacfa0c619f
tink/003_tink4.wav,audio,97700,1.106213,pcm_s16le,44100,1,audio/x-wav,https://raw.githubusercontent.com/ZBZFirst/file/master/samples/tink/003_tink4.wav,4f34b9d0ca8ee325dfa261f2115f931003d0e6707f21481e518b505aff371472
tink/004_tink5.wav,audio,98734,1.117937,pcm_s16le,44100,1,audio/x-wav,https://raw.githubusercontent.com/ZBZFirst/file/master/samples/tink/004_tink5.wav,f0219666024e69f9704ffc43795352de56bda85eb16d5e5bd25b0fb2ef520f7f
tok/000_0.wav,audio,19856,0.224626,pcm_s16le,44100,1,audio/x-wav,https://raw.githubusercontent.com/ZBZFirst/file/master/samples/tok/000_0.wav,5a8632f7818e00c0e0b2e03581d86c15bee58f7d6e1691c19ccd15f7c96a55d8
tok/001_1.wav,audio,27372,0.309841,pcm_s16le,44100,1,audio/x-wav,https://raw.githubusercontent.com/ZBZFirst/file/master/samples/tok/001_1.wav,86fb80272efa1beadb7bc01dc55cdb8ccfc108532ec72331fdbc9f3c20f37f9d
tok/002_2.wav,audio,27136,0.307166,pcm_s16le,44100,1,audio/x-wav,https://raw.githubusercontent.com/ZBZFirst/file/master/samples/tok/002_2.wav,c6623fba741fc8ba0ed95a3aa5a106477c43eeb9021a2bda59acb3a256ea3780
tok/003_3.wav,audio,25932,0.293515,pcm_s16le,44100,1,audio/x-wav,https://raw.githubusercontent.com/ZBZFirst/file/master/samples/tok/003_3.wav,692c6f31d399145a03244ac02e1d32d8eef2728afe91d72f33bc5dade9f5c03f
toys/000_ClassicalMusic.wav,audio,429194,2.43229,pcm_s16le,44100,2,audio/x-wav,https://raw.githubusercontent.com/ZBZFirst/file/master/samples/toys/000_ClassicalMusic.wav,5f204cb331b51b49512bf8a4d9896d9700038f40599178228ba95ac6ab70d1af
toys/001_ClassicalMusic-Notes.wav,audio,161626,0.915465,pcm_s16le,44100,2,audio/x-wav,https://raw.githubusercontent.com/ZBZFirst/file/master/samples/toys/001_ClassicalMusic-Notes.wav,7b8c3cd3c1aa9f36a73dd8a0185fd34c8effe8f2a5b5b8f63c38781b0f714b3e
toys/002_ClassicalMusic-Words.wav,audio,267722,1.516916,pcm_s16le,44100,2,audio/x-wav,https://raw.githubusercontent.com/ZBZFirst/file/master/samples/toys/002_ClassicalMusic-Words.wav,97e0b85ec4d58f04c61217abb65600bc38eda6fe20d73b2e6f1de97e16480466
toys/003_Colors.wav,audio,345738,1.959184,pcm_s16le,44100,2,audio/x-wav,https://raw.githubusercontent.com/ZBZFirst/file/master/samples/toys/003_Colors.wav,3ddd156772b0514527421d3f434cf6865ec3b861932bfe38462431e1986c151d
toys/004_Colors-Notes.wav,audio,181354,1.027302,pcm_s16le,44100,2,audio/x-wav,https://raw.githubusercontent.com/ZBZFirst/file/master/samples/toys/004_Colors-Notes.wav,2c2941c0993dde998b19de1bbee6a0409ed31c063925f8f6a763bcd91f346d54
toys/005_Colors-Words.wav,audio,164522,0.931882,pcm_s16le,44100,2,audio/x-wav,https://raw.githubusercontent.com/ZBZFirst/file/master/samples/toys/005_Colors-Words.wav,626e59602a882ac6ba9c5a125876d3c56375c4be58edc62792f77d19bbcd9aba
toys/006_MusicalMedley.wav,audio,424074,2.403265,pcm_s16le,44100,2,audio/x-wav,https://raw.githubusercontent.com/ZBZFirst/file/master/samples/toys/006_MusicalMedley.wav,59ca6af14cebe03bb3596a8c5b8a4b606e988b25999ff5ec98fed887a2891f0e
toys/007_MusicalMedley-Notes.wav,audio,172042,0.974512,pcm_s16le,44100,2,audio/x-wav,https://raw.githubusercontent.com/ZBZFirst/file/master/samples/toys/007_MusicalMedley-Notes.wav,8847e713e850156328b07fd14bf1abfcfbc0cc2bd20e1189ff3eb578cd3b8b9b
toys/008_MusicalMedley-Words.wav,audio,252170,1.428753,pcm_s16le,44100,2,audio/x-wav,https://raw.githubusercontent.com/ZBZFirst/file/master/samples/toys/008_MusicalMedley-Words.wav,ea57aa5139331db5322ea2709d9425eab21b29a14c30e7588633711620d8d13c
toys/009_Numbers.wav,audio,358026,2.028844,pcm_s16le,44100,2,audio/x-wav,https://raw.githubusercontent.com/ZBZFirst/file/master/samples/toys/009_Numbers.wav,aabe3de4d8e6ef06691dd2905739b8aea469a146146f197c9b1b0915f3a63454
toys/010_Numbers-Notes.wav,audio,151178,0.856236,pcm_s16le,44100,2,audio/x-wav,https://raw.githubusercontent.com/ZBZFirst/file/master/samples/toys/010_Numbers-Notes.wav,07bbcbeee02e74149501181e41ba98c83efbea623ff4e9505a0dcd43751596b7
toys/011_Numbers-Words.wav,audio,206986,1.172608,pcm_s16le,44100,2,audio/x-wav,https://raw.githubusercontent.com/ZBZFirst/file/master/samples/toys/011_Numbers-Words.wav,c056905509fe7df9fd5fde01d252b4c8dafd90230572c882f864b34bbd7ff63b
toys/012_ToyNotes.wav,audio,605806,3.433039,pcm_s16le,44100,2,audio/x-wav,https://raw.githubusercontent.com/ZBZFirst/file/master/samples/toys/012_ToyNotes.wav,35133dfdfd059f91797fde44eb23ff749b0c80ecba04b815ba9686672e9dce4d
trump/000_tightstabb.wav,audio,24596,0.277188,pcm_s16le,44100,1,audio/x-wav,https://raw.githubusercontent.com/ZBZFirst/file/master/samples/trump/000_tightstabb.wav,ad721ec95f54ae6772211938afcc5cc5faee97d172282279f6c88e401e685a7b
trump/001_tightstabblowoct.wav,audio,26132,0.294603,pcm_s16le,44100,1,audio/x-wav,https://raw.githubusercontent.com/ZBZFirst/file/master/samples/trump/001_tightstabblowoct.wav,63eae348a5cd582ead50feb121a203f62b2b3b7c6d0563c1ff4bbfd8e12b77b0
trump/002_tightstabe.wav,audio,39122,0.441882,pcm_s16le,44100,1,audio/x-wav,https://raw.githubusercontent.com/ZBZFirst/file/master/samples/trump/002_tightstabe.wav,6978761fc62b69074b227d2bf8739c846a4e63c9c5530a853227161ed2c93815
trump/003_tightstabg.wav,audio,21524,0.242358,pcm_s16le,44100,1,audio/x-wav,https://raw.githubusercontent.com/ZBZFirst/file/master/samples/trump/003_tightstabg.wav,777a493966866595e5461934a6bb2a5441c30fb532ab3807fecb3366a83cbdc8
trump/004_trumpfunk107a.wav,audio,278678,3.157914,pcm_s16le,44100,1,audio/x-wav,https://raw.githubusercontent.com/ZBZFirst/file/master/samples/trump/004_trumpfunk107a.wav,092be94205bd381aa142d7e59625ac5d996974c09162162b0c0691c4e7e81bc9
trump/005_trumpstabb.wav,audio,52820,0.597188,pcm_s16le,44100,1,audio/x-wav,https://raw.githubusercontent.com/ZBZFirst/file/master/samples/trump/005_trumpstabb.wav,023f0cec1d180aec31ac250994326d4657514630ba21030333b5a1b100ccc38d
trump/006_trumpstabblowoct.wav,audio,62356,0.705306,pcm_s16le,44100,1,audio/x-wav,https://raw.githubusercontent.com/ZBZFirst/file/master/samples/trump/006_trumpstabblowoct.wav,81faf54edae9ebb21ea7a8b82712a72519a4d549b641754b1f6d85854391d346
trump/007_trumpstabe.wav,audio,46868,0.529705,pcm_s16le,44100,1,audio/x-wav,https://raw.githubusercontent.com/ZBZFirst/file/master/samples/trump/007_trumpstabe.wav,88599176f67f17be22bc394fc6213493087abd74c86bac392f32641bce048463
trump/008_trumpstabg.wav,audio,45332,0.51229,pcm_s16le,44100,1,audio/x-wav,https://raw.githubusercontent.com/ZBZFirst/file/master/samples/trump/008_trumpstabg.wav,57355b2376e09f39b1d28dac4070190ad791585ddf1e8a1c6d65336e581cbc02
trump/009_trumpstabschord.wav,audio,100500,0.568889,pcm_s16le,44100,2,audio/x-wav,https://raw.githubusercontent.com/ZBZFirst/file/master/samples/trump/009_trumpstabschord.wav,76fd5b4a9c5ffb2d593e6dfc1ac7c6d15198472ad7152e7ed4935801d9b5473f
trump/010_trumptightstabschord.wav,audio,72036,0.407528,pcm_s16le,44100,2,audio/x-wav,https://raw.githubusercontent.com/ZBZFirst/file/master/samples/trump/010_trumptightstabschord.wav,74f720103af45584a5e991b7094bf4e628c4936c1b3acab8437b2512fb4645cb
ul/000_beep.wav,audio,79478,0.9,pcm_s16le,44100,1,audio/x-wav,https://raw.githubusercontent.com/ZBZFirst/file/master/samples/ul/000_beep.wav,72c1a5f6f6e925166562f133b638db471de56b764a8045eb03669b7a67dc7441
ul/001_little-whip.wav,audio,17738,0.2,pcm_s16le,44100,1,audio/x-wav,https://raw.githubusercontent.com/ZBZFirst/file/master/samples/ul/001_little-whip.wav,fd1f87c9488b7f89486d52942c431c768e083ff03100f441f04b66c31d04d2c4
ul/002_ulhh.wav,audio,25872,0.292222,pcm_s16le,44100,1,audio/x-wav,https://raw.githubusercontent.com/ZBZFirst/file/master/samples/ul/002_ulhh.wav,fab9e6e46a3c059b2b6fcf353002edd33f6c65f9001f3c23789fd029687ae3f4
ul/003_ulkick.wav,audio,79478,0.9,pcm_s16le,44100,1,audio/x-wav,https://raw.githubusercontent.com/ZBZFirst/file/master/samples/ul/003_ulkick.wav,b15834c55cda54cdf552b8b2afbbd15f08b5a3517f279078e30fe5d6c74d342a
ul/004_ulnoisey-kick.wav,audio,26558,0.3,pcm_s16le,44100,1,audio/x-wav,https://raw.githubusercontent.com/ZBZFirst/file/master/samples/ul/004_ulnoisey-kick.wav,346d3f7601cbf42d73b8dba3bb2288b9a6b8ce219a71c1fd2deaed9099692e17
ul/005_ulnoisey-run.wav,audio,53018,0.6,pcm_s16le,44100,1,audio/x-wav,https://raw.githubusercontent.com/ZBZFirst/file/master/samples/ul/005_ulnoisey-run.wav,12e7b49eb0b67c4df00faffddbc0a63c31857f84844f0b2191e929400fa8cc21
ul/006_ulnoisey-snare.wav,audio,26558,0.3,pcm_s16le,44100,1,audio/x-wav,https://raw.githubusercontent.com/ZBZFirst/file/master/samples/ul/006_ulnoisey-snare.wav,df5abd8c0bc517482e24702d4ce68a04d06c92335e6fee72f2bae2aaa7113f6e
ul/007_ulsnare.wav,audio,26558,0.3,pcm_s16le,44100,1,audio/x-wav,https://raw.githubusercontent.com/ZBZFirst/file/master/samples/ul/007_ulsnare.wav,3ec1f211d6ddd26cc6939ad5a8c5bc36e0b4baa03c74e828ba661136340a06cd
ul/008_ulsnare-reverb.wav,audio,211778,2.4,pcm_s16le,44100,1,audio/x-wav,https://raw.githubusercontent.com/ZBZFirst/file/master/samples/ul/008_ulsnare-reverb.wav,0c11211281ebd4ec8075b123dd0f9edbd5f6106f1220b1cbe74998909508585b
ul/009_ulsnare-reverse.wav,audio,26558,0.3,pcm_s16le,44100,1,audio/x-wav,https://raw.githubusercontent.com/ZBZFirst/file/master/samples/ul/009_ulsnare-reverse.wav,75521296f3ca562065d80296c2ff53c1013d8da52b6b283307c4f741001d8a75
ulgab/gab1.wav,audio,79478,0.9,pcm_s16le,44100,1,audio/x-wav,https://raw.githubusercontent.com/ZBZFirst/file/master/samples/ulgab/gab1.wav,b478a06fd270c515c65bd7e9885d1518f2adc242012fdd50a6fa6478ccaf03a6
ulgab/gab2.wav,audio,26558,0.3,pcm_s16le,44100,1,audio/x-wav,https://raw.githubusercontent.com/ZBZFirst/file/master/samples/ulgab/gab2.wav,e2dc1fdc20106aee13b3d4652efcd1e08a2f478792e458ff6c6eab1d5ba3413f
ulgab/gab3.wav,audio,26558,0.3,pcm_s16le,44100,1,audio/x-wav,https://raw.githubusercontent.com/ZBZFirst/file/master/samples/ulgab/gab3.wav,74dfe524f08597bc86c5450ef68a889ccdb6e8c10de0a93cb28cad5682d6f2d5
ulgab/gab4.wav,audio,53018,0.6,pcm_s16le,44100,1,audio/x-wav,https://raw.githubusercontent.com/ZBZFirst/file/master/samples/ulgab/gab4.wav,fcf14ceb5ce66e791f8eb2370ef5ce314774c795638a8a3357b2d6316eb71ef9
ulgab/gab5.wav,audio,53018,0.6,pcm_s16le,44100,1,audio/x-wav,https://raw.githubusercontent.com/ZBZFirst/file/master/samples/ulgab/gab5.wav,f0b8cbe0ba664ee7ae04cfc601d2cf25419ed73e3e4825248cf4dab36bf3822b
uxay/000_bar.wav,audio,40124,0.227211,pcm_s16le,44100,2,audio/x-wav,https://raw.githubusercontent.com/ZBZFirst/file/master/samples/uxay/000_bar.wav,b8906d49b8ae177d4cbedf783909ea3f127e7bb79e3a8ba0ec06210e036bc152
uxay/001_erk.wav,audio,48044,0.272109,pcm_s16le,44100,2,audio/x-wav,https://raw.githubusercontent.com/ZBZFirst/file/master/samples/uxay/001_erk.wav,01518311c73c40a153bf10c44d02534c2dd01083d8cf0eb64a8aae51d4f67797
uxay/002_foo.wav,audio,103244,0.585034,pcm_s16le,44100,2,audio/x-wav,https://raw.githubusercontent.com/ZBZFirst/file/master/samples/uxay/002_foo.wav,23c4f8c727bfbb663b57940db99dedf99ea79908973f664620bb8ef0877d132d
v/000_b_blipp01.wav,audio,22728,0.127732,pcm_s16le,44100,2,audio/x-wav,https://raw.githubusercontent.com/ZBZFirst/file/master/samples/v/000_b_blipp01.wav,92add15c4ba58cb8b47e9c7b08642617a8a7e9ded8f239a2764812513a48e83b
v/001_v_blipp02.wav,audio,11948,0.066621,pcm_s16le,44100,2,audio/x-wav,https://raw.githubusercontent.com/ZBZFirst/file/master/samples/v/001_v_blipp02.wav,a6685e12afd1177144b5b1f2d2a9e269085fb7a530234f475ac58b57b5063b16
v/002_v_perc3.wav,audio,70246,0.795102,pcm_s16le,44100,1,audio/x-wav,https://raw.githubusercontent.com/ZBZFirst/file/master/samples/v/002_v_perc3.wav,99057fa3f6f6d8f09dcbbcdca4ccbda57e4a9dac9a533397b34d7a9b8b00452f
v/003_v_perc5.wav,audio,25590,0.288798,pcm_s16le,44100,1,audio/x-wav,https://raw.githubusercontent.com/ZBZFirst/file/master/samples/v/003_v_perc5.wav,0b6d3b0b8c847c4934bbdf74e79d2d29dfef74027212ff5611eb23e72cfe3376
v/004_v_snare01.wav,audio,40684,0.230385,pcm_s16le,44100,2,audio/x-wav,https://raw.githubusercontent.com/ZBZFirst/file/master/samples/v/004_v_snare01.wav,6843644df20e42b143b399391adaf8d977b4bea47c40a782b3d0ea64c4ce344c
v/005_v_snare02.wav,audio,13484,0.07619,pcm_s16le,44100,2,audio/x-wav,https://raw.githubusercontent.com/ZBZFirst/file/master/samples/v/005_v_snare02.wav,bb5d596287ef5e3aa66df278fddab621a8b402bc2349cf4647618e342c1f0b13
voodoo/000_VoodooBass.wav,audio,13480,0.152336,pcm_s16le,44100,1,audio/x-wav,https://raw.githubusercontent.com/ZBZFirst/file/master/samples/voodoo/000_VoodooBass.wav,b437518121fc82e5ed97a4d7fb72a9be48a2e1714d88c43cf46deae4d1db6280
voodoo/001_VoodooHihat.wav,audio,10924,0.123356,pcm_s16le,44100,1,audio/x-wav,https://raw.githubusercontent.com/ZBZFirst/file/master/samples/voodoo/001_VoodooHihat.wav,4ff23a99ad440855577e044c2d1c68785b7d69f34037297e0f1f47cc3dc343be
voodoo/002_VoodooRim.wav,audio,2172,0.024127,pcm_s16le,44100,1,audio/x-wav,https://raw.githubusercontent.com/ZBZFirst/file/master/samples/voodoo/002_VoodooRim.wav,0d709834ca69c5444d502b612998883d900f6c9ad1d98c741d4f0984eb5de72e
voodoo/003_VoodooSnare.wav,audio,11100,0.125351,pcm_s16le,44100,1,audio/x-wav,https://raw.githubusercontent.com/ZBZFirst/file/master/samples/voodoo/003_VoodooSnare.wav,0d92337ab33ca2c031859236c7f738c761c8023b2767b86a1a09e33622a5e3a6
voodoo/004_VoodooTom.wav,audio,11308,0.12771,pcm_s16le,44100,1,audio/x-wav,https://raw.githubusercontent.com/ZBZFirst/file/master/samples/voodoo/004_VoodooTom.wav,6fb272cdebb778113b0efdaf38292cf488fa30e47303e7293abfa67889892a29
voodoo/ReadMe.txt,text,3680,,,,,text/plain,https://raw.githubusercontent.com/ZBZFirst/file/master/samples/voodoo/ReadMe.txt,bdabd7ae848bc3e33de36b80a0363a86d83c655f25562410bb95a122ce232249
wind/000_wind1.wav,audio,76010,0.860295,pcm_s16le,44100,1,audio/x-wav,https://raw.githubusercontent.com/ZBZFirst/file/master/samples/wind/000_wind1.wav,273a4e3fff09c416d1aa07f530cd0045ee9eff61da91d24af12f88246cb330fc
wind/001_wind10.wav,audio,105218,1.191451,pcm_s16le,44100,1,audio/x-wav,https://raw.githubusercontent.com/ZBZFirst/file/master/samples/wind/001_wind10.wav,8b8b3114089c076706a0c562de5cadcd8a66a56f7958469171f88ac4e8bda77c
wind/002_wind2.wav,audio,101102,1.144785,pcm_s16le,44100,1,audio/x-wav,https://raw.githubusercontent.com/ZBZFirst/file/master/samples/wind/002_wind2.wav,75c8431afc70e9c3de75ca0c64fb39fcd2be25a4f5edbac7903adba296f4a496
wind/003_wind3.wav,audio,86808,0.982721,pcm_s16le,44100,1,audio/x-wav,https://raw.githubusercontent.com/ZBZFirst/file/master/samples/wind/003_wind3.wav,710224008233d8f0eb775035c5bff62d2f63f3085004bcc026b0f918fd8221c7
wind/004_wind4.wav,audio,100074,1.133129,pcm_s16le,44100,1,audio/x-wav,https://raw.githubusercontent.com/ZBZFirst/file/master/samples/wind/004_wind4.wav,c638e62fb63afae025558e9139ec786f505d9160ff2d04c750a7bf942719e2d9
wind/005_wind5.wav,audio,98678,1.117302,pcm_s16le,44100,1,audio/x-wav,https://raw.githubusercontent.com/ZBZFirst/file/master/samples/wind/005_wind5.wav,e0731855a2a85efe0e8ce15c724e559bcdaeb428e9e6bb3980da7abdd83ad4ec
wind/006_wind6.wav,audio,89346,1.011497,pcm_s16le,44100,1,audio/x-wav,https://raw.githubusercontent.com/ZBZFirst/file/master/samples/wind/006_wind6.wav,9fd19002bd092a0c8cb5162c87e378d133ce5999b1209fd564b9f5e009e62395
wind/007_wind7.wav,audio,98126,1.111043,pcm_s16le,44100,1,audio/x-wav,https://raw.githubusercontent.com/ZBZFirst/file/master/samples/wind/007_wind7.wav,585c2ace0de9c6bf155cd1c3d79a1289f7767c332a1abce5abc3d577c003c095
wind/008_wind8.wav,audio,95860,1.085351,pcm_s16le,44100,1,audio/x-wav,https://raw.githubusercontent.com/ZBZFirst/file/master/samples/wind/008_wind8.wav,b3a7c674a9f8ee943c5b00fa6ebd3980a97948f5fa03d58450ab168364c405f1
wind/009_wind9.wav,audio,93490,1.058481,pcm_s16le,44100,1,audio/x-wav,https://raw.githubusercontent.com/ZBZFirst/file/master/samples/wind/009_wind9.wav,c703d218e100b753c81a594b4eac05f803dcec7c3233527a9f482ac81104f4cb
wobble/000_0.wav,audio,33312,0.375057,pcm_s16le,44100,1,audio/x-wav,https://raw.githubusercontent.com/ZBZFirst/file/master/samples/wobble/000_0.wav,e05b7e7928b99a7f5c60bfe23c632796812b3d8408fb60ca23d3e07fc6942831
world/bd.wav,audio,25108,0.284166,pcm_s16le,44101,1,audio/x-wav,https://raw.githubusercontent.com/ZBZFirst/file/master/samples/world/bd.wav,7fc84cc6c9fead786ec34418ee44f62645dab62747f076d6e07066ee03c695a9
world/gabbakick.wav,audio,11068,0.249977,pcm_s16le,22050,1,audio/x-wav,https://raw.githubusercontent.com/ZBZFirst/file/master/samples/world/gabbakick.wav,f4ebd59c6e2cd46a41a856760a2e5a307d8fb1025251fe554833ee02e93f4312
world/sn.wav,audio,13452,0.152015,pcm_s16le,44101,1,audio/x-wav,https://raw.githubusercontent.com/ZBZFirst/file/master/samples/world/sn.wav,883e9f11be656c9b9db92d870f1949704de8f3fb1d3faf3f30898e92f5bc6457
xmas/170535__cognito-perceptu__merry-christmas.wav,audio,272128,1.542426,pcm_s16le,44100,2,audio/x-wav,https://raw.githubusercontent.com/ZBZFirst/file/master/samples/xmas/170535__cognito-perceptu__merry-christmas.wav,b2eebcd1c6f73a30dd203744e0da7ae5bf8e5eed214bff1c8067de8aa68746d6
yeah/000_Sound0.wav,audio,1520,0.014603,pcm_s16le,44100,1,audio/x-wav,https://raw.githubusercontent.com/ZBZFirst/file/master/samples/yeah/000_Sound0.wav,83a263897e43f6bdf03687dd8dcd277d78b99c41b8669c145b3bf80a16eb2a09
yeah/001_Sound10.wav,audio,1892,0.018821,pcm_s16le,44100,1,audio/x-wav,https://raw.githubusercontent.com/ZBZFirst/file/master/samples/yeah/001_Sound10.wav,980b61af86d215d2f80b18bac47616585d5bc9e9099fa2b813c541f599e4a12a
yeah/002_Sound11.wav,audio,1932,0.019274,pcm_s16le,44100,1,audio/x-wav,https://raw.githubusercontent.com/ZBZFirst/file/master/samples/yeah/002_Sound11.wav,8fefa069d7a078487e6de6b9835ce1f32d49dc0c8dc923af762aeca59312e46b
yeah/003_Sound13.wav,audio,1114,0.01,pcm_s16le,44100,1,audio/x-wav,https://raw.githubusercontent.com/ZBZFirst/file/master/samples/yeah/003_Sound13.wav,b91934dd7b36520608ba1c3db27d7286998ec711729ed0cb0dc8e762b2c7e1d5
yeah/004_Sound14.wav,audio,1498,0.014354,pcm_s16le,44100,1,audio/x-wav,https://raw.githubusercontent.com/ZBZFirst/file/master/samples/yeah/004_Sound14.wav,d8c94393ba77ac03b52c2e833a8b618472aa89836df0b3300493316c15afe268
yeah/005_Sound15.wav,audio,1776,0.017506,pcm_s16le,44100,1,audio/x-wav,https://raw.githubusercontent.com/ZBZFirst/file/master/samples/yeah/005_Sound15.wav,464a1231e7d1d6db4c276d42b2a337b9436fe9b7372084aba901bf4c37747e8e
yeah/006_Sound17.wav,audio,1444,0.014875,pcm_s16le,44100,1,audio/x-wav,https://raw.githubusercontent.com/ZBZFirst/file/master/samples/yeah/006_Sound17.wav,0e1e6ca8484448b40f5125e90e474d2b8c031bf1d072d3d4e1cc47977c626e82
yeah/007_Sound18.wav,audio,1420,0.013469,pcm_s16le,44100,1,audio/x-wav,https://raw.githubusercontent.com/ZBZFirst/file/master/samples/yeah/007_Sound18.wav,93c3bef51a48e64331d207f49b872b0d15c135670592184c2087e54ff5c873c7
yeah/008_Sound19.wav,audio,1814,0.017937,pcm_s16le,44100,1,audio/x-wav,https://raw.githubusercontent.com/ZBZFirst/file/master/samples/yeah/008_Sound19.wav,ef6c9c1d55ba19b1c5d0c53ea295f204762312c67327e0fa6ec2038ae6982eac
yeah/009_Sound20.wav,audio,1456,0.013878,pcm_s16le,44100,1,audio/x-wav,https://raw.githubusercontent.com/ZBZFirst/file/master/samples/yeah/009_Sound20.wav,d4f94403252306066160a568a7ea9cc3fad3b3b360075777441ba566fa593ae8
yeah/010_Sound21.wav,audio,1782,0.017574,pcm_s16le,44100,1,audio/x-wav,https://raw.githubusercontent.com/ZBZFirst/file/master/samples/yeah/010_Sound21.wav,2a8dfc2ca42de5fb073b26a3fd0c23a8059aa6d3a279a8ef0eec6dcd0fbd1625
yeah/011_Sound22.wav,audio,1384,0.013061,pcm_s16le,44100,1,audio/x-wav,https://raw.githubusercontent.com/ZBZFirst/file/master/samples/yeah/011_Sound22.wav,ca8c4481d6857e86224e865b9f7440b805c2a68db2bcf321522a0d4bec3292a1
yeah/012_Sound23.wav,audio,1444,0.013741,pcm_s16le,44100,1,audio/x-wav,https://raw.githubusercontent.com/ZBZFirst/file/master/samples/yeah/012_Sound23.wav,ab71812978cac6ebcaef1fa2607edbd4a2f2d0367dff32611570fa8a1c145afe
yeah/013_Sound24.wav,audio,1956,0.019546,pcm_s16le,44100,1,audio/x-wav,https://raw.githubusercontent.com/ZBZFirst/file/master/samples/yeah/013_Sound24.wav,e773b568b6a0d0daa8bd665c91d68d0d828d931a6736e6b41f219678141e2dc6
yeah/014_Sound25.wav,audio,1960,0.019592,pcm_s16le,44100,1,audio/x-wav,https://raw.githubusercontent.com/ZBZFirst/file/master/samples/yeah/014_Sound25.wav,df81bf60620b3a1171ba4daeaa9668f228e7c81e3b417808e86428a9eee81694
yeah/015_Sound26.wav,audio,1472,0.014059,pcm_s16le,44100,1,audio/x-wav,https://raw.githubusercontent.com/ZBZFirst/file/master/samples/yeah/015_Sound26.wav,075af945d06270a8796e44ada33233f126e35f8858c8549e2d6cd97baa823ecf
yeah/016_Sound27.wav,audio,1172,0.010658,pcm_s16le,44100,1,audio/x-wav,https://raw.githubusercontent.com/ZBZFirst/file/master/samples/yeah/016_Sound27.wav,0a655d836cd81b0b01277931f6a78c1c4063a0f560328718d7a2f0e2ecdc788a
yeah/017_Sound28.wav,audio,1690,0.016531,pcm_s16le,44100,1,audio/x-wav,https://raw.githubusercontent.com/ZBZFirst/file/master/samples/yeah/017_Sound28.wav,3903f92fa93b965f36e7d24a3d3498bc2def01d132389ecad72d8d1abff66a6a
yeah/018_Sound29.wav,audio,1428,0.01356,pcm_s16le,44100,1,audio/x-wav,https://raw.githubusercontent.com/ZBZFirst/file/master/samples/yeah/018_Sound29.wav,74b2e2e06ca7c71a99290cb60a010329fb150bc285c3efb2723c7fcd999545c3
yeah/019_Sound3.wav,audio,1198,0.010952,pcm_s16le,44100,1,audio/x-wav,https://raw.githubusercontent.com/ZBZFirst/file/master/samples/yeah/019_Sound3.wav,6780772d90323bde2035a5fade82b3ed4d4fd90cd3b09844d3671893ffa052b3
yeah/020_Sound32.wav,audio,1798,0.017755,pcm_s16le,44100,1,audio/x-wav,https://raw.githubusercontent.com/ZBZFirst/file/master/samples/yeah/020_Sound32.wav,7058c77068f123c03a0fa2798fb21a3557ca30ffb043ff59288d919e4653d29c
yeah/021_Sound33.wav,audio,1502,0.014399,pcm_s16le,44100,1,audio/x-wav,https://raw.githubusercontent.com/ZBZFirst/file/master/samples/yeah/021_Sound33.wav,d36f89e4915eabe7abe35872c71f5334c5d2e3bc06ad5719da7a346e0420ca22
yeah/022_Sound34.wav,audio,1270,0.011769,pcm_s16le,44100,1,audio/x-wav,https://raw.githubusercontent.com/ZBZFirst/file/master/samples/yeah/022_Sound34.wav,4b8b8c2baa4e47d76d82a360b0d8f18b0d0b8c794d051cf7f0f317196ee29cb8
yeah/023_Sound35.wav,audio,924,0.007846,pcm_s16le,44100,1,audio/x-wav,https://raw.githubusercontent.com/ZBZFirst/file/master/samples/yeah/023_Sound35.wav,53fe1363c24e4907c53eda8f8cd91ca37344566ccefcb078f785c3a0f1fa7a0c
yeah/024_Sound36.wav,audio,1076,0.009569,pcm_s16le,44100,1,audio/x-wav,https://raw.githubusercontent.com/ZBZFirst/file/master/samples/yeah/024_Sound36.wav,70069fdcbd2ecccbc75ba37dc0abb14d049a3a01133a1b5379c59eda1d913080
yeah/025_Sound4.wav,audio,1428,0.01356,pcm_s16le,44100,1,audio/x-wav,https://raw.githubusercontent.com/ZBZFirst/file/master/samples/yeah/025_Sound4.wav,38ab6fb4925ffc8e2e218294aa5abcc9113cc336d058eaaedd050215e15406ee
yeah/026_Sound5.wav,audio,1412,0.013379,pcm_s16le,44100,1,audio/x-wav,https://raw.githubusercontent.com/ZBZFirst/file/master/samples/yeah/026_Sound5.wav,f177a1d0c792dd17da804fb3c13d86806419731468e9a014e7a4421e9df1d7b8
yeah/027_Sound6.wav,audio,1892,0.018821,pcm_s16le,44100,1,audio/x-wav,https://raw.githubusercontent.com/ZBZFirst/file/master/samples/yeah/027_Sound6.wav,a354ef15d9b4bb8585d41d26f9fd7de5aad23e492510b6c321ea5a0f4dc853fe
yeah/028_Sound7.wav,audio,1698,0.016621,pcm_s16le,44100,1,audio/x-wav,https://raw.githubusercontent.com/ZBZFirst/file/master/samples/yeah/028_Sound7.wav,f28a53494e40337ebcb7098eb1c90ed4bb396a46028872331bf725748bd389de
yeah/029_Sound8.wav,audio,1456,0.013878,pcm_s16le,44100,1,audio/x-wav,https://raw.githubusercontent.com/ZBZFirst/file/master/samples/yeah/029_Sound8.wav,062a46c86c6d295b54f412e4f15824dc9b40b325dc20ee5a87b8749cfc1aedbf
yeah/030_Sound9.wav,audio,1168,0.010612,pcm_s16le,44100,1,audio/x-wav,https://raw.githubusercontent.com/ZBZFirst/file/master/samples/yeah/030_Sound9.wav,ecf695749cb357165b538dadc21d3343f8422336e932916389d01ee1d464e1d5
